user_id,item_id,rating,timestamp
0,868,5,1000000000
0,1425,5,1000000269
0,837,5,1000000604
0,526,5,1000001505
0,161,5,1000002433
0,1168,5,1000003076
0,496,5,1000003208
0,393,4,1000004142
0,1726,5,1000004786
0,1824,4,1000005603
0,1400,4,1000005808
0,637,5,1000006412
0,1664,3,1000006574
0,1687,5,1000006651
0,423,4,1000007344
0,1534,3,1000007380
0,222,5,1000008089
0,1011,3,1000008131
0,1429,5,1000009083
0,325,4,1000009094
0,1192,5,1000009600
0,131,4,1000010480
0,706,4,1000010969
0,128,5,1000011208
0,95,3,1000011587
0,1467,3,1000012196
0,471,5,1000012793
0,1280,4,1000013540
0,1468,4,1000014119
0,142,5,1000014569
0,1507,4,1000015006
0,593,5,1000015471
0,905,4,1000015941
0,191,4,1000016206
0,1661,3,1000016633
0,1108,5,1000017217
0,1091,5,1000017931
1,1818,3,1000018024
1,1108,5,1000018662
1,837,4,1000019183
1,982,4,1000019782
1,1142,5,1000020651
1,1622,4,1000020965
1,1111,5,1000021712
1,1779,5,1000022207
1,423,4,1000023008
1,1467,3,1000023820
1,645,4,1000024070
1,1034,5,1000024760
1,1478,4,1000025124
1,204,4,1000025884
1,1919,4,1000026807
1,1037,5,1000027298
1,1038,4,1000028283
1,527,5,1000029029
1,1468,5,1000029837
1,1924,4,1000030347
1,631,5,1000030507
1,1182,4,1000031246
1,462,5,1000031289
1,1266,4,1000031845
1,478,5,1000032705
1,376,5,1000033441
1,0,4,1000034240
1,1058,5,1000034642
1,363,3,1000035323
1,1433,3,1000035891
1,1936,4,1000036795
1,1296,4,1000037585
1,377,5,1000038008
1,54,4,1000038356
1,1485,5,1000039347
1,889,5,1000040215
1,1920,4,1000040950
1,1097,5,1000041838
1,297,5,1000042297
1,939,4,1000042318
1,368,5,1000042972
1,1764,3,1000043637
1,1367,3,1000043962
1,647,4,1000044810
1,1061,4,1000045063
1,1323,4,1000045535
1,1533,4,1000046208
1,161,4,1000047122
1,65,5,1000047655
1,213,3,1000048532
1,775,3,1000049431
1,973,4,1000050373
1,246,5,1000051261
1,815,3,1000051836
1,932,5,1000052616
2,837,3,1000052796
2,667,5,1000052827
2,1901,4,1000053793
2,199,5,1000054468
2,683,4,1000054722
2,1986,5,1000055030
2,140,4,1000055833
2,370,4,1000056614
2,1969,3,1000056859
2,1033,3,1000056941
2,257,3,1000057335
2,493,3,1000058333
2,423,5,1000058605
2,1108,5,1000058684
2,1643,4,1000058790
2,834,3,1000059335
2,1718,5,1000059444
2,1475,4,1000059856
2,165,3,1000060113
2,1558,3,1000060295
2,810,4,1000061280
2,1467,4,1000061462
2,365,4,1000062313
2,450,4,1000062895
2,1505,3,1000063703
2,1587,3,1000063718
2,778,5,1000064146
2,1791,4,1000065136
2,971,4,1000065778
2,1237,5,1000066154
2,1040,3,1000066854
2,1303,4,1000067480
2,1807,5,1000068360
2,1480,3,1000068812
2,1114,5,1000069075
2,1346,4,1000069402
2,1282,3,1000070196
2,903,4,1000070905
2,1312,4,1000071723
2,915,3,1000072459
2,1594,3,1000073087
2,1927,5,1000073387
2,1921,4,1000073413
2,1690,5,1000074155
2,1281,5,1000074815
2,1585,4,1000075317
2,392,4,1000075842
2,996,5,1000075976
2,500,5,1000076576
3,1429,5,1000076827
3,837,5,1000076963
3,989,4,1000077369
3,1169,4,1000078209
3,524,4,1000079049
3,1397,4,1000079443
3,423,4,1000079514
3,1530,4,1000079644
3,142,4,1000079964
3,1523,5,1000079999
3,1215,5,1000080072
3,653,4,1000080650
3,1765,5,1000081411
3,1519,3,1000082265
3,204,3,1000082877
3,1548,4,1000083854
3,1198,4,1000084073
3,648,4,1000084865
3,241,3,1000085000
3,1433,3,1000085362
3,1108,3,1000086321
3,441,4,1000086416
3,1127,4,1000086504
3,1957,5,1000087030
3,976,4,1000087217
3,1042,5,1000087234
3,328,4,1000087834
3,1088,3,1000088744
3,324,5,1000089106
3,1673,4,1000089904
3,526,3,1000090801
3,1204,4,1000091045
3,1197,5,1000091639
4,837,4,1000092548
4,1309,4,1000093343
4,1886,4,1000093577
4,1073,4,1000093798
4,246,5,1000093911
4,1070,4,1000094282
4,1108,4,1000094368
4,1380,4,1000094672
4,1058,3,1000095027
4,1130,4,1000095506
4,599,5,1000096154
4,463,4,1000096532
4,1468,4,1000097099
4,1779,4,1000097241
4,1174,3,1000097468
4,526,5,1000098366
4,415,3,1000098694
4,601,5,1000099661
4,423,4,1000099724
4,1857,5,1000099818
4,1855,5,1000100620
4,1018,4,1000101506
4,60,4,1000101932
4,1188,4,1000102372
4,1165,4,1000103000
4,39,4,1000103975
4,1661,3,1000104039
4,1265,5,1000104142
4,1467,3,1000104266
4,1038,5,1000105130
4,1263,4,1000105732
4,540,5,1000106512
4,1956,4,1000107039
4,826,5,1000107111
4,294,5,1000107589
4,95,5,1000108421
4,1314,4,1000109229
4,1977,4,1000109666
4,1739,5,1000110413
4,1398,5,1000110834
4,1987,5,1000111574
4,1433,5,1000112496
4,696,4,1000112845
4,1244,5,1000113547
4,133,5,1000114141
4,435,4,1000114727
4,887,4,1000115147
4,387,4,1000115370
4,1897,5,1000115539
4,1997,5,1000115647
4,747,4,1000115956
4,1406,4,1000116370
4,871,5,1000117093
4,271,5,1000117779
5,837,4,1000118423
5,1006,4,1000119267
5,1108,3,1000120218
5,1050,3,1000120923
5,1024,5,1000121743
5,1027,5,1000121746
5,1564,5,1000122451
5,1870,5,1000123022
5,423,4,1000123297
5,1029,4,1000124280
5,1619,3,1000124909
5,370,3,1000124988
5,1191,3,1000124994
5,828,5,1000125066
5,150,4,1000125324
5,1110,5,1000126097
5,1083,5,1000126894
5,367,5,1000127421
5,1230,5,1000127812
5,1120,5,1000128212
5,1551,4,1000128955
5,737,5,1000129145
6,9,5,1000129674
6,837,3,1000129694
6,283,4,1000129892
6,1913,5,1000129991
6,30,4,1000130952
6,1062,4,1000131280
6,822,4,1000131606
6,1879,4,1000132585
6,115,4,1000133564
6,1964,3,1000134551
6,1934,4,1000134980
6,397,3,1000135297
6,1618,4,1000136153
6,23,3,1000136460
6,423,3,1000136867
6,294,3,1000136937
6,399,4,1000137211
6,1129,5,1000137337
6,252,5,1000138147
6,1427,5,1000138498
6,1724,5,1000138925
6,1841,4,1000139707
7,837,5,1000139924
7,1970,4,1000140860
7,423,4,1000140991
7,1824,3,1000141454
7,1332,4,1000142131
7,1436,3,1000142401
7,1294,4,1000143112
7,776,5,1000143449
7,1141,3,1000144162
7,1108,5,1000144954
7,615,4,1000145806
7,1434,5,1000146156
7,1172,4,1000146920
7,966,5,1000147130
7,50,5,1000147688
7,332,5,1000148527
7,249,5,1000149105
7,840,5,1000149482
7,485,3,1000150337
7,1837,4,1000150462
7,1012,4,1000150628
7,1630,5,1000150801
7,1780,5,1000151372
7,881,5,1000151433
7,1467,3,1000151850
7,517,3,1000152341
7,1418,4,1000152876
7,913,5,1000153137
7,25,4,1000153682
7,1918,3,1000154518
7,1754,3,1000154877
7,663,5,1000155758
7,1999,4,1000156731
7,730,4,1000157178
7,1065,5,1000157437
7,1730,3,1000157811
7,695,4,1000158168
7,1054,4,1000159163
8,837,4,1000159424
8,1245,5,1000159936
8,1813,4,1000160450
8,423,3,1000161119
8,1525,4,1000161657
8,907,5,1000162051
8,874,3,1000162959
8,12,5,1000163714
8,1937,4,1000164598
8,146,4,1000164808
8,523,3,1000164831
8,1211,4,1000165800
8,1287,5,1000166121
8,250,5,1000166802
8,866,5,1000167160
8,930,4,1000167505
8,617,5,1000167527
8,654,4,1000167759
8,619,5,1000168516
8,386,5,1000169050
8,101,5,1000169662
8,581,3,1000169712
8,1959,3,1000169798
8,670,5,1000169945
8,411,5,1000170877
8,774,4,1000171816
8,1217,3,1000171933
8,1536,4,1000172120
8,750,5,1000172489
8,1256,4,1000173285
8,1001,5,1000173430
8,1656,3,1000174071
8,1108,5,1000174758
8,639,4,1000175157
8,1381,5,1000175800
8,1606,4,1000175915
8,963,4,1000176794
8,1969,3,1000177595
8,1735,5,1000178047
8,1537,4,1000178819
8,1254,4,1000178946
9,431,3,1000179504
9,1513,3,1000179816
9,1906,5,1000180651
9,837,5,1000181434
9,183,5,1000181931
9,151,4,1000182229
9,1731,4,1000182300
9,1056,3,1000183122
9,1881,5,1000183185
9,834,4,1000183265
9,600,4,1000183672
9,1596,4,1000184023
9,1633,3,1000184653
9,423,3,1000185598
9,1577,4,1000185830
9,196,3,1000186619
9,509,4,1000187098
9,252,4,1000187133
9,49,4,1000187333
9,310,5,1000187348
9,1922,5,1000188235
9,1108,4,1000189090
9,971,5,1000189739
9,757,5,1000190059
9,1361,4,1000190994
9,273,4,1000191531
9,553,4,1000192277
9,1277,3,1000192792
9,961,4,1000192813
9,1506,4,1000193772
9,1780,5,1000194293
9,1630,5,1000194505
9,353,4,1000195232
10,1473,4,1000195328
10,837,4,1000195596
10,388,5,1000196014
10,415,5,1000196298
10,609,5,1000196836
10,1108,5,1000197686
10,551,4,1000197800
10,1958,3,1000197973
10,472,5,1000198545
10,1670,3,1000199119
10,1356,4,1000200071
10,1020,5,1000200081
10,423,4,1000200262
10,42,5,1000200601
10,345,4,1000200779
10,705,4,1000201594
10,1618,4,1000202055
10,1486,4,1000202096
10,1300,4,1000202576
10,1015,4,1000202942
10,435,5,1000203850
10,175,5,1000203874
10,1315,4,1000204424
10,1285,4,1000204482
10,743,3,1000205272
10,899,3,1000205741
10,950,5,1000205902
10,497,5,1000206348
11,837,3,1000207347
11,860,3,1000207562
11,144,5,1000207921
11,1108,3,1000208457
11,586,3,1000209359
11,1847,4,1000210175
11,1475,5,1000210542
11,318,5,1000211113
11,1014,4,1000211274
11,1083,3,1000212237
11,1563,5,1000212615
11,922,4,1000213355
11,131,4,1000213973
11,305,5,1000214596
11,486,5,1000215501
11,781,5,1000215720
11,1241,4,1000216336
11,1203,4,1000216857
11,495,4,1000217561
11,423,5,1000217597
11,403,4,1000218595
11,255,5,1000219013
11,1817,5,1000219587
11,1421,3,1000220276
11,1767,4,1000221054
11,1904,5,1000221837
11,1119,5,1000222733
11,166,4,1000222833
11,320,4,1000223501
11,16,4,1000224375
11,1746,5,1000225184
11,1466,5,1000225367
11,624,4,1000226093
11,464,3,1000226417
11,1467,3,1000227159
11,1790,3,1000228145
11,675,5,1000228562
11,1713,3,1000229099
11,1753,5,1000230000
11,1781,5,1000230496
11,616,5,1000231005
11,331,3,1000231630
11,935,3,1000232207
11,620,5,1000232905
11,103,4,1000233402
11,1391,3,1000233889
11,1773,5,1000234262
11,1946,5,1000234316
11,1375,5,1000234643
11,1906,3,1000234727
12,1304,4,1000234981
12,695,4,1000235778
12,837,3,1000236634
12,128,4,1000237007
12,648,3,1000237273
12,1108,4,1000238056
12,1188,4,1000238711
12,1116,5,1000239331
12,423,4,1000239572
12,1957,4,1000240125
12,1759,3,1000240863
12,497,4,1000240899
12,1869,4,1000241340
12,1628,5,1000241930
12,1888,5,1000242746
12,1994,4,1000243443
12,890,4,1000244026
12,1467,5,1000244032
12,94,5,1000244320
12,1397,5,1000245116
12,895,5,1000245383
12,109,5,1000246305
12,697,3,1000246730
12,1379,4,1000247260
12,163,4,1000247288
12,1110,5,1000248127
12,275,4,1000248479
12,1042,4,1000249157
12,1080,3,1000249438
12,1260,4,1000250275
12,868,5,1000251002
12,1020,3,1000251943
12,327,3,1000252634
12,958,5,1000253423
12,703,5,1000253512
12,1302,4,1000254391
12,877,5,1000254819
12,1546,5,1000255482
12,414,5,1000255684
12,513,4,1000255886
12,82,4,1000256181
12,1058,5,1000256437
12,1642,5,1000256816
12,1520,4,1000257733
12,886,4,1000258579
12,357,4,1000258942
12,1730,3,1000259655
12,96,4,1000260458
13,837,4,1000260871
13,635,4,1000261326
13,1311,5,1000261356
13,759,4,1000261443
13,977,4,1000261503
13,1199,5,1000261866
13,1762,5,1000262086
13,166,5,1000262165
13,423,3,1000262700
13,1041,4,1000263397
13,910,5,1000263547
13,1872,3,1000264012
13,858,5,1000264596
13,1943,4,1000265458
13,673,4,1000265763
13,1236,5,1000266559
13,453,5,1000267504
13,588,4,1000267858
13,1843,5,1000268046
13,975,4,1000268065
13,412,5,1000268574
13,997,4,1000268728
13,1102,5,1000268869
13,1108,5,1000269789
13,1542,5,1000270689
13,329,5,1000271229
13,706,4,1000271280
13,1051,4,1000271852
13,1464,5,1000272503
13,1021,5,1000273445
13,537,3,1000274021
13,1618,4,1000274306
13,430,3,1000274491
13,486,4,1000274708
13,1696,4,1000275401
13,1522,3,1000276184
13,1322,4,1000276254
13,74,4,1000276306
13,295,4,1000276612
13,1056,4,1000276656
13,1528,3,1000276871
13,971,5,1000277600
13,30,4,1000277963
13,415,4,1000278470
13,1258,5,1000279067
13,1467,4,1000279079
13,68,5,1000279493
13,103,4,1000280461
13,214,5,1000281116
13,1136,5,1000281151
13,283,5,1000281210
13,1409,4,1000281586
13,1582,3,1000281946
13,1927,3,1000282266
13,1899,4,1000283207
14,837,4,1000283489
14,1360,5,1000284303
14,361,5,1000285299
14,135,4,1000285858
14,447,5,1000286258
14,59,5,1000286284
14,1108,5,1000286696
14,1551,5,1000287241
14,1308,5,1000287390
14,1752,5,1000287978
14,1559,4,1000288065
14,1544,3,1000288742
14,1632,5,1000289328
14,1831,5,1000289569
14,644,4,1000289866
14,1717,3,1000290197
14,1719,5,1000290777
14,1377,4,1000291041
14,1826,4,1000291480
14,177,4,1000291725
14,1608,5,1000292621
14,106,4,1000293350
14,572,4,1000293367
14,286,4,1000293958
14,851,3,1000294759
15,348,5,1000295079
15,1347,5,1000295519
15,492,3,1000295564
15,837,4,1000296397
15,1360,5,1000296926
15,1649,3,1000297713
15,664,5,1000297912
15,1067,5,1000297949
15,1880,3,1000298674
15,981,5,1000299436
15,1108,4,1000299696
15,1578,4,1000300058
15,1017,4,1000300660
15,1666,5,1000301567
15,1056,3,1000302513
15,1469,4,1000303252
15,779,4,1000304189
15,1703,5,1000304427
15,452,4,1000304824
15,423,5,1000305768
15,1898,3,1000306347
15,767,4,1000307285
15,1911,4,1000308229
15,41,4,1000309007
15,817,4,1000309705
15,1925,5,1000310633
15,1951,5,1000311283
15,415,4,1000311472
15,1200,4,1000312296
15,174,3,1000312599
15,1140,5,1000313153
15,251,4,1000313468
15,1549,4,1000313792
15,1830,4,1000314136
15,355,4,1000314420
15,947,4,1000315060
15,220,4,1000315643
15,691,3,1000315782
15,136,4,1000316608
15,510,4,1000316828
16,1488,3,1000317349
16,823,3,1000317868
16,837,5,1000318263
16,981,5,1000318871
16,1061,4,1000319704
16,1938,4,1000320240
16,738,5,1000321007
16,1897,4,1000321017
16,1066,3,1000321584
16,407,5,1000322334
16,1595,5,1000323161
16,1160,5,1000323742
16,256,3,1000324706
16,1707,4,1000325367
16,1306,4,1000326098
16,965,5,1000326485
16,1444,5,1000326642
16,423,4,1000327537
16,1703,4,1000327804
16,1618,5,1000328659
16,822,4,1000329406
16,746,4,1000329927
16,197,4,1000330400
16,1954,3,1000330510
16,1867,3,1000331014
16,1929,5,1000331159
16,251,4,1000331560
16,1660,5,1000332294
16,1196,5,1000332544
16,1072,3,1000332654
16,1582,5,1000333113
16,731,5,1000333906
16,1518,4,1000334321
16,808,4,1000335258
16,1833,5,1000335261
16,604,4,1000335409
16,387,4,1000335802
16,1405,3,1000336562
16,415,5,1000337314
16,1924,4,1000337733
16,1340,5,1000338400
16,562,4,1000339226
16,528,3,1000340120
16,1840,4,1000340290
16,1266,4,1000340598
16,1772,5,1000340958
16,316,4,1000341876
16,1842,3,1000342643
16,1108,4,1000343072
16,1373,5,1000344003
16,947,5,1000344067
16,232,5,1000344824
16,1942,4,1000345038
16,1998,4,1000345692
16,936,3,1000346493
16,1914,3,1000346582
16,422,4,1000347222
16,269,5,1000347394
16,944,5,1000347607
17,837,4,1000347977
17,1250,5,1000348141
17,423,5,1000348828
17,100,3,1000349760
17,234,5,1000350060
17,1618,5,1000350772
17,1550,4,1000351723
17,1108,4,1000352409
17,618,3,1000353045
17,1600,5,1000353340
17,468,5,1000353995
17,486,4,1000354938
17,1612,4,1000354996
17,1923,5,1000355090
17,1055,5,1000355617
17,660,4,1000356273
17,943,5,1000356582
17,1311,4,1000357133
17,931,4,1000357698
17,1041,3,1000358662
17,241,5,1000358872
17,583,4,1000358898
17,330,5,1000359753
17,742,4,1000360516
17,1948,5,1000360915
17,1056,3,1000361713
17,789,4,1000362429
17,1400,4,1000363193
17,793,5,1000363660
17,818,3,1000364073
17,1464,5,1000364201
17,134,3,1000364635
17,989,5,1000364963
17,1004,3,1000365755
17,1541,5,1000366722
17,1972,3,1000366875
17,1630,5,1000367377
17,937,5,1000367456
17,321,4,1000367999
18,1439,3,1000368655
18,837,5,1000369567
18,1266,5,1000369764
18,79,3,1000370398
18,800,5,1000370629
18,1235,4,1000371372
18,1301,3,1000371485
18,71,4,1000372057
18,552,5,1000372065
18,1375,4,1000372910
18,1176,5,1000373252
18,1421,5,1000374158
18,1764,5,1000374709
18,318,4,1000375045
18,1252,5,1000375653
18,1050,5,1000376224
18,682,3,1000376934
18,1710,5,1000377284
18,1579,4,1000377961
18,516,4,1000378871
18,1663,4,1000379745
18,33,4,1000380699
18,1182,4,1000381566
18,520,5,1000382026
18,922,4,1000382394
18,1771,5,1000383222
18,1678,4,1000383916
18,521,5,1000384636
18,1108,4,1000385579
18,1056,4,1000386020
18,1929,3,1000386970
18,753,4,1000387605
18,1861,3,1000387865
18,422,4,1000388320
18,309,4,1000388904
18,1180,5,1000389205
18,679,4,1000389207
18,1938,4,1000389689
18,833,4,1000389830
18,379,4,1000390792
18,1622,3,1000391429
18,1604,4,1000391814
18,1373,3,1000392685
18,1467,5,1000393003
18,423,4,1000393776
18,1237,4,1000394435
19,1931,4,1000394862
19,938,4,1000395278
19,837,4,1000395738
19,817,5,1000396341
19,1108,3,1000397289
19,491,4,1000397505
19,458,3,1000397849
19,872,4,1000398507
19,275,4,1000398998
19,423,4,1000399317
19,846,5,1000399590
19,986,3,1000399933
19,597,5,1000400856
19,1743,5,1000401278
19,694,4,1000401735
19,973,3,1000401979
19,174,4,1000402868
19,1614,3,1000403474
19,1471,3,1000404459
19,25,5,1000404931
19,854,5,1000405660
19,1034,5,1000406475
19,589,3,1000407251
19,909,5,1000407632
19,1141,5,1000408240
19,41,3,1000408689
19,677,5,1000408935
19,1970,3,1000409706
19,116,5,1000409963
19,756,4,1000410746
19,889,3,1000411252
19,1436,5,1000411924
20,597,5,1000411960
20,423,5,1000412739
20,837,4,1000413595
20,823,4,1000414115
20,469,5,1000414837
20,282,3,1000415044
20,264,4,1000415873
20,1108,3,1000416076
20,479,4,1000416346
20,1292,4,1000416564
20,27,3,1000416757
20,210,5,1000417571
20,738,4,1000417841
20,349,5,1000418584
20,289,5,1000419006
20,1332,3,1000419106
20,1167,3,1000419671
20,1736,5,1000419940
20,1985,5,1000420908
20,443,3,1000420990
20,966,4,1000421666
20,1176,5,1000421819
20,1574,4,1000422617
20,722,3,1000422914
20,1270,5,1000423510
20,879,5,1000423644
20,1618,4,1000423896
20,1428,5,1000424131
20,28,4,1000424747
20,1442,5,1000425609
20,512,5,1000426428
20,1508,5,1000426604
20,1317,4,1000426935
20,1049,4,1000427312
21,593,4,1000427905
21,837,5,1000428672
21,423,4,1000429469
21,708,3,1000429661
21,1188,4,1000429811
21,107,3,1000430201
21,1198,5,1000430748
21,1618,4,1000430761
21,1477,4,1000431717
21,1344,4,1000432278
21,1970,5,1000432492
21,1846,3,1000432893
21,1780,4,1000433489
21,1451,4,1000433887
21,1207,4,1000433978
21,1168,4,1000434475
21,1536,5,1000435123
21,1108,5,1000435408
21,1467,3,1000435425
21,1796,5,1000436236
21,597,5,1000436540
21,1783,4,1000437143
21,271,5,1000437315
21,398,4,1000437593
21,341,3,1000438530
21,1293,3,1000438676
21,1415,3,1000439176
21,350,5,1000439442
21,1362,3,1000440040
21,357,5,1000440334
21,272,5,1000441117
21,282,4,1000441335
21,1190,3,1000441580
21,1504,4,1000442147
21,1189,4,1000442386
21,1568,3,1000443257
22,1765,5,1000443432
22,833,3,1000444202
22,837,4,1000444852
22,1226,4,1000445265
22,819,5,1000445509
22,762,4,1000445991
22,1474,3,1000446548
22,1108,4,1000447487
22,43,5,1000447992
22,1815,5,1000448761
22,423,4,1000449295
22,1813,3,1000450259
22,1220,4,1000451086
22,1810,3,1000451847
22,737,5,1000451926
22,66,4,1000452647
22,897,4,1000453364
22,1852,4,1000454220
22,306,5,1000454789
22,222,5,1000455287
22,108,4,1000455884
22,1539,3,1000456789
22,1565,4,1000457765
22,1429,3,1000457925
22,89,3,1000458807
22,1467,4,1000459594
22,911,5,1000459960
22,345,4,1000460082
22,587,5,1000460918
22,1016,5,1000461708
22,666,4,1000462350
22,1939,3,1000462388
22,979,3,1000462877
22,798,3,1000463670
23,837,4,1000464375
23,954,3,1000465250
23,1524,3,1000465611
23,1846,4,1000465827
23,1369,4,1000465967
23,879,3,1000465983
23,1039,4,1000466291
23,1247,5,1000466381
23,1952,4,1000466790
23,1579,4,1000467263
23,1099,5,1000467353
23,1108,5,1000467868
23,1329,5,1000468654
23,83,5,1000469176
23,350,3,1000469812
23,1754,5,1000470252
23,776,5,1000471087
23,1683,5,1000471579
23,900,3,1000472057
23,504,4,1000472427
23,1708,4,1000473030
24,849,5,1000473744
24,915,5,1000474066
24,1108,4,1000475006
24,423,4,1000475735
24,1293,4,1000476048
24,961,5,1000476859
24,126,4,1000476871
24,837,4,1000477236
24,607,5,1000477301
24,109,3,1000477735
24,382,4,1000477877
24,1312,5,1000478445
24,657,5,1000479046
24,457,5,1000479655
24,1215,5,1000480638
24,956,5,1000480987
24,777,4,1000481681
24,1140,4,1000481938
24,1927,3,1000482148
24,599,5,1000482797
24,1067,4,1000482827
24,987,3,1000483247
25,455,3,1000483658
25,837,3,1000483974
25,1767,5,1000484770
25,746,5,1000485514
25,951,3,1000485530
25,244,5,1000486314
25,1108,4,1000487196
25,779,5,1000487524
25,423,5,1000487904
25,1922,5,1000487954
25,1671,5,1000487969
25,752,4,1000488744
25,1498,5,1000489673
25,961,4,1000489739
25,508,3,1000490506
25,538,4,1000491415
25,960,5,1000491758
25,114,5,1000492119
25,507,4,1000492777
25,1618,4,1000493738
25,1992,4,1000494299
25,1221,4,1000494328
25,175,4,1000494517
25,1941,4,1000495111
25,1140,5,1000495509
25,1950,4,1000496133
25,1119,5,1000496144
25,1364,5,1000496487
25,1005,4,1000496808
25,588,4,1000497633
25,1135,4,1000497836
25,553,4,1000498736
25,1067,3,1000499140
25,368,5,1000500124
25,1229,3,1000500343
25,537,5,1000501193
25,594,5,1000501409
25,1111,5,1000501879
25,390,3,1000502182
25,1927,5,1000503054
25,950,4,1000503980
25,714,4,1000504901
25,68,5,1000504920
25,1682,3,1000504965
25,1312,5,1000505369
25,858,5,1000505683
25,1494,4,1000505912
25,1909,3,1000506903
25,783,3,1000507098
25,339,5,1000507586
26,1477,3,1000507656
26,923,4,1000508061
26,380,4,1000508419
26,469,5,1000508838
26,837,4,1000508876
26,423,5,1000509354
26,1736,4,1000509690
26,409,3,1000510507
26,1128,5,1000510860
26,802,4,1000511489
26,50,5,1000511615
26,1436,5,1000511826
26,1704,5,1000512172
26,741,5,1000512737
26,512,5,1000513692
26,1761,5,1000514360
26,1568,4,1000514789
26,1108,5,1000515314
26,415,4,1000515617
26,1079,3,1000516227
26,252,4,1000516613
26,234,4,1000517315
26,198,4,1000518016
26,1320,5,1000518372
26,236,4,1000518868
26,25,4,1000519728
26,1372,4,1000520171
26,660,5,1000520908
26,1334,3,1000520974
26,913,4,1000521030
26,49,4,1000521435
26,1605,5,1000521639
26,1026,4,1000522186
26,733,5,1000522324
26,1508,4,1000522690
26,1467,4,1000523524
26,677,4,1000524285
26,1973,5,1000524871
26,1357,4,1000525063
26,1225,5,1000525619
26,153,3,1000525893
26,583,4,1000526411
26,901,5,1000526590
26,1286,4,1000527538
26,1048,4,1000528025
26,1574,4,1000528736
26,547,4,1000529416
26,1644,4,1000529943
26,1589,4,1000530147
26,1592,5,1000531089
26,1811,4,1000531554
26,182,3,1000532221
26,1965,3,1000532813
26,1166,4,1000533018
26,468,5,1000533400
26,1993,3,1000534373
26,350,3,1000534484
26,710,5,1000534758
27,770,4,1000534959
27,837,4,1000535515
27,415,5,1000535686
27,93,5,1000536208
27,372,3,1000536421
27,1890,4,1000536562
27,1108,4,1000537383
27,1026,4,1000538036
27,1868,3,1000538709
27,1999,4,1000539519
27,1101,5,1000540182
27,1805,4,1000540303
27,1600,3,1000540566
27,1780,4,1000541284
27,1517,5,1000541887
27,484,3,1000542032
27,335,5,1000542641
27,423,3,1000542715
27,1914,5,1000543675
27,710,5,1000543900
27,916,4,1000544240
27,698,4,1000545094
27,589,3,1000545985
27,1029,5,1000546758
27,312,5,1000547215
27,1227,4,1000547313
27,528,4,1000548258
27,1721,3,1000548751
27,1639,5,1000549562
27,145,4,1000549908
27,380,3,1000550089
27,156,5,1000550618
27,1601,3,1000551599
27,562,5,1000551991
27,1078,4,1000552433
27,1310,5,1000552940
27,1931,5,1000553141
27,1012,5,1000553508
27,1829,4,1000554387
27,758,3,1000555020
27,1673,3,1000555172
27,491,3,1000555610
27,1460,5,1000555751
27,184,3,1000556346
27,1988,5,1000557086
27,1928,5,1000557818
27,945,5,1000558566
27,1056,4,1000559350
27,1230,5,1000559365
27,576,5,1000559726
27,1402,5,1000560707
27,1442,4,1000561496
27,296,4,1000562223
27,243,3,1000562545
27,1295,5,1000563544
27,210,4,1000564115
27,298,5,1000564907
27,44,3,1000565203
28,837,3,1000566082
28,596,5,1000566580
28,1466,4,1000567427
28,1244,4,1000568415
28,467,5,1000568723
28,902,4,1000569329
28,1467,4,1000569604
28,1326,5,1000569855
28,241,4,1000570558
28,1696,5,1000570857
28,1108,3,1000571249
28,1385,4,1000571426
28,351,3,1000572069
28,1840,4,1000572094
28,1993,4,1000572370
28,1673,4,1000573029
28,1519,4,1000573155
28,1851,5,1000573731
28,1682,5,1000573770
28,423,5,1000574562
28,996,3,1000574977
28,120,5,1000575815
28,1802,4,1000576730
28,18,3,1000577621
28,1488,4,1000578518
28,405,5,1000579122
28,441,3,1000579176
28,553,4,1000579701
28,269,3,1000580208
28,864,5,1000581090
28,354,4,1000582020
28,450,4,1000582312
28,167,5,1000583285
28,259,5,1000583535
28,1951,4,1000583936
28,524,5,1000584021
28,588,4,1000584104
28,291,5,1000584825
28,1542,3,1000585013
28,1830,5,1000585121
28,1587,5,1000585939
28,1229,3,1000586632
28,1618,5,1000587388
28,834,4,1000587905
28,1690,4,1000588023
28,1600,4,1000588540
28,7,4,1000589138
28,981,5,1000589514
28,506,3,1000590133
28,209,3,1000590370
28,1660,3,1000591218
29,276,3,1000591263
29,837,4,1000592258
29,220,4,1000592897
29,936,4,1000593880
29,1108,4,1000594714
29,767,4,1000594728
29,1467,5,1000594765
29,944,3,1000595372
29,272,3,1000595733
29,1113,5,1000596265
29,1858,4,1000596360
29,571,4,1000596710
29,98,3,1000597229
29,31,3,1000597813
29,1531,5,1000598314
29,1333,4,1000599022
29,1624,3,1000599080
29,219,3,1000599390
29,1618,5,1000600176
29,947,5,1000600989
29,1538,5,1000601033
29,423,4,1000601291
29,1363,4,1000601541
29,1657,5,1000601692
29,11,3,1000602520
29,415,4,1000602800
29,884,3,1000603154
29,1660,4,1000604110
29,1937,4,1000604756
29,1139,5,1000605356
29,463,5,1000606222
30,52,3,1000606991
30,1605,3,1000607495
30,837,4,1000607573
30,1353,3,1000607947
30,1225,5,1000608139
30,922,3,1000608672
30,1695,4,1000609550
30,719,4,1000610534
30,613,5,1000611463
30,989,5,1000611574
30,970,3,1000611639
30,1108,4,1000611745
30,1479,5,1000612433
30,415,4,1000612445
30,1594,5,1000613433
30,616,5,1000614040
30,154,4,1000614548
30,384,4,1000615362
30,1892,4,1000615759
30,141,4,1000616051
30,1204,4,1000616542
30,311,4,1000616682
30,860,3,1000616704
30,620,4,1000617014
30,1546,5,1000617371
30,967,5,1000617852
30,1619,3,1000618417
30,726,4,1000618620
30,1573,4,1000619004
30,1055,5,1000619161
30,441,4,1000619441
30,84,5,1000619622
30,1643,3,1000619701
30,423,3,1000620210
30,1250,3,1000620560
30,1026,4,1000621495
30,18,4,1000622049
30,1994,5,1000622841
30,1641,4,1000623524
30,883,4,1000623694
30,1404,4,1000623758
30,862,3,1000624754
30,1492,3,1000624924
30,277,5,1000625849
30,770,4,1000626058
30,493,5,1000626708
30,809,3,1000627589
30,781,5,1000628315
30,317,5,1000628851
30,1949,4,1000629792
31,837,4,1000630496
31,918,3,1000630995
31,1869,5,1000631061
31,1108,5,1000632018
31,17,5,1000632565
31,113,3,1000633262
31,1058,5,1000633432
31,1437,3,1000633929
31,578,4,1000634103
31,71,5,1000634253
31,1929,3,1000634557
31,1540,5,1000635217
31,1329,4,1000636175
31,357,5,1000636315
31,1732,5,1000637078
31,1867,5,1000637849
31,776,4,1000638663
31,423,4,1000639315
31,1174,5,1000639488
31,1827,4,1000640435
31,692,4,1000640778
31,1618,4,1000641151
31,415,3,1000641593
31,1495,4,1000642453
31,1198,4,1000643101
31,422,4,1000644043
31,1467,3,1000644486
31,1153,4,1000644799
32,38,5,1000645126
32,1773,5,1000645428
32,423,4,1000645578
32,837,4,1000645725
32,1594,3,1000646556
32,1467,4,1000647443
32,682,3,1000648178
32,1108,5,1000648865
32,937,5,1000649339
32,255,5,1000649607
32,32,4,1000649921
32,1439,3,1000650531
32,1701,3,1000650906
32,302,4,1000650951
32,931,4,1000651938
32,1650,4,1000652286
32,254,3,1000652400
32,706,4,1000653348
32,1014,3,1000653528
32,1645,5,1000654000
32,651,5,1000654394
32,1563,4,1000654493
32,378,5,1000654544
32,1191,5,1000655353
32,788,4,1000655585
32,1114,5,1000656006
32,318,4,1000656110
32,1906,4,1000656678
32,1787,4,1000657668
33,837,4,1000657926
33,1062,4,1000658286
33,1033,4,1000658290
33,21,5,1000658494
33,283,3,1000658808
33,1052,3,1000659649
33,1321,5,1000660038
33,1108,5,1000660078
33,869,5,1000660868
33,1084,5,1000661765
33,356,4,1000662081
33,304,4,1000662180
33,1176,4,1000663068
33,446,5,1000663846
33,1604,5,1000664760
33,423,4,1000664876
33,1678,4,1000664943
33,418,4,1000665734
33,614,4,1000666158
33,709,4,1000666675
34,837,4,1000667465
34,606,5,1000667734
34,423,5,1000668450
34,1108,5,1000669217
34,231,4,1000669236
34,1914,4,1000670206
34,878,4,1000671044
34,1405,5,1000671710
34,1812,4,1000672070
34,641,4,1000672445
34,576,5,1000672937
34,1500,5,1000673169
34,1501,4,1000673641
34,1408,5,1000673956
34,289,5,1000674615
34,870,4,1000675049
34,1946,3,1000675872
34,816,3,1000676651
34,1467,4,1000677330
34,1032,4,1000678225
34,159,4,1000679017
34,1999,4,1000679075
34,1056,3,1000680062
34,1412,4,1000680611
34,1044,5,1000680723
34,1943,4,1000681613
34,843,4,1000682389
34,1578,3,1000683334
34,1067,5,1000683856
34,473,3,1000684351
34,1157,5,1000684965
34,454,4,1000685385
34,3,4,1000686148
34,481,3,1000687004
34,415,3,1000687605
34,759,5,1000688131
34,1772,4,1000688814
34,777,4,1000689231
34,1686,4,1000689799
34,1124,4,1000689995
34,23,5,1000690050
34,1853,5,1000690751
34,1193,3,1000691556
34,1842,4,1000692195
35,907,4,1000692701
35,837,3,1000692835
35,101,5,1000692964
35,423,4,1000693204
35,1870,4,1000693840
35,370,4,1000694126
35,70,5,1000695076
35,1108,4,1000695857
35,493,5,1000696725
35,561,5,1000697528
35,1271,4,1000698188
35,13,3,1000698895
35,1979,4,1000698948
35,781,5,1000699795
35,1694,4,1000700570
35,1706,3,1000701485
35,1953,5,1000701570
35,168,5,1000701609
35,1480,3,1000702158
35,376,5,1000702253
35,228,3,1000702661
35,1650,5,1000703360
35,1281,4,1000703422
35,588,5,1000703875
35,1255,5,1000704827
35,500,4,1000704996
35,1351,5,1000705016
35,1939,5,1000705343
35,1453,5,1000705777
35,38,4,1000705888
35,1489,5,1000705998
35,507,4,1000706940
35,1735,5,1000707006
35,814,4,1000707253
35,418,5,1000707410
35,996,4,1000707627
35,529,5,1000708402
35,457,4,1000708923
35,1268,3,1000709848
35,1597,4,1000710775
35,1695,5,1000711548
35,848,4,1000711841
35,179,4,1000712428
35,1025,5,1000712977
35,920,4,1000713510
35,416,3,1000713726
35,1792,5,1000714654
35,1941,4,1000715234
35,141,3,1000716153
35,1643,5,1000717071
35,1404,4,1000717875
35,537,5,1000718821
36,534,4,1000719340
36,1364,5,1000720039
36,837,4,1000720480
36,1751,5,1000721466
36,1281,4,1000721963
36,906,5,1000722691
36,1129,4,1000722755
36,359,4,1000723376
36,1136,5,1000723541
36,928,4,1000723782
36,1871,3,1000724416
36,423,5,1000725088
36,281,4,1000726057
36,1257,5,1000726958
36,1232,5,1000727268
36,752,5,1000728144
36,304,4,1000728930
36,1578,4,1000729119
36,1108,5,1000729440
36,1489,4,1000729766
36,1558,5,1000730032
36,869,5,1000730361
36,244,3,1000730805
36,769,4,1000731414
36,1858,5,1000731750
36,1898,4,1000731886
36,1501,4,1000732645
36,442,5,1000733254
36,416,5,1000733386
36,1777,4,1000733603
36,306,4,1000734381
36,1162,3,1000734916
36,777,3,1000735211
36,627,3,1000735864
36,1394,5,1000735967
36,1909,5,1000736845
36,1515,5,1000737138
37,837,5,1000737326
37,1457,5,1000737423
37,1384,4,1000738409
37,1478,5,1000738925
37,1108,3,1000739702
37,1440,4,1000740127
37,1563,5,1000740368
37,1965,3,1000740633
37,1568,4,1000741474
37,369,5,1000742119
37,834,5,1000742839
37,1282,5,1000743324
37,423,5,1000743931
37,1574,4,1000744117
37,1236,4,1000745032
37,467,4,1000745855
37,1022,4,1000746423
37,608,5,1000746672
37,1950,3,1000746828
37,894,4,1000747624
37,1061,4,1000747809
37,588,3,1000748232
37,1247,5,1000748308
37,71,4,1000748643
37,578,4,1000749040
37,183,4,1000749784
37,422,4,1000750565
37,1985,4,1000751187
37,1995,5,1000752118
37,1518,5,1000753107
37,1346,3,1000753176
37,1613,3,1000753314
37,1791,5,1000753321
37,1190,4,1000754258
37,70,3,1000755184
37,1511,4,1000756152
37,586,4,1000756938
37,1117,5,1000757122
37,854,3,1000757518
37,917,4,1000758386
37,881,3,1000758469
37,1922,4,1000759063
37,1622,4,1000759590
37,50,4,1000760174
38,837,4,1000760733
38,916,3,1000761318
38,423,5,1000761412
38,335,5,1000761464
38,1068,3,1000762009
38,1032,5,1000762464
38,1788,5,1000762967
38,562,4,1000763229
38,864,4,1000763280
38,1108,4,1000763513
38,216,3,1000763634
38,383,5,1000764413
38,960,5,1000765291
38,1026,5,1000766058
38,780,4,1000766944
38,1200,5,1000767174
38,688,3,1000767317
38,1571,4,1000767695
38,945,5,1000767718
38,259,4,1000767960
38,1162,5,1000768161
38,1015,4,1000768844
38,878,3,1000769154
38,790,3,1000769915
38,1227,4,1000770843
38,1463,4,1000771005
38,1772,4,1000771372
38,528,3,1000771849
38,1272,3,1000772587
38,1399,5,1000773264
38,1390,5,1000774209
38,1005,4,1000775138
38,761,5,1000775471
38,1483,5,1000776128
38,576,4,1000776247
38,452,4,1000777211
38,1081,3,1000777997
39,837,5,1000778800
39,680,5,1000778801
39,1667,5,1000779344
39,1609,5,1000779918
39,1284,5,1000779959
39,1108,3,1000780757
39,423,5,1000781499
39,1247,4,1000782086
39,1660,5,1000782733
39,944,5,1000783346
39,1727,5,1000783912
39,1744,5,1000784694
39,1833,4,1000784983
39,1840,4,1000785664
39,1372,3,1000786181
39,1158,4,1000787030
39,1683,5,1000787716
39,1884,5,1000788396
39,1782,4,1000789361
39,1965,3,1000790014
39,704,5,1000790730
39,1844,5,1000791082
39,1073,4,1000791576
39,429,5,1000792005
39,1772,4,1000792268
39,1560,5,1000792399
39,1785,4,1000793262
39,923,4,1000793699
39,1309,5,1000794155
39,615,4,1000794632
39,1049,5,1000795596
39,517,4,1000795670
39,1153,5,1000795956
39,1227,4,1000796727
39,822,4,1000797613
39,601,3,1000798318
39,396,4,1000798572
39,350,4,1000798802
39,1438,4,1000799674
39,312,4,1000800591
39,1999,4,1000801330
39,595,3,1000801986
39,1758,4,1000802921
39,1440,4,1000803186
39,1190,4,1000803763
39,417,4,1000804128
39,1635,5,1000804350
39,1618,4,1000805242
39,857,4,1000805674
40,1769,4,1000806430
40,837,4,1000806757
40,352,3,1000806762
40,782,5,1000806985
40,1108,4,1000807925
40,858,3,1000808166
40,954,5,1000808402
40,588,5,1000809376
40,1045,5,1000810070
40,1984,4,1000810931
40,1494,4,1000810993
40,819,4,1000811164
40,911,3,1000811517
40,162,3,1000812234
40,1304,3,1000812654
40,183,3,1000813337
40,896,5,1000813570
40,457,3,1000813680
40,1467,4,1000814024
40,390,5,1000814171
40,890,3,1000814989
40,516,5,1000815190
40,1229,3,1000815402
40,995,4,1000816278
40,212,5,1000817041
40,762,4,1000817230
40,1264,5,1000818037
40,925,4,1000818968
40,371,5,1000819797
40,590,5,1000819806
40,833,3,1000820226
40,1300,5,1000821014
40,1742,5,1000821935
40,1069,4,1000822739
40,1325,4,1000823075
40,142,5,1000823583
40,1889,4,1000823793
41,1467,4,1000824713
41,335,4,1000824803
41,837,3,1000825583
41,1772,3,1000826266
41,823,4,1000826740
41,423,4,1000827610
41,892,4,1000827964
41,98,5,1000828680
41,591,4,1000829241
41,562,3,1000829300
41,1108,3,1000829587
41,920,5,1000830444
41,596,3,1000831005
41,550,4,1000831403
41,1309,4,1000831589
41,1167,4,1000831741
41,407,3,1000832699
41,518,3,1000833598
41,417,3,1000833951
41,1567,4,1000834183
41,1147,3,1000834591
41,838,4,1000834843
41,396,3,1000835447
41,1081,4,1000836142
41,1411,5,1000837004
41,1558,4,1000837794
41,199,4,1000838725
41,1998,4,1000839019
41,149,3,1000839854
41,1679,4,1000840517
41,1531,5,1000841069
41,1279,5,1000842060
41,1001,5,1000842789
41,1581,4,1000843082
41,316,5,1000843724
41,1624,5,1000844278
41,231,5,1000845237
41,1077,4,1000845489
41,1383,5,1000846066
41,1667,4,1000846640
41,1049,4,1000846651
41,533,4,1000846698
41,1073,3,1000847284
41,575,4,1000848162
41,1118,4,1000848267
42,837,5,1000848272
42,1490,3,1000848624
42,423,4,1000849076
42,985,4,1000849368
42,215,4,1000850129
42,1439,5,1000850831
42,1858,5,1000851355
42,1852,5,1000852035
42,418,5,1000852481
42,168,5,1000852630
42,831,3,1000853620
42,687,3,1000854193
42,544,4,1000855130
42,614,5,1000855744
42,1001,4,1000856312
42,1108,3,1000856685
42,270,3,1000856729
42,1872,5,1000856885
42,254,5,1000857068
42,205,5,1000857623
42,444,4,1000858264
42,1735,5,1000859032
42,629,5,1000859412
42,1424,3,1000860354
42,1594,3,1000860894
42,493,3,1000861545
42,1668,5,1000861903
42,1375,3,1000862596
42,1679,5,1000862854
42,378,3,1000862929
42,923,5,1000863103
42,304,5,1000863139
42,1921,4,1000863392
42,144,4,1000863906
42,149,5,1000864336
42,1815,5,1000864575
42,639,4,1000864906
42,1261,4,1000865227
42,587,4,1000865960
42,1413,3,1000866011
42,411,4,1000866430
42,992,5,1000867218
42,1118,5,1000867682
42,693,5,1000868225
42,500,3,1000869005
42,318,5,1000869372
43,38,3,1000869726
43,837,3,1000870624
43,1467,5,1000871599
43,1108,4,1000871770
43,1323,5,1000872750
43,210,4,1000872766
43,355,4,1000873211
43,264,4,1000873605
43,165,4,1000874602
43,424,5,1000875072
43,1453,4,1000875299
43,1237,3,1000875601
43,1412,4,1000876496
43,1191,4,1000877355
43,301,4,1000877661
43,1375,3,1000878658
43,423,4,1000879622
43,984,5,1000879888
43,1893,4,1000880481
43,1728,4,1000880912
43,1439,3,1000881007
43,258,5,1000881412
44,1099,3,1000882049
44,1144,4,1000882125
44,837,5,1000882340
44,254,5,1000882571
44,277,4,1000883039
44,1108,3,1000883184
44,423,4,1000884070
44,529,5,1000884357
44,1223,4,1000884860
44,1288,5,1000885206
44,1437,4,1000885234
44,1453,4,1000886056
44,1002,4,1000886998
44,1467,5,1000887976
44,1030,4,1000888574
44,675,4,1000889252
44,1861,4,1000890026
44,1094,4,1000890168
44,1457,5,1000890330
44,611,5,1000891103
44,495,5,1000891387
44,1396,3,1000892357
44,1985,4,1000892456
44,1615,4,1000892861
44,352,4,1000893066
44,737,4,1000893248
44,1594,5,1000893588
44,671,4,1000893927
44,762,4,1000894676
44,1748,4,1000895203
44,1953,4,1000895976
44,1603,4,1000896189
44,446,3,1000896696
44,260,5,1000897351
44,434,4,1000898239
44,893,4,1000899011
44,500,5,1000899876
44,1818,5,1000900264
44,1391,5,1000901073
44,867,4,1000901775
44,548,4,1000902338
44,754,4,1000903007
44,999,5,1000903131
44,1511,3,1000903606
44,177,4,1000904112
44,1708,5,1000904328
44,274,4,1000904582
44,541,4,1000905089
44,1992,5,1000906035
44,415,5,1000906487
44,215,5,1000906611
44,1335,3,1000907455
44,800,4,1000907826
44,21,5,1000908095
45,837,4,1000908769
45,1467,4,1000909032
45,1108,3,1000909954
45,1336,3,1000910428
45,1307,3,1000910593
45,1183,4,1000911528
45,668,3,1000911539
45,423,4,1000912293
45,359,4,1000913027
45,254,4,1000913404
45,401,4,1000914282
45,1558,3,1000914931
45,1056,4,1000915815
45,1912,4,1000915817
45,206,3,1000915844
45,225,4,1000916792
45,924,5,1000917748
45,1001,4,1000918326
45,545,4,1000918676
45,1480,4,1000918685
45,1854,3,1000918768
45,1439,5,1000919541
45,1678,5,1000920536
45,1374,3,1000921161
45,1298,5,1000921218
45,719,4,1000921887
45,1505,3,1000922000
45,1177,4,1000922341
45,836,4,1000922832
45,1978,5,1000923596
45,558,5,1000924517
45,810,5,1000925257
45,1828,4,1000925966
45,338,3,1000926577
45,611,5,1000927364
45,1599,4,1000928206
45,1748,5,1000929090
45,268,4,1000930023
45,1271,4,1000930961
45,1143,4,1000931685
45,1386,4,1000932596
45,1905,5,1000932644
45,675,5,1000932693
45,565,5,1000933018
46,736,4,1000933091
46,322,4,1000933273
46,423,5,1000934167
46,623,3,1000934550
46,837,4,1000935251
46,803,4,1000935674
46,1467,5,1000936663
46,1698,4,1000936942
46,53,4,1000937837
46,1646,4,1000938650
46,1443,5,1000938975
46,1115,5,1000939868
46,474,5,1000940068
46,214,5,1000940337
46,757,5,1000940890
46,1515,5,1000941685
46,711,5,1000942261
46,652,5,1000942703
46,1812,5,1000943657
46,1964,3,1000944389
46,1361,4,1000945381
46,1246,5,1000945730
46,1162,5,1000946271
46,470,5,1000946987
46,638,3,1000947273
46,158,4,1000947869
46,888,4,1000948705
46,12,5,1000949592
46,769,4,1000950460
46,1500,5,1000951459
46,114,4,1000951671
46,126,4,1000952211
46,1140,3,1000952623
46,1108,4,1000952869
46,1618,4,1000953247
46,1865,4,1000953389
46,641,5,1000953895
46,790,4,1000954333
46,1940,5,1000954674
46,221,5,1000954757
46,1501,5,1000955513
46,19,3,1000956173
46,997,4,1000956369
46,295,4,1000957135
46,1502,5,1000957534
46,74,4,1000957712
46,304,3,1000958206
47,837,4,1000958459
47,1108,3,1000959432
47,724,4,1000959944
47,1700,3,1000960372
47,423,4,1000961142
47,782,4,1000961957
47,283,4,1000962824
47,1492,4,1000963530
47,758,3,1000964252
47,629,5,1000964940
47,521,3,1000965744
47,582,5,1000966377
47,1691,4,1000966499
47,1625,4,1000967246
47,1420,5,1000967629
47,1129,3,1000968010
47,233,3,1000968514
47,1199,5,1000968712
47,295,4,1000969151
47,1964,5,1000969354
47,515,4,1000969712
47,759,3,1000970199
47,1575,5,1000970708
47,1871,5,1000970933
47,78,4,1000971633
47,1750,3,1000971838
47,84,5,1000972274
47,800,4,1000972318
47,79,5,1000972404
47,1993,4,1000973121
47,1808,3,1000973279
47,1115,5,1000973298
47,430,4,1000973855
47,524,3,1000974128
47,919,4,1000975118
47,644,5,1000975614
47,43,4,1000976516
47,1232,5,1000976521
47,1173,5,1000977199
47,1777,3,1000977341
47,959,3,1000977969
48,837,5,1000978677
48,423,3,1000978970
48,1495,4,1000979458
48,457,5,1000979540
48,854,4,1000980168
48,1079,4,1000980445
48,68,4,1000981214
48,1108,4,1000982056
48,553,4,1000982242
48,340,4,1000983192
48,683,4,1000983235
48,1767,4,1000984123
48,1981,5,1000984351
48,1357,5,1000984655
48,910,4,1000984662
48,382,4,1000985293
48,1513,3,1000985434
48,588,3,1000985447
48,1325,5,1000985724
48,1532,3,1000985840
48,1645,4,1000986412
48,1538,4,1000986498
48,858,3,1000986781
48,1355,4,1000986927
48,1697,5,1000987492
48,354,5,1000988029
48,859,4,1000988288
48,116,5,1000989039
48,894,4,1000989310
48,1542,4,1000989830
48,450,4,1000989840
48,1201,3,1000990168
48,70,3,1000990882
48,1760,5,1000991678
48,1631,4,1000992606
48,1161,3,1000993470
48,1467,4,1000994236
48,245,5,1000994664
48,1682,5,1000995480
48,279,4,1000996171
48,1959,5,1000996316
48,29,3,1000997025
48,1346,3,1000997531
48,415,4,1000997754
49,491,3,1000998116
49,258,4,1000999042
49,1616,3,1000999492
49,1553,4,1000999637
49,948,4,1001000630
49,796,5,1001001508
49,1873,4,1001001648
49,1108,5,1001002025
49,906,4,1001002957
49,723,5,1001003612
49,837,3,1001004470
49,1299,4,1001004969
49,1456,4,1001005523
49,980,5,1001006198
49,317,4,1001006960
49,423,5,1001007493
49,102,4,1001008001
49,170,3,1001008464
49,1554,4,1001009220
49,998,3,1001009583
49,10,3,1001009771
49,627,4,1001010359
49,1039,4,1001011096
49,388,4,1001011657
49,476,4,1001012010
49,150,3,1001012700
49,1467,3,1001012963
49,504,4,1001013452
49,1106,4,1001014167
49,1751,4,1001014893
49,873,3,1001015755
49,846,5,1001016700
49,93,4,1001017279
49,1888,3,1001018079
49,1894,5,1001018527
49,549,4,1001018683
49,1230,4,1001019410
49,391,4,1001020284
49,1056,4,1001021060
49,1485,4,1001021679
49,1878,4,1001022151
49,703,5,1001023089
49,1347,3,1001023392
49,1368,4,1001024386
49,440,4,1001024393
49,1272,5,1001024565
49,1479,5,1001024794
49,1996,4,1001025690
50,498,3,1001025900
50,84,5,1001026091
50,584,5,1001026568
50,608,4,1001027174
50,406,5,1001027606
50,1467,5,1001027885
50,1164,4,1001028303
50,837,5,1001029010
50,1176,4,1001029169
50,1111,5,1001029397
50,606,5,1001029999
50,1108,4,1001030132
50,309,3,1001030994
50,381,5,1001031120
50,758,4,1001031739
50,423,3,1001032517
50,1191,4,1001032795
50,1756,5,1001033042
50,1064,4,1001033580
50,709,3,1001033796
50,861,5,1001034386
50,1639,5,1001034983
50,1803,5,1001035207
50,1914,4,1001035776
50,1622,4,1001036252
50,21,3,1001037112
50,578,4,1001037871
50,1054,5,1001038681
50,33,4,1001039527
50,503,5,1001039708
50,100,3,1001040552
50,1390,4,1001040768
50,1829,5,1001041392
50,1999,4,1001041880
50,1002,4,1001042000
50,538,4,1001042919
50,1750,4,1001043896
50,293,5,1001044128
50,1988,4,1001044543
50,1483,5,1001044624
50,1061,3,1001044744
50,264,5,1001045321
50,71,5,1001046280
50,1184,5,1001046787
50,880,4,1001047730
50,1707,4,1001047735
50,1373,4,1001047880
50,927,5,1001048582
50,484,4,1001049548
50,1049,3,1001050061
51,758,5,1001050290
51,837,4,1001051228
51,423,5,1001052132
51,897,4,1001053003
51,49,5,1001053872
51,444,5,1001054504
51,514,4,1001055361
51,1815,4,1001055783
51,1467,5,1001056096
51,323,5,1001056834
51,1059,4,1001057623
51,1441,5,1001057780
51,583,5,1001058355
51,321,4,1001058986
51,1750,5,1001059187
51,798,3,1001060035
51,1026,5,1001060999
51,1881,3,1001061126
51,720,4,1001062085
51,399,4,1001062879
51,829,5,1001063260
51,1986,5,1001063536
51,923,5,1001064315
51,1248,4,1001065093
51,1838,4,1001065396
51,1108,4,1001066335
51,480,4,1001067115
51,795,5,1001067389
51,831,5,1001068097
51,1971,5,1001068432
51,550,3,1001069286
51,924,5,1001069725
51,311,5,1001070416
51,381,4,1001070426
51,1526,4,1001070442
51,1118,4,1001070932
51,661,4,1001071484
51,98,4,1001071808
51,845,3,1001072522
51,927,4,1001073417
52,415,3,1001073467
52,837,3,1001074228
52,584,5,1001074636
52,962,4,1001075507
52,1810,5,1001076438
52,712,3,1001077087
52,1815,5,1001077480
52,838,5,1001077724
52,583,4,1001078640
52,288,5,1001079634
52,1591,5,1001080047
52,1679,5,1001080391
52,423,4,1001081268
52,524,4,1001081439
52,384,3,1001082296
52,739,5,1001083139
52,1934,4,1001084121
52,140,4,1001084464
52,1025,3,1001084715
52,1735,4,1001085626
52,1118,5,1001086187
52,1048,5,1001086335
52,1558,4,1001086461
52,1108,4,1001086695
52,1096,5,1001087309
52,1467,4,1001087715
52,1424,5,1001088520
52,1271,4,1001088948
52,780,3,1001089507
52,1633,4,1001089636
52,468,3,1001089925
52,311,4,1001090528
52,727,5,1001090668
52,503,3,1001090938
52,1248,3,1001091205
52,449,4,1001091674
52,1225,4,1001092017
52,1055,5,1001092033
52,308,5,1001092556
52,514,4,1001092657
52,1059,4,1001093165
52,798,4,1001093670
52,587,5,1001094160
52,189,5,1001094870
52,49,5,1001094903
52,1971,3,1001095173
53,1526,5,1001095366
53,200,4,1001095998
53,837,5,1001096032
53,1741,4,1001096444
53,394,4,1001096954
53,423,4,1001097134
53,620,3,1001097571
53,1724,4,1001098368
53,1678,5,1001099063
53,1829,3,1001099773
53,901,5,1001099992
53,167,4,1001100238
53,829,3,1001100482
53,583,5,1001100521
53,1841,4,1001100706
53,1441,5,1001101273
53,514,3,1001102106
53,262,4,1001102347
53,1404,4,1001103005
53,1519,5,1001103887
53,321,3,1001104315
53,1475,5,1001104468
53,270,3,1001104664
53,727,5,1001104782
53,1048,4,1001105185
53,100,5,1001105548
53,495,5,1001105753
53,265,4,1001105933
53,1881,5,1001106415
53,524,4,1001106520
53,1028,5,1001106982
54,1618,4,1001107848
54,837,4,1001108246
54,1056,5,1001108819
54,1419,4,1001108973
54,423,4,1001109965
54,1255,5,1001110317
54,1104,4,1001110640
54,1241,4,1001110899
54,1790,4,1001111576
54,446,4,1001111655
54,1108,4,1001112484
54,1041,4,1001112932
54,144,4,1001113199
54,1710,4,1001113638
54,461,3,1001114481
54,1726,4,1001115027
54,1692,5,1001115267
54,596,4,1001116082
54,1375,4,1001116383
54,1155,5,1001117205
54,1843,3,1001118172
54,412,5,1001119080
54,432,5,1001119694
54,1893,5,1001120577
54,270,4,1001121066
54,1378,3,1001121360
54,179,4,1001121562
54,251,4,1001122273
54,1303,5,1001122335
55,837,4,1001122932
55,423,5,1001123602
55,1163,3,1001124548
55,661,5,1001124898
55,303,3,1001125638
55,1064,4,1001126465
55,883,3,1001126474
55,1618,4,1001127135
55,168,3,1001128079
55,662,5,1001128322
55,503,5,1001128341
55,1151,5,1001128833
55,1553,4,1001129753
55,1367,4,1001130746
55,927,4,1001131696
55,1108,4,1001131978
55,1925,4,1001132173
55,725,3,1001132902
55,477,5,1001133666
55,860,4,1001134528
55,584,4,1001134980
55,1557,5,1001135670
55,415,4,1001136195
55,409,3,1001136585
55,267,5,1001137250
55,787,4,1001137425
55,38,3,1001138403
55,235,4,1001138439
55,241,4,1001138446
55,18,5,1001139164
55,1467,4,1001139583
55,1854,5,1001140441
55,1288,4,1001141106
55,193,3,1001141233
55,1974,3,1001142231
55,1948,3,1001142284
55,948,4,1001142777
55,226,5,1001143612
55,1910,4,1001143988
55,1594,3,1001144526
55,1297,4,1001144986
55,1241,5,1001145527
55,167,3,1001146350
55,270,4,1001147283
55,1658,4,1001148142
55,268,3,1001148780
55,753,5,1001149285
55,493,4,1001149939
55,441,3,1001150890
55,84,5,1001151405
55,1121,4,1001151455
55,809,4,1001151565
55,1059,5,1001152208
55,529,3,1001153033
55,1870,5,1001153885
56,423,3,1001154069
56,837,4,1001154447
56,1108,3,1001155116
56,1129,4,1001155741
56,863,5,1001155873
56,1617,4,1001155953
56,1264,5,1001156111
56,1516,4,1001156274
56,152,5,1001157237
56,99,5,1001157791
56,629,3,1001157930
56,1339,4,1001158432
56,499,5,1001158839
56,756,4,1001158910
56,1957,5,1001158927
56,427,5,1001159101
56,1449,4,1001159148
56,415,4,1001159775
56,815,4,1001159941
56,1825,4,1001160608
56,1698,4,1001160807
56,504,4,1001161562
56,342,5,1001161995
56,281,4,1001162698
56,1896,5,1001162999
56,1482,4,1001163680
56,1407,5,1001163902
56,41,5,1001164512
56,0,4,1001165042
56,868,4,1001165376
56,1777,3,1001165940
56,1086,4,1001166390
56,1814,5,1001167387
56,1467,5,1001168051
56,724,5,1001168704
56,1021,5,1001169656
56,850,5,1001170224
56,1623,5,1001170815
56,348,3,1001171339
56,1872,4,1001171615
56,1151,4,1001171627
56,1193,4,1001171967
56,1056,5,1001172195
56,1124,5,1001172997
56,1365,5,1001173653
56,1323,4,1001173744
56,397,4,1001174634
56,1154,3,1001174643
56,776,3,1001175586
56,1261,4,1001176152
56,1115,5,1001176470
56,333,5,1001176946
56,1471,3,1001176960
56,978,4,1001176968
56,1121,4,1001177265
56,1368,3,1001177693
56,1322,3,1001178453
56,1485,5,1001179324
56,376,5,1001179347
57,263,4,1001179567
57,837,4,1001179822
57,423,3,1001180453
57,1494,5,1001180675
57,996,4,1001180940
57,133,5,1001181372
57,374,5,1001182343
57,228,5,1001182839
57,192,5,1001183022
57,455,3,1001183891
57,1456,5,1001183990
57,1362,3,1001184055
57,1245,4,1001184541
57,1108,4,1001184932
57,1554,4,1001184935
57,1312,4,1001185161
57,686,3,1001185281
57,340,4,1001185957
57,366,4,1001186549
57,507,3,1001186724
57,76,5,1001187115
57,1888,4,1001187313
57,551,4,1001187448
57,859,4,1001188185
57,670,5,1001189102
57,1392,4,1001189401
57,1337,4,1001190308
57,42,4,1001190552
57,1056,5,1001191351
57,55,4,1001192141
57,1393,4,1001192564
57,1883,5,1001193016
57,1786,3,1001193160
57,440,5,1001193643
57,1510,4,1001194121
57,1580,4,1001195081
57,1715,5,1001195582
58,837,3,1001196262
58,423,5,1001196365
58,1246,3,1001196888
58,1457,5,1001197061
58,1818,4,1001197839
58,1582,4,1001198093
58,304,4,1001198712
58,651,3,1001199234
58,1296,5,1001199660
58,273,4,1001200579
58,997,4,1001201408
58,356,3,1001202331
58,673,5,1001202563
58,1111,5,1001202710
58,455,4,1001202844
58,1346,4,1001203129
58,1482,4,1001203947
58,160,4,1001204304
58,333,4,1001205054
58,1097,4,1001205183
58,1236,3,1001206033
58,1108,4,1001206079
58,1341,4,1001206495
58,1516,4,1001207356
58,1927,4,1001208191
58,834,3,1001209166
58,406,5,1001209428
58,594,4,1001209932
58,369,4,1001210038
58,961,3,1001210139
58,1756,4,1001210924
58,814,4,1001211910
59,837,4,1001212819
59,1657,4,1001212916
59,416,3,1001213808
59,1921,5,1001214062
59,444,3,1001214916
59,395,4,1001215374
59,1255,3,1001216125
59,1949,5,1001216304
59,423,3,1001216565
59,1166,5,1001216649
59,265,4,1001216780
59,1892,4,1001217228
59,1746,5,1001217377
59,1972,5,1001218293
59,1467,3,1001218916
59,988,5,1001219913
59,89,4,1001220371
59,299,4,1001220391
59,1211,4,1001220561
59,1063,5,1001221158
59,1566,4,1001221344
59,270,3,1001222307
59,1858,4,1001222915
59,1421,5,1001222972
59,1489,4,1001223527
59,1881,4,1001224513
59,1118,4,1001225295
59,179,4,1001225819
59,1220,5,1001226746
59,922,5,1001227293
59,669,4,1001228169
59,1668,4,1001228330
59,719,5,1001228526
59,1108,4,1001229204
59,104,4,1001229694
59,831,3,1001230521
59,439,3,1001230586
59,415,5,1001230717
59,1248,4,1001230745
59,26,4,1001231718
59,1934,4,1001231887
59,795,4,1001232212
59,600,3,1001232605
59,1847,3,1001233177
59,962,4,1001233865
59,1383,4,1001234843
59,1748,3,1001235034
59,306,4,1001235699
59,169,3,1001236046
59,1986,4,1001236099
59,24,3,1001236969
59,1424,3,1001237570
59,1612,5,1001238092
59,1978,4,1001238462
59,98,5,1001238524
59,1240,4,1001239063
59,1506,4,1001239222
60,837,5,1001239577
60,406,4,1001239730
60,919,4,1001239750
60,1108,4,1001240412
60,1452,5,1001241110
60,1985,4,1001241462
60,890,4,1001241780
60,67,5,1001242386
60,1603,4,1001243138
60,1389,5,1001243507
60,1264,4,1001243808
60,1764,4,1001243969
60,1075,5,1001244226
60,1514,3,1001245211
60,1467,5,1001245475
60,800,4,1001246314
60,400,3,1001246891
60,1099,4,1001247127
60,1184,5,1001248055
60,1011,4,1001248495
60,1755,4,1001248776
60,201,4,1001249413
60,472,4,1001249667
60,1691,3,1001249716
60,1887,4,1001250031
60,738,5,1001250637
60,423,4,1001250990
60,731,4,1001251105
60,833,3,1001251510
60,1002,4,1001251533
60,604,5,1001251604
61,868,5,1001252213
61,837,5,1001252723
61,1835,3,1001253622
61,1429,5,1001254189
61,1264,5,1001255108
61,1955,3,1001255737
61,1642,5,1001256216
61,1467,4,1001256684
61,412,4,1001257073
61,898,4,1001257545
61,35,5,1001258104
61,799,4,1001258664
61,178,3,1001259312
61,1446,4,1001259405
61,1108,4,1001260341
61,1169,4,1001261338
61,1267,5,1001261794
61,423,5,1001262193
61,1065,3,1001262207
61,699,4,1001263146
61,1548,3,1001264145
61,592,4,1001264442
61,1674,5,1001265004
61,1476,4,1001265618
61,1689,4,1001266373
61,905,5,1001267044
61,891,4,1001268039
61,337,4,1001268994
61,266,5,1001269392
61,1192,5,1001269706
61,1687,4,1001270294
61,287,4,1001270345
61,1781,5,1001270927
61,744,5,1001271366
61,851,4,1001271781
61,1762,5,1001272378
61,1053,5,1001273070
61,511,5,1001273519
61,360,4,1001273862
61,499,5,1001273877
61,1593,5,1001273936
61,637,5,1001274645
61,1425,4,1001274668
61,401,5,1001274883
61,969,5,1001275788
61,706,5,1001276309
61,1020,4,1001277142
61,1143,4,1001277959
62,610,4,1001278187
62,1467,5,1001278189
62,837,4,1001279181
62,1293,4,1001279326
62,1826,5,1001279374
62,864,5,1001279855
62,697,4,1001280805
62,1143,4,1001280988
62,1197,4,1001281045
62,94,3,1001281286
62,468,3,1001281409
62,1191,5,1001282338
62,1750,4,1001282544
62,1851,4,1001283108
62,1600,5,1001283545
62,1165,4,1001284008
62,921,5,1001284764
62,1869,5,1001285226
62,206,4,1001285945
62,1993,4,1001285980
62,1267,4,1001286547
62,678,4,1001287541
62,1018,4,1001287812
62,1,4,1001288196
62,775,3,1001288775
62,784,4,1001289465
62,972,5,1001289805
62,755,3,1001290209
62,137,3,1001290542
62,1250,3,1001290888
62,1885,4,1001291385
62,1827,5,1001291683
62,1556,5,1001292257
62,1108,4,1001292812
62,1797,5,1001292844
62,1127,5,1001292887
62,1571,4,1001293148
62,1224,4,1001294115
62,423,5,1001294208
62,1259,5,1001294804
62,519,4,1001295795
62,974,4,1001296069
62,511,4,1001296838
62,845,5,1001296992
62,1316,4,1001297689
62,1386,4,1001298193
62,527,4,1001298689
62,1204,5,1001298782
62,710,3,1001298845
62,1013,4,1001299685
62,1198,4,1001300368
62,1783,4,1001300510
62,1618,4,1001300792
62,945,5,1001301115
62,1632,4,1001301756
62,1380,5,1001301799
62,1684,4,1001302384
62,1605,5,1001302724
63,837,5,1001303589
63,1913,3,1001304196
63,1294,4,1001304716
63,640,4,1001305338
63,894,5,1001305662
63,1419,5,1001305775
63,1639,3,1001306437
63,916,4,1001306800
63,1320,5,1001307228
63,1635,4,1001307461
63,293,5,1001308414
63,1234,4,1001309178
63,1109,5,1001309193
63,1445,5,1001309385
63,1108,4,1001309745
63,1780,4,1001310135
63,1442,3,1001310930
63,1101,5,1001311399
63,423,4,1001311845
63,1152,3,1001312211
63,1227,3,1001312846
63,1372,5,1001313050
63,415,4,1001313117
63,1842,4,1001313816
63,405,4,1001314145
63,822,3,1001314245
63,1054,4,1001314656
63,1493,4,1001314757
63,1681,5,1001315496
63,197,5,1001316053
63,1610,5,1001316069
63,1467,4,1001316877
63,1784,4,1001316880
63,1789,4,1001317601
63,1574,4,1001318443
63,479,3,1001318943
63,767,5,1001319146
63,1882,5,1001320067
63,1318,5,1001320688
63,1189,4,1001321024
63,1833,5,1001321655
63,1754,5,1001322598
63,1477,5,1001323399
63,1772,5,1001323603
63,301,5,1001324007
63,1532,4,1001324608
63,1952,4,1001324782
63,164,3,1001325734
63,542,5,1001326185
64,423,4,1001326391
64,837,4,1001326948
64,1508,3,1001327863
64,1492,5,1001328252
64,429,5,1001329144
64,1795,3,1001330121
64,1704,4,1001330214
64,1952,3,1001330965
64,164,5,1001331048
64,539,3,1001331980
64,1247,3,1001332503
64,1789,4,1001333467
64,404,3,1001334096
64,1059,5,1001334255
64,923,4,1001334632
64,1467,5,1001335204
64,733,5,1001335216
64,960,5,1001336091
64,1189,4,1001336742
64,710,4,1001337647
64,441,3,1001338481
64,1918,3,1001339406
64,454,4,1001339939
64,508,4,1001340373
64,1153,4,1001340512
64,184,4,1001341417
64,106,5,1001342225
64,143,3,1001342648
64,311,4,1001343618
64,906,4,1001343667
64,1589,4,1001344068
64,740,3,1001344475
64,894,4,1001345134
64,1126,4,1001345814
64,661,5,1001346408
64,913,4,1001347301
65,423,5,1001347889
65,837,5,1001348603
65,1580,4,1001349038
65,1108,5,1001349119
65,1698,4,1001349663
65,1521,4,1001349880
65,985,4,1001350785
65,2,5,1001351357
65,366,5,1001352130
65,1173,4,1001352740
65,333,5,1001352787
65,1467,3,1001353554
65,665,4,1001354198
65,1686,5,1001354398
65,1747,3,1001354633
65,683,3,1001354960
65,996,4,1001355393
65,959,5,1001355426
65,1282,5,1001356004
65,1513,3,1001356454
65,192,5,1001357139
65,1185,5,1001357609
65,283,4,1001357821
65,1392,4,1001358673
65,718,3,1001359016
65,1406,5,1001359693
65,430,3,1001360523
65,1322,5,1001360835
65,257,5,1001360876
65,339,5,1001361581
65,1258,4,1001362451
65,670,5,1001362730
65,1403,4,1001362921
65,1362,5,1001363165
65,1268,5,1001363405
65,1449,4,1001363508
66,307,4,1001364418
66,837,4,1001365191
66,1685,4,1001365337
66,1815,4,1001365822
66,1858,3,1001366680
66,199,4,1001366755
66,411,4,1001367611
66,601,4,1001368388
66,1253,5,1001368830
66,1836,4,1001369486
66,1778,4,1001369813
66,1531,4,1001370544
66,752,5,1001370673
66,454,5,1001371124
66,680,5,1001371732
66,416,3,1001372506
66,1637,3,1001372585
66,1926,4,1001373239
66,1810,5,1001373849
66,1162,5,1001374372
66,1218,4,1001375279
66,1901,5,1001376148
66,1500,5,1001377115
66,306,4,1001378003
66,159,5,1001378267
66,405,5,1001378798
66,104,4,1001379586
66,253,4,1001379598
66,1512,5,1001380576
66,1113,3,1001380865
66,1257,5,1001381197
66,89,4,1001381557
66,1581,4,1001382060
66,415,4,1001382204
66,570,5,1001382265
66,1067,5,1001383246
66,1809,5,1001383363
66,1998,4,1001383550
66,1467,4,1001383709
66,1378,4,1001384421
66,1073,5,1001385232
66,1242,5,1001385278
66,510,4,1001386190
66,1958,5,1001386353
66,1942,4,1001386947
66,598,5,1001387505
67,423,5,1001388366
67,1670,5,1001389087
67,837,3,1001389599
67,1363,3,1001390187
67,1570,4,1001390801
67,339,4,1001390828
67,1959,5,1001391246
67,834,3,1001391776
67,1249,5,1001392647
67,42,3,1001393249
67,218,3,1001393424
67,1351,4,1001394083
67,696,3,1001395052
67,621,4,1001395793
67,1767,4,1001396346
67,354,5,1001397224
67,1103,3,1001398102
67,1467,5,1001398714
67,1542,3,1001399610
67,1835,5,1001400142
67,1374,5,1001400188
67,844,4,1001400680
67,1792,5,1001401632
67,467,5,1001401770
67,1122,5,1001402041
67,1513,4,1001402315
67,1696,5,1001403091
67,1791,4,1001403440
67,181,5,1001403585
67,1377,4,1001404092
67,435,5,1001404712
67,1536,4,1001405650
67,1348,5,1001406027
67,390,5,1001406492
67,1618,4,1001407099
67,972,4,1001407290
67,1108,5,1001407945
68,174,3,1001408824
68,837,4,1001409253
68,799,4,1001409668
68,731,3,1001410307
68,1278,4,1001410345
68,375,4,1001411337
68,635,3,1001411778
68,1041,5,1001412624
68,1382,5,1001413221
68,412,5,1001414029
68,1112,4,1001414305
68,1638,4,1001415072
68,33,4,1001415687
68,1311,4,1001416352
68,423,5,1001416827
68,1467,3,1001416999
68,1550,3,1001417308
68,1111,4,1001418015
68,1160,3,1001418143
68,1549,4,1001418659
68,1437,4,1001419201
68,1341,5,1001419780
68,297,4,1001420715
68,939,5,1001420927
68,348,5,1001421345
68,1108,3,1001421998
68,35,5,1001422488
68,1689,5,1001422754
68,1511,3,1001422765
68,72,5,1001422880
68,255,5,1001422987
68,953,5,1001423008
68,1553,5,1001423570
68,1910,5,1001424133
68,1056,4,1001424591
68,766,5,1001425237
68,136,4,1001425409
68,1184,3,1001425799
68,817,3,1001426673
68,1818,4,1001427552
68,1000,5,1001427593
68,1563,3,1001428573
68,1705,4,1001428976
68,258,4,1001429874
68,942,5,1001430222
68,1780,4,1001430529
68,923,4,1001430632
68,1155,4,1001431306
68,1756,4,1001431565
68,494,3,1001431929
68,1781,4,1001432332
68,846,4,1001433011
68,1203,5,1001433787
68,715,4,1001434423
68,1061,5,1001434890
68,166,4,1001435063
69,1331,3,1001435446
69,837,5,1001435899
69,675,4,1001436621
69,1447,5,1001437427
69,415,5,1001438288
69,1662,4,1001438392
69,134,5,1001438736
69,275,3,1001439391
69,1203,3,1001440301
69,726,5,1001440822
69,1699,5,1001441169
69,556,3,1001441323
69,1290,4,1001441903
69,63,4,1001442644
69,1353,3,1001443501
69,1108,5,1001443610
69,1023,4,1001443912
69,1078,4,1001444783
69,495,5,1001444955
69,1557,4,1001445601
69,809,3,1001446033
69,423,5,1001446208
69,268,5,1001446513
69,1894,5,1001447420
69,1091,4,1001447856
69,1615,3,1001448157
69,771,4,1001449021
69,1643,5,1001449956
69,1912,5,1001450811
69,1546,5,1001451087
69,1505,5,1001451757
69,935,4,1001452143
69,1716,5,1001452397
69,173,5,1001452719
69,1563,4,1001453307
69,789,4,1001454017
69,1233,5,1001454195
69,1781,5,1001454374
69,1311,3,1001454383
70,415,4,1001455028
70,837,4,1001455850
70,1548,4,1001455986
70,400,5,1001456623
70,877,5,1001457180
70,1896,5,1001457754
70,1418,5,1001458656
70,1411,4,1001459263
70,1467,4,1001459467
70,1208,5,1001460100
70,1302,4,1001460617
70,1503,5,1001460642
70,423,4,1001460912
70,1887,4,1001461373
70,543,4,1001462305
70,1333,4,1001463154
70,1244,5,1001464064
70,209,3,1001465054
70,66,3,1001465928
70,1531,5,1001466458
70,532,4,1001467155
70,1148,4,1001467597
70,1108,3,1001467726
70,1378,5,1001468295
70,178,4,1001468868
70,875,5,1001469359
70,767,3,1001470089
70,1486,4,1001470274
70,737,3,1001470667
70,1618,5,1001471453
70,328,4,1001472186
70,1547,4,1001472687
70,373,4,1001473362
71,1790,3,1001473419
71,195,4,1001474383
71,837,5,1001474754
71,401,5,1001475019
71,1828,4,1001475237
71,1854,4,1001475631
71,1797,5,1001476490
71,144,4,1001476863
71,1905,4,1001477615
71,1439,4,1001477651
71,675,4,1001478326
71,1264,5,1001479217
71,423,3,1001479653
71,1108,3,1001480285
71,560,4,1001480786
71,558,4,1001481463
71,414,4,1001482143
71,844,4,1001482472
71,852,5,1001482787
71,1467,5,1001483740
71,222,5,1001483872
71,1618,4,1001484607
71,168,4,1001485491
71,701,5,1001486396
71,1289,5,1001486435
71,1237,5,1001486685
71,1228,4,1001487308
71,1945,5,1001487952
71,923,3,1001488556
71,81,5,1001488910
71,1677,5,1001489868
71,408,4,1001489930
71,360,4,1001490738
71,137,5,1001491460
71,611,3,1001491581
71,529,4,1001492470
71,1213,3,1001493336
71,1569,5,1001493533
71,1887,3,1001493604
71,179,3,1001493881
71,318,4,1001494079
71,1192,4,1001494282
72,837,5,1001495223
72,423,5,1001496131
72,210,4,1001496223
72,1167,3,1001496279
72,407,3,1001497179
72,1054,3,1001497983
72,1560,5,1001498180
72,704,4,1001498566
72,1306,5,1001498689
72,1483,4,1001499372
72,1938,5,1001499619
72,1357,5,1001500140
72,436,4,1001500539
72,1789,4,1001500643
72,1382,5,1001500931
72,597,5,1001501453
72,1918,4,1001501818
72,469,5,1001502604
72,1568,3,1001503147
72,1079,3,1001503935
73,284,5,1001504390
73,1703,5,1001505052
73,837,4,1001505379
73,362,3,1001506366
73,1419,4,1001507319
73,940,4,1001507855
73,19,4,1001508722
73,716,5,1001508958
73,53,3,1001509856
73,623,4,1001510541
73,1610,4,1001511121
73,641,3,1001511700
73,1907,4,1001512315
73,425,5,1001512580
73,1834,4,1001512836
73,423,5,1001513186
73,1596,5,1001513401
73,1108,5,1001513706
73,351,4,1001513972
73,15,4,1001514563
73,614,3,1001514856
73,1361,4,1001515451
73,595,5,1001516138
73,1660,3,1001516706
73,993,4,1001516947
73,1798,5,1001517276
73,1387,5,1001517422
73,1804,5,1001517489
73,1618,4,1001518285
73,1175,4,1001518547
73,598,5,1001518688
73,1766,3,1001518855
73,147,5,1001519186
74,837,4,1001519638
74,1536,3,1001520147
74,1108,4,1001520436
74,138,3,1001520650
74,1254,5,1001520703
74,1262,3,1001520804
74,884,4,1001520900
74,1720,5,1001521508
74,1307,3,1001521883
74,764,5,1001522590
74,1810,4,1001523472
74,1768,5,1001523886
74,1010,4,1001523962
74,1621,4,1001524680
74,1694,4,1001525378
74,879,5,1001525535
74,1540,5,1001526013
74,423,3,1001526430
74,733,5,1001527377
74,1789,5,1001528173
74,1201,4,1001528357
74,907,3,1001528467
74,1191,5,1001529230
74,278,4,1001529832
74,1625,4,1001530527
74,107,4,1001530690
74,1754,4,1001530817
74,90,5,1001531386
74,306,4,1001531996
74,415,4,1001532084
74,512,4,1001532179
74,854,5,1001532307
74,1362,5,1001532619
74,1780,4,1001533059
74,1125,5,1001533509
74,1130,5,1001533795
74,705,5,1001533909
74,1585,5,1001534005
74,279,4,1001534498
75,837,3,1001534605
75,766,5,1001535033
75,1288,5,1001535914
75,719,4,1001536140
75,1108,4,1001536860
75,1014,3,1001537001
75,1007,4,1001537388
75,937,3,1001537805
75,1515,5,1001538151
75,277,4,1001538291
75,1849,5,1001538435
75,283,3,1001538760
75,1675,4,1001539364
75,1702,5,1001539573
75,1409,4,1001540330
75,1056,4,1001541266
75,24,4,1001541300
75,1806,5,1001541500
75,1949,5,1001542281
75,239,4,1001542521
75,356,5,1001543488
75,706,3,1001543733
75,978,5,1001544375
75,423,5,1001544653
75,1280,4,1001545347
75,1258,5,1001546249
75,207,3,1001546582
75,1467,4,1001547438
75,1453,3,1001548071
75,556,5,1001548204
75,453,3,1001548369
75,74,5,1001548798
75,1155,4,1001549545
75,905,3,1001549614
75,482,5,1001550024
75,1083,4,1001550245
75,1185,5,1001550371
75,365,4,1001551195
75,863,5,1001551497
75,1052,3,1001552171
75,119,4,1001552257
75,1321,5,1001552275
75,1545,5,1001553062
75,1900,3,1001553968
75,433,4,1001554944
75,446,5,1001555054
75,624,5,1001555171
75,1777,5,1001555974
75,620,4,1001556277
75,1528,4,1001557255
75,134,5,1001557356
75,1136,3,1001557928
75,940,5,1001558236
75,1375,4,1001558273
75,1505,5,1001558687
75,672,4,1001559652
75,1404,3,1001560256
75,1053,4,1001560366
76,1425,4,1001561193
76,1108,5,1001561587
76,1725,4,1001561639
76,752,4,1001561779
76,837,4,1001562318
76,1674,3,1001562876
76,1946,5,1001563153
76,539,4,1001563931
76,926,5,1001564203
76,1360,4,1001564854
76,1218,4,1001565240
76,1781,3,1001566214
76,423,5,1001566504
76,1467,5,1001567501
76,1216,5,1001567974
76,159,5,1001568479
76,415,3,1001568482
76,1015,5,1001568939
76,1364,3,1001569397
76,969,4,1001569632
77,837,4,1001570621
77,696,3,1001571290
77,55,5,1001571603
77,1986,4,1001572095
77,1181,4,1001573037
77,1011,4,1001573218
77,1548,5,1001574023
77,1760,5,1001574303
77,602,3,1001575204
77,890,5,1001575325
77,152,4,1001576027
77,1035,4,1001576291
77,11,5,1001577172
77,1634,3,1001578088
77,1957,4,1001578741
77,1108,4,1001579255
77,1276,5,1001579305
77,1356,5,1001579662
77,85,3,1001579894
77,219,5,1001580581
77,637,5,1001581246
77,1887,5,1001581600
77,371,4,1001582499
77,1131,3,1001583455
77,98,4,1001584237
77,1082,5,1001585110
77,795,5,1001585398
77,1723,5,1001585718
77,1455,3,1001586332
77,279,3,1001587068
77,1552,4,1001588021
77,560,4,1001588855
77,1855,5,1001589485
77,1192,5,1001589640
77,61,3,1001590415
77,1467,3,1001590910
77,313,4,1001591092
77,1876,4,1001591136
77,1403,5,1001591274
77,963,5,1001591305
77,1183,3,1001592253
77,764,3,1001593138
77,192,4,1001593706
77,1837,5,1001594148
78,1719,5,1001594576
78,217,5,1001594910
78,1191,3,1001594986
78,666,5,1001595977
78,468,3,1001596185
78,1519,3,1001596868
78,10,5,1001597130
78,1043,3,1001597370
78,388,4,1001597949
78,837,5,1001598898
78,1394,3,1001599107
78,1206,4,1001599499
78,501,4,1001600097
78,336,4,1001600738
78,1742,5,1001601694
78,1529,5,1001602219
78,1009,4,1001602667
78,782,3,1001603421
78,896,3,1001603648
78,737,5,1001604528
78,653,4,1001605487
78,59,5,1001606472
78,777,4,1001607001
78,1108,5,1001607428
78,521,4,1001607868
78,711,4,1001607917
78,1469,3,1001608443
78,954,5,1001609309
78,423,5,1001609999
78,1467,5,1001610745
78,1075,5,1001610926
78,1194,5,1001611175
78,1926,5,1001611819
78,671,5,1001612104
78,1551,4,1001612905
78,1064,5,1001612972
78,480,5,1001613469
78,100,4,1001614375
78,1162,4,1001614486
78,572,4,1001615036
78,1347,4,1001615891
78,1360,3,1001616627
78,882,5,1001617146
78,1019,3,1001617651
78,1200,4,1001618142
78,900,4,1001618351
79,1108,5,1001619149
79,1060,4,1001619223
79,837,3,1001620094
79,1942,4,1001620404
79,1044,4,1001621347
79,1841,5,1001622303
79,1609,5,1001622503
79,606,3,1001623402
79,1785,3,1001623620
79,518,3,1001624229
79,1340,4,1001624477
79,169,4,1001625000
79,220,4,1001625117
79,316,5,1001625712
79,423,4,1001626167
79,292,5,1001626251
79,713,5,1001627138
79,981,4,1001627798
79,962,4,1001627979
79,1462,3,1001628874
79,31,3,1001629015
79,1913,5,1001629389
79,568,4,1001629995
79,197,5,1001630908
79,1802,3,1001631841
79,349,3,1001632413
79,1897,5,1001632820
79,947,5,1001633728
79,562,5,1001634471
79,323,5,1001634505
79,1434,5,1001634790
79,1707,4,1001634811
79,1782,3,1001635550
79,1655,3,1001636494
79,1107,4,1001636523
79,1592,5,1001637165
79,1862,3,1001637963
79,48,3,1001638119
79,876,5,1001638395
79,424,4,1001638560
79,1999,4,1001639341
79,1618,4,1001639665
79,618,3,1001640227
79,1923,4,1001640825
79,49,4,1001641122
79,415,5,1001641740
79,1292,4,1001642048
79,1610,5,1001642347
79,1741,4,1001642879
79,640,3,1001643629
79,829,5,1001644264
79,965,4,1001645194
79,1703,3,1001645697
79,734,5,1001646198
79,425,5,1001646905
79,880,4,1001647685
80,837,3,1001648123
80,1318,5,1001648500
80,1925,4,1001649484
80,1556,5,1001650296
80,1614,5,1001650767
80,423,4,1001651576
80,1436,3,1001652039
80,555,4,1001652401
80,415,4,1001652902
80,1367,4,1001653549
80,1784,4,1001653819
80,1495,3,1001654575
80,1467,5,1001655001
80,86,4,1001655244
80,303,3,1001655468
80,1247,4,1001655896
80,512,4,1001656599
80,982,5,1001657242
80,302,4,1001658117
80,524,5,1001658693
80,381,5,1001659162
80,1204,5,1001660008
80,350,5,1001660713
80,1532,3,1001661424
80,1816,5,1001662388
80,110,4,1001663043
80,1880,4,1001663746
80,653,5,1001663833
80,1201,5,1001664170
80,389,4,1001664397
80,1589,3,1001664598
80,1620,4,1001664648
80,1952,4,1001665145
80,1974,3,1001665353
80,174,4,1001665499
80,1190,5,1001666299
80,628,5,1001666906
80,258,4,1001667804
80,332,3,1001668549
80,1844,4,1001668849
80,1284,3,1001669741
81,837,5,1001669977
81,207,4,1001669987
81,1362,3,1001670902
81,1995,4,1001671761
81,74,4,1001672334
81,1537,4,1001672686
81,1086,4,1001672810
81,1139,5,1001673461
81,1697,4,1001673501
81,665,5,1001674406
81,1518,4,1001674429
81,192,4,1001674501
81,754,4,1001674820
81,530,4,1001675403
81,708,4,1001676023
81,1252,5,1001676919
81,1766,4,1001677048
81,1258,4,1001677606
81,1254,4,1001678194
81,1536,5,1001678498
81,422,3,1001678635
81,571,5,1001679112
81,123,5,1001680031
81,676,4,1001680694
82,423,5,1001681328
82,1977,4,1001681764
82,1108,4,1001682230
82,837,3,1001682606
82,1061,5,1001683107
82,76,3,1001683656
82,748,5,1001684028
82,1382,5,1001684284
82,1595,4,1001684423
82,563,5,1001685408
82,1056,3,1001686118
82,1647,5,1001686290
82,747,5,1001686820
82,1363,4,1001687266
82,646,4,1001688116
82,1176,3,1001688329
82,703,3,1001689208
82,415,4,1001689487
82,1095,3,1001690249
82,1274,4,1001691014
82,1546,4,1001691550
82,1533,4,1001692135
82,1564,5,1001692227
82,435,3,1001692891
82,263,3,1001693126
82,1111,4,1001693940
82,1460,3,1001694198
82,1992,3,1001694709
82,743,3,1001695429
82,613,4,1001695504
82,808,5,1001696194
82,1543,5,1001696350
82,487,3,1001696493
82,1930,4,1001696786
82,1110,4,1001697431
82,1554,3,1001698312
82,1630,4,1001699141
82,1006,4,1001700125
82,1509,5,1001700532
82,754,4,1001701425
82,1618,4,1001701915
82,1626,4,1001702222
82,1254,4,1001702571
82,489,4,1001703049
82,1959,5,1001703328
82,1929,5,1001704088
82,1330,4,1001704578
83,1134,3,1001704665
83,837,5,1001704978
83,297,5,1001705703
83,1915,5,1001706543
83,982,5,1001707048
83,469,4,1001707437
83,1616,4,1001707730
83,235,4,1001708121
83,854,3,1001708494
83,1108,5,1001708883
83,455,4,1001709728
83,1620,3,1001710472
83,230,3,1001710710
83,366,3,1001711578
83,182,5,1001712203
83,1535,3,1001712792
83,1690,5,1001713071
83,25,4,1001713670
83,1580,3,1001714038
83,1950,4,1001714645
84,837,4,1001715305
84,1134,4,1001715655
84,998,4,1001715992
84,966,3,1001716548
84,850,4,1001717089
84,41,4,1001718061
84,1011,3,1001718522
84,423,4,1001719039
84,121,4,1001719193
84,92,4,1001719356
84,458,4,1001719985
84,105,4,1001720116
84,1910,3,1001720772
84,1264,4,1001721449
84,880,5,1001722258
84,1032,5,1001723247
84,1370,5,1001723441
84,1832,4,1001724436
84,1148,5,1001724540
84,1294,4,1001724644
84,349,5,1001725139
84,1151,5,1001726086
84,691,5,1001726787
84,1914,5,1001727660
84,868,4,1001728477
84,1108,4,1001728867
84,1785,3,1001729753
84,1616,3,1001730671
84,1077,5,1001731253
84,1816,4,1001731946
84,1614,3,1001732593
84,824,4,1001733160
84,1755,5,1001733676
84,817,4,1001734146
84,517,4,1001734750
84,1292,4,1001734920
84,756,5,1001735446
84,1302,5,1001736191
84,861,4,1001737085
84,1582,5,1001737652
84,1887,5,1001737691
84,1065,5,1001737780
84,1467,4,1001737907
84,328,5,1001738479
84,1191,5,1001738628
84,303,3,1001739022
84,1707,4,1001740004
84,895,5,1001740071
84,348,4,1001740966
84,377,3,1001741575
84,1549,4,1001742092
84,1874,3,1001742184
84,201,3,1001743043
84,226,4,1001743707
84,1339,4,1001744225
84,722,5,1001744233
85,837,5,1001744261
85,688,5,1001744769
85,946,5,1001744793
85,423,3,1001745433
85,1618,3,1001746321
85,234,4,1001746580
85,1676,4,1001747452
85,1724,3,1001747694
85,1390,4,1001748267
85,1648,5,1001748934
85,1467,4,1001749879
85,468,5,1001750314
85,1609,3,1001751274
85,1993,3,1001752209
85,27,4,1001752879
85,880,4,1001752897
85,69,3,1001753513
85,1081,4,1001754265
85,1225,4,1001754883
85,1707,5,1001755773
85,988,5,1001756034
85,1028,5,1001757025
85,776,3,1001757112
85,710,4,1001758029
85,1744,4,1001758359
85,584,5,1001758902
85,780,5,1001758978
85,583,5,1001759715
85,1166,4,1001760711
85,1605,3,1001760847
85,335,4,1001760981
85,503,4,1001761544
85,247,3,1001762404
85,321,5,1001762629
85,792,4,1001763068
85,1506,4,1001763725
85,1063,4,1001764447
85,153,5,1001764920
85,1108,5,1001765361
85,1571,4,1001766294
85,763,3,1001766726
85,485,3,1001767273
86,1108,4,1001767275
86,1979,5,1001768189
86,1846,5,1001768209
86,837,4,1001768813
86,450,4,1001769014
86,483,3,1001769104
86,1631,5,1001769230
86,423,3,1001770032
86,1281,5,1001770540
86,1489,4,1001771292
86,415,4,1001771763
86,1513,3,1001772078
86,806,5,1001772136
86,1922,5,1001772182
86,1774,3,1001772805
86,1467,4,1001773577
86,1690,5,1001774342
86,814,4,1001774868
86,597,3,1001775226
86,1565,5,1001775638
86,1436,3,1001775684
86,1933,5,1001776401
86,1477,4,1001776415
86,449,5,1001776547
86,542,5,1001777129
86,1207,4,1001777596
86,565,4,1001777643
86,1694,5,1001778035
86,1010,5,1001778385
86,1591,3,1001778448
86,51,5,1001778596
86,1183,5,1001779026
86,1895,3,1001779480
86,1621,5,1001780070
86,464,5,1001780110
86,98,5,1001781049
86,1542,4,1001781144
86,1792,4,1001782092
86,1915,4,1001782109
86,1680,4,1001782882
86,445,4,1001783575
86,354,5,1001783813
86,116,5,1001784014
86,1222,4,1001784681
86,1040,5,1001785084
86,282,5,1001785872
86,971,4,1001786014
86,1189,4,1001786259
86,1494,4,1001787139
86,907,3,1001787422
86,728,3,1001787748
86,1357,4,1001788396
86,1392,3,1001789390
87,1209,5,1001789803
87,1341,4,1001789872
87,633,3,1001790020
87,1240,5,1001790447
87,837,3,1001791342
87,1798,4,1001792042
87,1607,3,1001792149
87,334,5,1001792881
87,1705,4,1001793380
87,1002,4,1001794098
87,363,4,1001794907
87,1506,4,1001795280
87,1108,5,1001795758
87,1467,3,1001796502
87,1923,4,1001797261
87,1973,5,1001797987
87,265,4,1001798827
87,1514,4,1001798903
87,12,5,1001799714
87,1097,3,1001800041
87,250,4,1001800339
87,1182,4,1001800476
87,1328,4,1001801474
87,186,3,1001801739
87,1891,4,1001802007
87,1171,4,1001802874
87,830,5,1001803803
87,1834,5,1001804197
87,901,5,1001804463
87,314,3,1001804533
87,426,5,1001804833
87,1818,5,1001805044
87,395,5,1001805452
87,820,5,1001805535
87,1867,5,1001805934
87,1256,4,1001806709
87,386,4,1001807675
87,1048,4,1001808621
87,362,5,1001809298
87,1764,3,1001809617
87,80,5,1001809936
87,835,4,1001810370
87,147,4,1001810775
87,1324,5,1001811016
87,1919,4,1001811803
87,1640,4,1001812090
87,568,5,1001812548
87,423,3,1001813488
87,234,5,1001813837
87,172,5,1001814720
87,1184,3,1001815472
87,566,5,1001815989
87,1992,4,1001816093
87,774,3,1001816611
87,888,4,1001816820
87,1860,3,1001817051
87,1962,5,1001817135
87,1176,4,1001817790
88,837,5,1001818494
88,1542,5,1001819307
88,1969,5,1001820176
88,672,3,1001820182
88,977,5,1001821135
88,925,4,1001821696
88,423,4,1001821825
88,1108,3,1001822354
88,13,4,1001822896
88,1203,3,1001823890
88,35,4,1001824097
88,971,4,1001825041
88,924,3,1001825299
88,1400,4,1001825575
88,340,4,1001826401
88,1325,4,1001826794
88,1858,5,1001826883
88,810,4,1001827762
88,764,5,1001828184
88,89,5,1001829143
88,162,3,1001829154
89,1565,5,1001829860
89,1009,4,1001830569
89,665,5,1001831305
89,837,5,1001831536
89,1858,5,1001832022
89,89,3,1001832856
89,997,5,1001833007
89,1901,4,1001833397
89,416,5,1001834083
89,1432,4,1001834402
89,248,4,1001834947
89,423,4,1001835780
89,693,5,1001835809
89,1427,5,1001836484
89,104,5,1001836489
89,1287,5,1001836966
89,1694,5,1001837072
89,728,4,1001837109
89,5,4,1001837600
89,1993,4,1001837663
89,1108,4,1001838275
89,1173,5,1001838925
89,1766,5,1001839855
89,1871,3,1001839923
89,100,4,1001840878
89,444,4,1001841412
89,288,3,1001842070
89,1516,3,1001842282
89,119,4,1001843063
89,1810,4,1001843205
89,57,4,1001843767
89,1118,5,1001844512
89,579,5,1001844536
89,1010,3,1001844630
89,959,4,1001845112
89,1484,3,1001845834
89,1056,3,1001846150
89,920,4,1001847011
89,1467,4,1001847191
89,1851,4,1001848139
90,213,5,1001848975
90,760,5,1001849643
90,837,5,1001850046
90,974,4,1001850312
90,1197,5,1001850733
90,65,3,1001850737
90,1827,4,1001851492
90,247,5,1001852455
90,1676,5,1001852602
90,1108,4,1001853283
90,398,5,1001853472
90,1240,3,1001854329
90,793,4,1001855276
90,1867,4,1001855901
90,738,3,1001856249
90,423,5,1001856779
90,1160,4,1001856973
90,648,4,1001857117
90,1881,3,1001857278
90,274,4,1001858176
90,466,3,1001858539
90,1724,5,1001859216
90,95,5,1001859276
90,797,4,1001859975
90,1058,3,1001859978
90,1150,5,1001860662
90,308,4,1001861472
90,540,4,1001861523
90,1891,4,1001862136
90,1604,3,1001862196
90,200,5,1001862695
90,519,3,1001863629
90,956,4,1001864099
90,1966,4,1001864833
90,204,4,1001865628
90,1180,3,1001866447
90,647,4,1001867294
90,1373,3,1001867542
90,513,5,1001867952
90,1611,4,1001868811
90,180,3,1001869215
90,1633,5,1001869877
90,422,3,1001870874
90,1215,3,1001871425
90,681,5,1001871991
90,1278,3,1001872200
90,547,4,1001872684
90,1182,4,1001873434
90,21,3,1001874344
90,727,3,1001875172
90,1661,4,1001876117
90,976,4,1001877104
90,1048,3,1001877649
90,1293,3,1001877796
90,901,4,1001877910
91,174,4,1001877966
91,837,4,1001878379
91,923,5,1001878642
91,1665,4,1001879156
91,1756,4,1001879592
91,657,4,1001880074
91,320,4,1001880879
91,603,5,1001881589
91,1339,4,1001881771
91,971,4,1001882357
91,1919,4,1001882540
91,1108,4,1001883468
91,1584,4,1001883662
91,1832,4,1001884555
91,1269,4,1001885014
91,1367,5,1001885276
91,553,3,1001886011
91,1613,3,1001886291
91,1995,4,1001886420
91,915,4,1001887398
91,608,4,1001887999
91,423,5,1001888916
91,1845,4,1001889738
91,1518,5,1001890460
91,1114,4,1001891354
91,1791,3,1001892319
91,1577,4,1001892380
91,483,4,1001893201
91,561,5,1001893340
91,1283,5,1001893563
91,240,4,1001893758
91,376,5,1001894711
91,1466,4,1001895519
91,631,5,1001896030
91,1471,4,1001896862
91,1252,4,1001897352
91,824,5,1001898311
91,538,3,1001898674
91,121,4,1001899622
91,754,4,1001900322
91,415,4,1001900870
91,303,5,1001901563
91,1478,4,1001902193
91,422,4,1001903183
91,457,5,1001903575
92,423,4,1001903654
92,907,3,1001904259
92,837,4,1001904943
92,527,4,1001905826
92,1065,5,1001905965
92,472,4,1001906530
92,1552,4,1001906550
92,1694,3,1001907111
92,1108,4,1001907831
92,1801,4,1001908339
92,1131,5,1001909124
92,1558,5,1001909815
92,813,3,1001910179
92,113,4,1001910661
92,1755,4,1001910753
92,1634,4,1001910773
92,764,4,1001911411
92,1198,4,1001912102
92,271,5,1001912851
92,647,3,1001913087
92,1591,5,1001913728
92,1887,5,1001913990
92,678,3,1001914869
92,540,5,1001914931
92,1397,4,1001915471
92,1489,3,1001916102
92,161,5,1001916393
92,920,5,1001916896
92,1874,5,1001917667
92,697,4,1001918315
92,89,3,1001918654
92,1507,3,1001919304
92,1170,5,1001919399
92,1664,4,1001919896
92,877,4,1001920049
92,1473,4,1001920581
92,337,3,1001920906
92,1987,4,1001921585
92,342,5,1001921965
92,1672,5,1001922508
92,400,4,1001923209
92,1582,4,1001923924
92,1749,5,1001924065
92,1779,3,1001924172
92,990,5,1001924387
92,885,3,1001925362
92,1679,5,1001926311
92,1263,4,1001926490
92,427,4,1001926920
92,923,3,1001927300
92,728,5,1001928268
92,1380,4,1001929106
92,371,5,1001929112
92,831,5,1001929495
92,1720,5,1001930248
92,1092,4,1001930392
92,1809,5,1001931124
92,416,4,1001931201
92,895,4,1001931669
92,1025,4,1001931909
93,1713,3,1001932303
93,837,5,1001932919
93,1827,5,1001933038
93,1689,3,1001933088
93,1108,3,1001933545
93,378,5,1001934437
93,1849,4,1001935036
93,745,4,1001935446
93,423,5,1001936096
93,63,3,1001936695
93,675,5,1001937527
93,1053,5,1001937835
93,1397,4,1001938682
93,789,4,1001938696
93,1541,5,1001938872
93,1847,5,1001939618
93,394,4,1001939891
93,1949,4,1001940852
93,753,3,1001941763
93,855,4,1001942075
93,1748,5,1001942618
93,1714,3,1001943267
93,1643,5,1001943808
93,223,4,1001944470
93,1288,5,1001945035
93,1534,3,1001945497
93,1695,4,1001945618
93,1594,4,1001945832
93,1892,5,1001946457
93,1522,5,1001947313
93,1946,3,1001947576
93,1056,3,1001948106
93,1794,3,1001948225
93,1475,5,1001949060
93,1311,5,1001949498
93,620,3,1001949695
93,94,5,1001950440
93,526,5,1001951281
93,1421,5,1001951678
93,1709,4,1001951934
93,17,5,1001952112
93,415,5,1001952571
93,1380,5,1001952834
93,529,4,1001953081
93,318,4,1001953442
93,173,4,1001953593
93,1280,4,1001954402
93,1170,5,1001955294
93,1701,5,1001955517
93,611,5,1001956257
93,302,5,1001956857
93,1618,3,1001956937
93,1956,4,1001957896
93,681,4,1001958216
93,1710,4,1001959101
93,1487,4,1001959986
93,1787,4,1001960740
93,860,4,1001961646
94,1259,4,1001962044
94,837,5,1001962829
94,467,5,1001962845
94,684,5,1001963342
94,423,5,1001964154
94,1422,5,1001964502
94,1108,5,1001965253
94,1776,3,1001965405
94,996,3,1001965784
94,801,5,1001966551
94,274,5,1001966998
94,1103,4,1001967224
94,1057,4,1001967628
94,709,4,1001967642
94,1935,3,1001968474
94,13,4,1001968989
94,578,4,1001969351
94,1905,5,1001969577
94,557,3,1001970407
94,1979,4,1001970917
94,1351,4,1001971142
94,1122,3,1001971257
94,1927,3,1001971665
94,195,3,1001972630
94,1604,5,1001973468
94,588,4,1001974043
94,1622,3,1001974350
94,1704,4,1001975056
94,1705,5,1001975070
94,1722,3,1001976037
94,1511,3,1001976957
94,343,5,1001977002
94,91,4,1001977161
94,701,5,1001977763
94,630,5,1001977994
94,1543,3,1001978265
94,1513,4,1001978935
94,1950,5,1001979442
94,858,5,1001979678
94,1595,5,1001980402
94,1989,4,1001980544
94,1576,3,1001980729
95,275,4,1001981524
95,837,4,1001981734
95,1143,4,1001982006
95,1108,4,1001982978
95,980,4,1001983255
95,95,3,1001983399
95,139,5,1001983607
95,527,5,1001984053
95,1145,4,1001984075
95,1013,5,1001984948
95,1709,4,1001984955
95,559,4,1001985300
95,647,4,1001986117
95,1467,4,1001986692
95,974,4,1001987347
95,1056,4,1001987930
95,437,3,1001988208
95,932,4,1001989173
95,271,5,1001989954
95,1946,4,1001990392
95,423,4,1001990652
95,785,5,1001990780
95,526,4,1001991474
95,513,5,1001991535
95,150,3,1001991902
95,678,5,1001992576
95,1883,4,1001993175
95,775,5,1001993973
95,1564,3,1001994629
95,967,4,1001994796
95,938,5,1001995120
95,1652,4,1001995292
95,52,4,1001995859
95,1745,3,1001996267
95,1003,4,1001996272
95,699,3,1001997084
95,1827,4,1001997201
95,690,3,1001997621
95,1936,4,1001998226
95,1873,4,1001998749
95,525,5,1001998895
95,1619,3,1001999264
95,360,4,1001999786
95,1476,4,1001999937
95,195,5,1002000608
95,367,3,1002001244
95,1029,4,1002001669
95,1499,4,1002002158
95,1460,5,1002002834
96,837,5,1002003309
96,1767,4,1002003621
96,1285,4,1002003978
96,1378,4,1002004488
96,415,4,1002004865
96,777,5,1002005409
96,674,3,1002006380
96,1671,5,1002006991
96,1388,3,1002007029
96,1610,5,1002007245
96,1108,3,1002007342
96,417,4,1002007556
96,251,3,1002008096
96,651,4,1002008923
96,1242,4,1002009885
96,1951,4,1002009954
96,29,5,1002010155
96,968,4,1002010292
96,457,5,1002010962
96,1346,5,1002011805
96,1535,4,1002012771
96,257,5,1002013519
96,1791,4,1002014272
96,60,4,1002014792
96,714,4,1002015248
96,1325,5,1002015549
96,256,4,1002015662
96,1833,3,1002016147
97,1437,3,1002016721
97,837,4,1002017484
97,793,3,1002017552
97,1756,5,1002018185
97,1037,3,1002018304
97,423,5,1002019213
97,850,3,1002019285
97,1180,4,1002019614
97,1485,5,1002020420
97,727,4,1002021229
97,1592,5,1002022150
97,47,5,1002022869
97,1630,5,1002023849
97,946,4,1002024390
97,368,5,1002025186
97,1618,4,1002025312
97,1171,5,1002025514
97,1002,4,1002026219
97,1108,5,1002026726
97,765,5,1002026888
97,1935,4,1002027605
97,1160,4,1002028443
97,1028,5,1002028679
97,1990,4,1002028995
97,422,4,1002029720
97,760,3,1002030452
97,1518,4,1002030612
97,1465,4,1002031215
97,1954,5,1002032097
97,1338,4,1002032365
97,594,4,1002033320
97,189,4,1002034082
97,1881,4,1002034887
97,247,4,1002035566
97,1112,3,1002035866
97,756,5,1002036514
98,1994,4,1002036915
98,837,5,1002037146
98,263,5,1002037334
98,156,3,1002037521
98,385,4,1002038244
98,27,4,1002038831
98,823,4,1002039301
98,264,3,1002039734
98,293,4,1002040305
98,585,5,1002041110
98,423,3,1002041156
98,1667,5,1002041867
98,527,5,1002042548
98,872,5,1002043337
98,171,5,1002043394
98,1170,3,1002043976
98,1049,5,1002044696
98,1894,4,1002044769
98,1759,4,1002044890
98,1150,4,1002045498
98,1379,3,1002046330
98,980,3,1002047223
98,1779,5,1002047233
98,1108,5,1002047901
98,770,5,1002048071
98,44,4,1002048302
98,1164,3,1002049002
99,423,4,1002049825
99,837,5,1002049975
99,1467,3,1002050637
99,1783,5,1002050811
99,1827,5,1002051703
99,113,4,1002052174
99,513,5,1002052179
99,1281,3,1002052346
99,1772,5,1002052668
99,848,4,1002053226
99,98,5,1002053255
99,1618,5,1002054114
99,810,4,1002054554
99,357,3,1002055124
99,1056,4,1002055471
99,213,5,1002056308
99,843,5,1002056645
99,1220,3,1002056754
99,861,4,1002056776
99,987,4,1002057093
99,1785,4,1002057578
99,271,4,1002057803
99,974,3,1002058028
99,1108,4,1002058488
99,527,4,1002059227
99,1782,4,1002059244
99,1565,5,1002059771
99,1081,5,1002060584
99,1018,4,1002061266
99,109,4,1002062143
99,1150,4,1002062576
99,1101,4,1002063155
99,349,3,1002063748
99,415,3,1002064699
99,359,4,1002064972
99,1857,5,1002065431
99,1558,3,1002066012
99,1634,4,1002066715
99,1664,3,1002066771
99,246,3,1002067178
99,1380,5,1002067873
99,1412,4,1002068402
99,517,5,1002069257
100,525,3,1002069967
100,837,3,1002070963
100,1743,3,1002071791
100,642,5,1002072191
100,186,3,1002072947
100,423,4,1002073487
100,1299,3,1002073604
100,42,4,1002073659
100,1363,4,1002074404
100,1108,4,1002074904
100,1588,4,1002075137
100,310,4,1002075524
100,1607,4,1002076454
100,993,3,1002077169
100,317,5,1002077421
100,1254,3,1002078107
100,605,5,1002078772
100,862,3,1002079382
100,1481,4,1002079504
100,1238,5,1002080405
100,1274,5,1002081010
100,617,4,1002081909
100,1027,4,1002082256
100,211,4,1002082960
100,154,4,1002083943
100,874,5,1002084793
100,421,4,1002085517
100,856,3,1002085568
100,1738,3,1002085726
100,1800,4,1002086253
100,1894,5,1002086901
100,148,5,1002087887
100,621,4,1002088193
100,887,5,1002088328
100,1330,4,1002089056
100,1410,5,1002089078
100,1538,5,1002089870
100,955,3,1002089953
100,1106,3,1002090653
100,1930,5,1002090842
100,435,5,1002090887
100,1596,4,1002091491
100,1456,4,1002091697
100,221,4,1002092570
100,1860,5,1002093338
100,1721,5,1002094090
100,1536,5,1002095053
100,196,4,1002095172
100,1358,4,1002095721
101,837,5,1002096717
101,1346,4,1002097564
101,956,5,1002097846
101,651,4,1002098367
101,1186,3,1002099287
101,1577,3,1002100068
101,1690,5,1002100748
101,132,4,1002101237
101,921,3,1002101824
101,1174,4,1002102584
101,29,4,1002103078
101,971,4,1002103085
101,423,5,1002103267
101,428,5,1002103503
101,1138,4,1002103968
101,558,4,1002104470
101,1866,3,1002105304
101,1108,3,1002106137
101,464,5,1002106335
101,338,5,1002106717
101,415,5,1002107380
101,585,5,1002107721
101,1467,5,1002108545
101,1046,3,1002109166
101,91,4,1002109419
101,1,4,1002109781
101,1298,4,1002110551
101,271,4,1002111098
101,683,4,1002111818
101,1057,4,1002112056
101,257,4,1002112897
101,1122,4,1002113121
101,1103,4,1002113450
101,1228,4,1002114220
101,1645,5,1002114381
101,844,4,1002114860
101,1779,4,1002114861
101,996,4,1002114952
101,972,4,1002115284
101,1325,5,1002115744
101,1263,4,1002116189
101,13,4,1002117096
101,1955,5,1002118089
102,837,5,1002118339
102,1780,5,1002118851
102,1756,5,1002119644
102,1995,3,1002120315
102,465,4,1002120452
102,20,5,1002120951
102,1108,3,1002121849
102,298,5,1002122132
102,732,5,1002122842
102,817,4,1002123335
102,1430,4,1002123510
102,1456,5,1002124356
102,230,4,1002124566
102,1078,4,1002125287
102,589,4,1002126216
102,121,5,1002127115
102,193,5,1002128034
102,850,4,1002128179
102,263,4,1002128832
102,423,4,1002129426
102,889,5,1002129807
102,1382,5,1002130298
102,698,5,1002130660
102,406,4,1002131652
102,297,5,1002132239
102,967,4,1002132802
102,939,5,1002133672
102,715,5,1002134075
102,1931,3,1002134288
102,73,4,1002134767
102,1622,4,1002134939
102,309,5,1002135680
102,613,4,1002135826
102,566,4,1002136357
102,1467,5,1002137108
102,957,3,1002137497
102,1630,4,1002137820
102,1514,5,1002138638
102,1151,4,1002139357
102,549,5,1002140116
102,1573,4,1002140458
102,1743,5,1002140958
102,102,5,1002141338
102,1910,5,1002142256
102,578,4,1002142560
102,1564,3,1002142889
102,1460,4,1002143786
102,1764,4,1002144132
102,1666,3,1002144613
102,828,4,1002145193
102,367,3,1002145775
102,815,5,1002146523
102,1614,4,1002146573
102,267,5,1002147336
102,1301,3,1002148300
103,837,3,1002149254
103,1003,4,1002150069
103,1362,3,1002150921
103,970,4,1002151437
103,1130,4,1002151596
103,423,4,1002151723
103,85,5,1002152271
103,1015,5,1002152774
103,816,5,1002153493
103,638,5,1002154391
103,10,4,1002155312
103,1670,3,1002155469
103,723,4,1002155679
103,391,3,1002156012
103,1619,5,1002156693
103,1786,4,1002156834
103,106,4,1002157617
103,145,4,1002157984
103,279,3,1002158138
103,1108,4,1002158869
103,572,4,1002159474
103,11,4,1002160236
103,45,4,1002160677
103,811,3,1002160881
103,1093,5,1002161844
103,1216,4,1002162001
103,899,5,1002162002
103,906,4,1002162062
103,1467,5,1002162790
103,621,5,1002163120
103,510,3,1002163528
103,1647,5,1002163936
103,1364,5,1002164730
103,950,5,1002165296
103,607,4,1002166035
103,272,5,1002166261
104,192,5,1002166656
104,1272,5,1002167310
104,1257,5,1002168122
104,670,3,1002168182
104,135,5,1002168674
104,930,4,1002169422
104,605,5,1002170055
104,1976,5,1002170306
104,19,4,1002170645
104,686,5,1002170912
104,147,5,1002170949
104,1140,4,1002171521
104,837,4,1002172163
104,1363,3,1002172520
104,1821,3,1002172735
104,696,4,1002173605
104,326,3,1002173942
104,1414,4,1002174376
104,721,4,1002174934
104,1504,5,1002175177
104,1467,5,1002176124
104,1793,5,1002176539
104,1108,3,1002176594
104,1757,5,1002177211
104,1135,4,1002177780
104,1371,5,1002178305
104,1068,4,1002179233
104,146,5,1002179249
104,423,4,1002179344
104,888,3,1002179623
104,313,5,1002179696
104,757,5,1002180119
104,1273,5,1002180362
104,1839,4,1002180456
104,1469,5,1002180757
104,951,3,1002181430
104,960,4,1002181865
104,1647,5,1002182166
104,1596,4,1002183026
104,322,4,1002183040
104,1239,5,1002183286
104,1685,5,1002184222
104,1538,5,1002184304
104,219,5,1002184884
104,772,5,1002185202
104,906,3,1002186138
104,476,5,1002186804
104,1315,5,1002187603
104,825,4,1002188053
104,564,5,1002188864
104,627,4,1002189172
104,1656,5,1002189486
105,298,4,1002189546
105,837,3,1002189869
105,1930,4,1002190274
105,1697,4,1002190772
105,899,3,1002191068
105,704,4,1002191225
105,1410,4,1002191466
105,832,5,1002191820
105,27,4,1002191859
105,489,4,1002192392
105,1914,5,1002192680
105,685,4,1002193008
105,1873,4,1002193465
105,97,4,1002193673
105,1276,5,1002194156
105,1108,4,1002194491
105,646,3,1002195486
105,1012,5,1002196187
105,884,5,1002196754
105,1295,3,1002197322
105,1078,3,1002197538
105,1744,4,1002198037
105,1415,4,1002198856
105,1187,4,1002199529
105,231,5,1002199854
105,127,4,1002200032
105,1032,5,1002200442
105,571,5,1002201386
105,1467,5,1002202021
105,341,3,1002202347
105,272,3,1002202449
105,708,5,1002202527
105,823,4,1002203234
105,55,5,1002203724
105,1521,5,1002204505
105,1538,3,1002204687
105,82,5,1002205158
105,123,5,1002205478
105,1510,5,1002206297
105,14,5,1002206501
105,874,4,1002206872
105,264,4,1002207305
105,1130,3,1002207751
105,1999,5,1002208105
105,407,5,1002208141
105,1894,4,1002208735
105,1667,3,1002209050
105,1980,4,1002209071
105,1479,4,1002209484
105,1648,4,1002209684
105,1139,5,1002210592
105,1670,3,1002211446
105,278,4,1002212151
105,1412,4,1002212522
105,1249,5,1002212636
105,125,4,1002213576
105,479,4,1002214057
106,187,4,1002214685
106,423,5,1002215416
106,837,4,1002216082
106,1605,4,1002216203
106,653,4,1002216265
106,1047,4,1002216901
106,477,5,1002216917
106,460,3,1002217193
106,1563,4,1002218177
106,631,5,1002218915
106,284,4,1002219869
106,1738,3,1002220283
106,883,5,1002220542
106,1108,4,1002220796
106,19,4,1002221346
106,300,4,1002222116
106,557,4,1002222143
106,259,5,1002223001
106,989,4,1002223427
106,1278,5,1002223799
106,1371,3,1002224023
106,21,3,1002224035
106,736,4,1002224624
106,808,3,1002225136
106,1669,4,1002225613
106,1851,4,1002225775
106,1954,3,1002226209
106,581,5,1002226307
106,912,4,1002226734
106,1629,4,1002227434
106,604,4,1002227848
106,725,4,1002227929
106,468,5,1002228756
106,1221,4,1002229660
106,1422,5,1002229742
106,69,5,1002229877
106,1518,5,1002230869
106,1301,3,1002230947
106,415,3,1002231135
106,594,4,1002231836
106,1948,4,1002232826
106,1341,4,1002233064
106,1256,5,1002233311
106,1349,3,1002233929
106,1947,3,1002234831
106,650,5,1002235534
106,524,4,1002236157
107,342,3,1002236281
107,1015,3,1002236824
107,564,4,1002237467
107,837,4,1002237746
107,1136,4,1002237778
107,1775,4,1002238308
107,1704,4,1002238406
107,481,3,1002239157
107,238,4,1002239446
107,1364,5,1002240070
107,1899,4,1002240823
107,536,5,1002241777
107,1473,5,1002242488
107,1752,3,1002243436
107,1246,4,1002243963
107,1108,4,1002244957
107,1733,5,1002245277
107,1967,4,1002245623
107,1898,5,1002245832
107,1822,4,1002246328
107,1461,5,1002246947
107,1068,3,1002247418
107,1069,4,1002247754
107,1467,5,1002248422
107,1449,4,1002248663
107,522,3,1002248669
107,602,5,1002249489
107,1766,5,1002250133
107,423,3,1002250176
107,119,5,1002250191
107,882,4,1002251063
107,1717,4,1002251237
107,1911,4,1002251273
107,1685,4,1002251714
107,869,5,1002252271
107,1687,4,1002252889
107,1821,3,1002253884
107,1035,5,1002254017
107,638,5,1002254151
107,1065,3,1002254330
107,1501,4,1002254766
107,216,5,1002255622
107,1409,5,1002256007
107,1887,4,1002256988
107,1200,3,1002257106
108,1574,5,1002257754
108,1372,5,1002258090
108,837,3,1002258314
108,1970,4,1002259071
108,1108,4,1002259230
108,1812,5,1002259939
108,304,3,1002259962
108,724,4,1002260298
108,133,4,1002260973
108,1477,4,1002261659
108,1007,5,1002262396
108,617,4,1002262834
108,1895,4,1002263295
108,1823,4,1002263870
108,748,5,1002264313
108,857,4,1002264364
108,913,5,1002264935
108,23,4,1002265795
108,985,5,1002266622
108,743,3,1002267469
108,1768,5,1002268369
109,837,3,1002269110
109,1194,4,1002270062
109,270,4,1002271049
109,1467,3,1002271692
109,73,5,1002271735
109,762,5,1002272622
109,1024,4,1002273257
109,1529,4,1002273381
109,833,5,1002274365
109,66,4,1002275360
109,446,4,1002275525
109,967,5,1002275757
109,541,4,1002276512
109,1108,3,1002276522
109,1033,3,1002276539
109,423,4,1002276700
109,415,3,1002277547
109,1808,3,1002277579
109,421,5,1002277933
109,1396,5,1002278204
109,1288,5,1002278519
109,620,4,1002278543
109,1313,5,1002279109
109,1654,3,1002279741
109,125,5,1002280427
109,1691,4,1002281331
109,67,4,1002281699
109,1786,4,1002282012
109,1930,4,1002282697
109,1369,4,1002283146
109,1953,3,1002283210
109,78,4,1002284205
109,20,5,1002285060
109,44,5,1002285282
109,934,5,1002285966
109,1260,4,1002286026
109,983,3,1002286265
109,1391,4,1002286823
109,929,5,1002286924
109,75,4,1002287548
109,491,5,1002288379
109,1984,3,1002288401
109,726,3,1002288626
109,682,4,1002289467
110,1251,4,1002290052
110,217,4,1002290693
110,1019,5,1002290937
110,837,3,1002291337
110,151,5,1002292027
110,1626,4,1002292148
110,1389,5,1002292901
110,1356,5,1002293629
110,993,5,1002294350
110,1291,5,1002294953
110,423,4,1002294993
110,1108,5,1002295164
110,1403,5,1002296033
110,177,5,1002296436
110,108,4,1002297215
110,531,3,1002297430
110,1800,5,1002297837
110,1588,4,1002298508
110,1208,4,1002299154
110,1094,4,1002300015
110,1467,5,1002300630
110,1536,4,1002301252
110,176,5,1002302115
110,865,3,1002302830
110,1276,4,1002302995
110,867,3,1002303189
110,644,4,1002303916
110,1305,3,1002303987
110,1249,4,1002304524
110,1056,5,1002305360
110,923,4,1002305842
110,1348,3,1002306112
110,721,3,1002306281
110,85,4,1002306896
110,929,3,1002307647
110,1361,5,1002308023
110,590,3,1002308956
110,219,5,1002309242
110,1793,5,1002309511
110,1663,3,1002309658
110,1194,5,1002310603
110,1525,4,1002310693
110,1937,5,1002310770
111,423,3,1002311315
111,837,4,1002312093
111,529,5,1002312708
111,1417,4,1002313575
111,270,5,1002314496
111,971,3,1002315405
111,257,5,1002315935
111,1408,5,1002316541
111,1282,4,1002317443
111,1273,4,1002317535
111,1375,3,1002317817
111,369,4,1002318069
111,320,3,1002319011
111,790,4,1002319518
111,1717,4,1002320261
111,1983,5,1002320323
111,1752,4,1002321187
111,1045,5,1002322077
111,1795,4,1002322678
111,1068,5,1002323569
111,620,3,1002323812
111,777,5,1002324058
111,1790,4,1002324923
111,456,3,1002325414
111,70,3,1002325472
111,544,3,1002325537
111,1056,4,1002326085
111,809,5,1002327055
111,1864,4,1002327962
111,903,5,1002327982
111,1746,4,1002328884
111,1200,5,1002329069
111,1108,3,1002329387
112,423,5,1002329509
112,633,3,1002329591
112,837,5,1002329969
112,1472,4,1002330598
112,1108,4,1002331384
112,991,4,1002332154
112,1379,3,1002332359
112,1738,5,1002332465
112,1801,4,1002332676
112,128,4,1002332933
112,1215,3,1002333747
112,1783,3,1002334425
112,1976,5,1002334787
112,54,5,1002335637
112,1856,5,1002336548
112,415,5,1002337114
112,707,4,1002337976
112,147,4,1002338515
112,660,3,1002339229
112,1630,5,1002339953
112,876,4,1002340658
112,65,3,1002341582
112,380,5,1002342535
112,1780,4,1002342573
112,710,5,1002343541
112,1239,5,1002344394
112,1800,5,1002345220
112,514,4,1002345240
112,1838,5,1002345894
112,1170,4,1002346728
112,956,3,1002347140
112,1496,5,1002348020
112,398,5,1002348398
112,1600,4,1002349012
112,1250,4,1002349987
112,1589,3,1002350907
112,1669,4,1002351483
112,1188,5,1002351852
112,94,4,1002352215
112,523,5,1002352353
112,1750,5,1002353188
112,1198,4,1002353917
112,1793,5,1002354132
112,654,3,1002354209
112,932,5,1002354285
112,1672,5,1002354867
113,837,3,1002355644
113,607,4,1002356350
113,51,4,1002356383
113,1469,5,1002356451
113,444,4,1002356996
113,1852,5,1002357761
113,1864,4,1002358337
113,950,4,1002358904
113,1721,4,1002359685
113,474,3,1002360116
113,659,5,1002361048
113,1218,4,1002361955
113,1443,4,1002362453
113,10,3,1002363438
113,1969,5,1002363699
113,104,5,1002364401
113,175,4,1002365025
113,1544,4,1002365157
113,1216,4,1002365435
113,423,5,1002365788
113,980,5,1002366286
113,1994,4,1002366288
113,415,4,1002366783
113,508,5,1002366786
113,148,4,1002367398
113,1108,3,1002367982
113,872,5,1002368009
113,1931,5,1002368727
113,1353,4,1002369473
113,1963,4,1002370143
113,1625,5,1002370678
113,307,5,1002371344
113,1191,3,1002371632
113,1156,3,1002371863
113,1307,4,1002371969
113,1868,5,1002372086
113,1001,4,1002372930
113,143,5,1002373244
113,967,3,1002373778
113,1554,5,1002374062
113,777,4,1002374871
113,73,4,1002374936
113,667,4,1002374959
113,1388,4,1002375592
113,150,4,1002376533
113,795,5,1002376679
113,299,4,1002377167
113,963,5,1002378085
113,317,4,1002378180
113,238,4,1002378828
113,1414,4,1002379154
113,359,5,1002379316
113,347,5,1002380237
113,1200,4,1002381155
114,1972,5,1002382119
114,40,4,1002382982
114,837,5,1002383529
114,868,5,1002383715
114,1676,3,1002384554
114,1108,5,1002384855
114,1166,5,1002385797
114,308,4,1002386307
114,1875,5,1002386732
114,1761,3,1002387512
114,472,4,1002388288
114,488,5,1002389266
114,1724,3,1002390036
114,1328,4,1002390610
114,1056,4,1002390875
114,733,4,1002391217
114,749,4,1002391244
114,1881,4,1002391338
114,1334,5,1002391754
114,1877,5,1002391892
115,837,3,1002392370
115,889,5,1002392672
115,1151,3,1002393349
115,1962,4,1002394158
115,520,5,1002394475
115,423,5,1002394961
115,1992,5,1002395760
115,566,4,1002396723
115,953,3,1002397600
115,1108,4,1002397834
115,1938,4,1002398543
115,172,5,1002399389
115,1598,5,1002399664
115,805,5,1002400171
115,334,4,1002400535
115,402,3,1002401032
115,1595,4,1002401140
115,817,5,1002401744
115,1616,5,1002401824
115,1361,5,1002401938
115,420,5,1002402487
115,319,3,1002402513
115,1266,4,1002402961
115,297,4,1002403036
115,1256,5,1002403693
115,1121,4,1002404312
115,1549,3,1002404979
115,1176,4,1002405970
115,1191,5,1002406256
115,876,4,1002406739
115,1985,5,1002407421
115,631,3,1002407534
115,1940,4,1002408037
115,750,3,1002408758
115,1373,4,1002408899
115,1182,3,1002409307
115,1798,3,1002410094
115,1485,4,1002410591
115,170,4,1002410716
115,691,4,1002411386
115,1457,5,1002411400
115,285,4,1002412013
115,1017,4,1002412350
115,608,4,1002413035
115,136,4,1002413265
115,1995,5,1002413977
115,1845,5,1002414873
115,1471,4,1002415852
115,368,4,1002416068
115,1976,3,1002417028
115,1305,5,1002417826
115,1925,4,1002418305
115,92,4,1002418628
116,210,3,1002419609
116,1434,4,1002419853
116,837,5,1002419876
116,94,4,1002420217
116,398,4,1002420399
116,1108,3,1002420690
116,803,4,1002420766
116,237,4,1002421497
116,1198,4,1002422406
116,1461,3,1002422844
116,978,4,1002423323
116,30,4,1002424270
116,1077,5,1002425030
116,1174,5,1002425406
116,1399,4,1002426099
116,204,4,1002426195
116,593,5,1002426678
116,1618,5,1002427471
116,423,4,1002428196
116,1483,4,1002429061
116,1246,5,1002429308
116,1794,4,1002429951
116,1322,3,1002430165
116,335,4,1002430668
116,1966,3,1002431520
116,1173,5,1002432401
116,554,5,1002433301
116,1628,5,1002433674
116,1185,5,1002434119
116,1899,4,1002434900
116,1487,5,1002435272
116,1780,5,1002435634
116,1129,5,1002436110
116,1062,4,1002436900
116,1468,5,1002437081
116,246,4,1002437370
116,157,4,1002438310
116,1975,5,1002439064
116,1827,4,1002439148
116,1914,5,1002440016
116,161,4,1002440490
116,562,5,1002440790
116,1806,4,1002441651
117,1001,5,1002441975
117,837,4,1002442902
117,1108,4,1002443351
117,1218,5,1002444242
117,1926,3,1002444606
117,1273,3,1002445412
117,306,4,1002445575
117,1148,3,1002445968
117,388,5,1002446858
117,587,3,1002447243
117,1507,3,1002448062
117,496,3,1002448749
117,1123,5,1002449099
117,1140,4,1002449635
117,359,5,1002450139
117,423,5,1002450600
117,963,5,1002450893
117,1578,4,1002451018
117,1181,4,1002451365
117,118,4,1002452126
117,602,5,1002453110
117,1694,4,1002453923
117,444,5,1002454901
117,1455,3,1002455055
117,178,5,1002455627
118,837,3,1002455899
118,663,5,1002456005
118,548,3,1002456191
118,966,5,1002456775
118,115,4,1002457444
118,1841,4,1002457546
118,352,5,1002457982
118,734,4,1002458741
118,802,5,1002459291
118,1108,5,1002460049
118,49,4,1002460447
118,1707,4,1002460769
118,1366,4,1002461604
118,1094,5,1002462062
118,169,4,1002462421
118,1223,3,1002463031
118,1101,5,1002463195
118,448,4,1002463197
118,1639,4,1002463620
118,423,4,1002464551
118,1861,5,1002465249
118,1742,3,1002465947
118,1618,4,1002466782
118,1132,4,1002467475
118,407,4,1002467508
118,335,5,1002467540
118,43,5,1002467772
118,1882,5,1002468003
118,1405,3,1002468097
118,792,4,1002468507
118,1044,5,1002468963
118,323,5,1002469129
118,573,4,1002469672
118,1808,4,1002469751
118,1999,4,1002470463
118,528,3,1002470496
118,479,4,1002471377
118,773,4,1002471600
118,896,4,1002472123
118,198,4,1002472591
118,293,4,1002472736
118,861,5,1002473234
118,517,4,1002473315
118,1651,3,1002473383
118,1467,4,1002473792
118,1049,5,1002474168
118,875,4,1002474582
118,1630,4,1002475559
118,321,4,1002475767
118,1741,4,1002476558
118,78,4,1002477117
118,289,4,1002477963
118,1592,3,1002478121
119,837,4,1002478241
119,380,5,1002479056
119,583,5,1002479965
119,1181,5,1002480052
119,1759,5,1002480092
119,1788,4,1002480337
119,1432,4,1002480671
119,1456,5,1002480847
119,342,4,1002481790
119,1330,3,1002482088
119,1868,4,1002482733
119,421,4,1002483548
119,1108,5,1002484339
119,423,4,1002485145
119,1056,5,1002485655
119,1523,5,1002485668
119,36,5,1002485762
119,97,5,1002485829
119,1264,4,1002486709
119,1429,5,1002487242
119,819,4,1002487740
119,440,4,1002488708
119,1474,5,1002489558
119,560,5,1002489887
119,122,4,1002490428
119,832,5,1002491396
119,1055,4,1002492004
119,1944,3,1002492393
119,1148,4,1002492614
119,385,4,1002493546
119,1642,3,1002494157
119,522,5,1002494819
119,1930,5,1002494847
120,1102,4,1002495224
120,837,5,1002496031
120,1522,3,1002496618
120,1946,3,1002497134
120,1326,4,1002497973
120,567,5,1002498579
120,1941,5,1002499195
120,471,5,1002500029
120,1674,3,1002500214
120,1108,3,1002500908
120,612,4,1002501418
120,1096,5,1002502234
120,1458,3,1002502616
120,553,5,1002502735
120,1122,5,1002503153
120,507,3,1002504000
120,455,4,1002504725
120,390,5,1002505107
120,1565,4,1002505684
120,305,3,1002505923
120,89,3,1002506478
120,257,5,1002507225
120,1836,5,1002507886
120,1922,5,1002507979
120,1210,4,1002508627
120,1149,4,1002508885
120,1636,5,1002508904
120,858,4,1002509534
120,1236,5,1002509976
120,789,3,1002510151
120,1852,5,1002510997
120,1969,5,1002511562
120,1119,4,1002511661
120,423,4,1002511829
120,1563,5,1002512777
120,569,4,1002513114
120,1098,4,1002513186
120,255,5,1002513452
120,1618,4,1002513913
120,1901,3,1002514698
120,288,4,1002515205
120,1467,5,1002515558
120,1699,5,1002516124
120,320,4,1002517003
120,764,4,1002517032
120,1680,4,1002517912
120,935,5,1002518455
120,369,5,1002518994
120,439,5,1002519135
120,907,5,1002519421
120,101,4,1002520253
120,1279,5,1002521201
120,57,5,1002522093
120,1577,4,1002522878
120,1716,5,1002523379
120,411,4,1002524221
121,837,3,1002524256
121,231,5,1002524577
121,177,4,1002525123
121,1044,4,1002526044
121,92,4,1002527005
121,349,3,1002527856
121,666,3,1002528509
121,210,5,1002528624
121,1688,4,1002528933
121,423,3,1002529535
121,983,5,1002529907
121,1814,5,1002530031
121,485,5,1002530396
121,479,4,1002530927
121,880,4,1002531264
121,787,3,1002531850
121,1227,5,1002532376
121,1094,3,1002532863
121,923,5,1002533680
121,1442,5,1002534157
121,1108,3,1002535037
121,355,5,1002535530
121,1194,4,1002535630
121,1988,3,1002535783
121,301,4,1002535817
121,1402,5,1002536276
121,904,5,1002536691
121,875,4,1002537152
121,66,3,1002538032
121,1056,3,1002538636
121,999,5,1002539328
121,782,4,1002539905
121,1332,4,1002540281
121,900,4,1002540765
121,1144,3,1002540971
121,1666,4,1002541193
121,823,5,1002541217
121,1639,3,1002542086
121,815,4,1002542641
121,948,4,1002542729
121,1549,4,1002542985
121,1164,5,1002543808
121,1803,5,1002544343
121,995,5,1002544452
121,1000,5,1002544530
121,79,4,1002545262
121,438,4,1002545894
121,1099,5,1002546043
121,415,4,1002546308
121,973,5,1002547167
121,640,4,1002547354
121,58,4,1002547601
121,1295,3,1002548464
121,762,5,1002548886
121,1485,4,1002549519
121,292,3,1002550051
122,1294,3,1002550550
122,1185,3,1002550728
122,1311,4,1002551323
122,837,5,1002552271
122,1115,5,1002553196
122,792,4,1002553198
122,1609,4,1002553327
122,1817,5,1002554250
122,53,4,1002554564
122,1454,5,1002555193
122,1782,5,1002556144
122,949,3,1002556640
122,843,5,1002556759
122,1108,5,1002557416
122,1630,4,1002558242
122,1714,5,1002558727
122,301,5,1002558899
122,1699,4,1002559234
122,1129,5,1002559438
122,160,4,1002559513
123,1955,5,1002560149
123,837,5,1002560721
123,681,4,1002561084
123,191,4,1002561228
123,1,5,1002561389
123,1108,3,1002562219
123,1110,5,1002562282
123,1224,5,1002562699
123,1374,4,1002562992
123,1316,4,1002563860
123,1780,3,1002564428
123,440,5,1002565119
123,1336,4,1002565619
123,1031,4,1002566374
123,423,5,1002566402
123,1093,4,1002567201
123,1142,3,1002567274
123,697,5,1002568064
123,419,3,1002568752
123,1186,5,1002569438
123,157,5,1002569953
123,1116,4,1002570677
123,1468,5,1002570686
123,636,4,1002571426
123,1198,5,1002572344
123,589,4,1002572552
123,1946,5,1002573098
123,97,3,1002573558
123,462,4,1002574372
123,263,3,1002575182
123,360,5,1002575846
123,96,4,1002576818
123,14,5,1002577383
123,1467,5,1002578306
123,957,3,1002578670
123,88,5,1002578798
123,1869,4,1002578833
123,1353,4,1002579746
123,526,4,1002580201
123,923,4,1002580356
123,1003,4,1002581255
123,1145,4,1002581274
123,1721,5,1002581764
123,1174,3,1002582219
123,1931,4,1002582915
123,1966,4,1002582967
123,1095,5,1002583081
123,1386,4,1002583348
123,1476,5,1002583385
123,1509,5,1002583655
123,54,3,1002583832
123,206,4,1002584368
123,415,4,1002584545
123,559,5,1002584769
124,615,3,1002585360
124,1250,3,1002585606
124,164,4,1002586428
124,441,3,1002586567
124,61,3,1002587342
124,837,5,1002587402
124,609,5,1002587794
124,1372,4,1002587814
124,1944,4,1002588657
124,1190,4,1002588994
124,602,4,1002589476
124,1755,4,1002589896
124,560,3,1002589973
124,423,5,1002590295
124,488,5,1002591264
124,1079,5,1002591881
124,1780,5,1002591996
124,804,4,1002592469
124,84,4,1002592528
124,660,4,1002593006
124,535,4,1002593974
124,1020,3,1002594192
124,344,5,1002594803
124,839,4,1002595040
124,436,3,1002595989
124,1621,5,1002596016
124,1486,4,1002596118
124,393,3,1002597074
124,201,4,1002597192
124,69,5,1002597560
124,496,5,1002598194
124,1108,4,1002598731
124,927,4,1002598861
124,1952,4,1002599730
124,1574,4,1002600561
124,187,5,1002601050
125,837,5,1002601517
125,86,5,1002601842
125,1347,5,1002602160
125,311,4,1002602284
125,758,4,1002602476
125,1015,4,1002602895
125,1685,3,1002603069
125,1166,5,1002603178
125,749,5,1002603271
125,1655,5,1002603923
125,423,5,1002604589
125,1795,4,1002604991
125,1162,5,1002605534
125,873,5,1002605821
125,1108,5,1002606521
125,503,3,1002606634
125,1028,4,1002606782
125,1500,3,1002607710
125,1469,4,1002607755
125,426,3,1002608572
125,653,5,1002609483
125,233,4,1002610281
125,1345,3,1002610663
125,1467,4,1002611394
125,1443,4,1002611429
125,797,4,1002612102
125,1653,5,1002612714
125,1126,4,1002613646
125,1991,5,1002613779
126,674,4,1002614356
126,405,3,1002615276
126,837,5,1002616008
126,1319,4,1002616210
126,1678,4,1002616266
126,469,5,1002617166
126,677,5,1002617392
126,423,3,1002617741
126,1912,3,1002617953
126,1161,5,1002618152
126,1557,4,1002618153
126,1754,3,1002618481
126,1335,5,1002618620
126,63,5,1002619240
126,1108,3,1002620051
126,1453,3,1002620462
126,1467,5,1002620984
126,1475,5,1002621533
126,24,3,1002621946
126,1014,4,1002622000
126,434,5,1002622778
126,1107,5,1002622892
126,611,3,1002623078
126,682,5,1002623253
126,1375,4,1002623916
126,1893,4,1002623983
126,1981,4,1002624228
126,826,3,1002624791
126,1904,3,1002625424
126,1320,4,1002625584
126,1844,3,1002625872
126,77,3,1002626754
126,110,5,1002627471
126,220,4,1002628280
126,1643,5,1002629037
126,351,4,1002629150
126,415,4,1002629768
126,1265,3,1002629785
126,1921,4,1002630448
127,702,5,1002631061
127,1286,5,1002631217
127,802,5,1002631479
127,358,5,1002632131
127,837,5,1002632505
127,1715,4,1002633149
127,887,5,1002633601
127,1376,5,1002633829
127,1282,4,1002634690
127,1467,5,1002634980
127,829,5,1002635730
127,153,3,1002636001
127,413,5,1002636360
127,1906,5,1002636985
127,1108,5,1002637050
127,1119,4,1002637925
127,1612,4,1002638034
127,806,4,1002638711
127,457,4,1002639399
127,507,4,1002639939
127,684,4,1002640310
127,1650,4,1002640663
127,1348,3,1002641422
127,252,5,1002641861
127,1937,5,1002642692
127,1625,4,1002642762
127,189,5,1002642940
127,123,5,1002643793
127,1704,5,1002644640
127,228,3,1002645510
127,1381,4,1002646093
127,415,5,1002646642
127,588,4,1002647247
127,426,5,1002648119
127,825,5,1002649062
127,1626,4,1002649400
127,1706,5,1002650140
127,423,4,1002650651
127,551,5,1002651465
127,1645,4,1002652262
127,183,3,1002652505
127,247,4,1002652927
127,801,3,1002653306
127,1561,3,1002654194
127,547,4,1002654266
127,115,4,1002654741
128,837,4,1002655704
128,810,3,1002656133
128,946,3,1002656287
128,1813,5,1002656766
128,146,4,1002656806
128,321,3,1002656904
128,1328,4,1002657310
128,1489,4,1002658302
128,423,5,1002658997
128,1048,3,1002659516
128,439,5,1002659611
128,1248,3,1002660404
128,1108,4,1002661203
128,866,3,1002661336
128,1274,4,1002661446
128,1467,3,1002661729
128,742,4,1002662697
128,489,4,1002663401
128,133,4,1002663926
128,415,4,1002664400
128,619,4,1002665370
128,1724,4,1002666269
128,1539,4,1002666501
128,1809,4,1002667335
128,1211,4,1002668135
128,1679,5,1002668257
128,793,5,1002668568
128,1720,3,1002669336
128,1811,4,1002670030
128,1381,5,1002670804
128,802,4,1002671770
128,571,5,1002672534
128,667,4,1002673438
128,252,4,1002674054
128,76,3,1002674854
128,778,5,1002675059
128,56,5,1002675343
128,1780,4,1002675727
128,1287,5,1002675913
128,1694,5,1002676722
128,829,5,1002677557
128,431,4,1002677986
128,587,4,1002678712
128,234,4,1002679505
128,1406,4,1002679647
128,426,4,1002680276
129,527,4,1002681274
129,1108,5,1002681917
129,837,5,1002682759
129,1056,5,1002683153
129,238,4,1002683617
129,627,3,1002684102
129,89,3,1002684737
129,1211,4,1002685352
129,951,5,1002686232
129,1911,4,1002686470
129,791,4,1002686729
129,1150,3,1002687218
129,1433,5,1002687788
129,452,4,1002688141
129,111,5,1002688483
129,1717,3,1002688920
129,1116,3,1002689113
129,1467,5,1002689939
129,1140,5,1002690812
129,950,3,1002691759
129,98,5,1002692177
129,510,4,1002692703
130,113,4,1002692800
130,837,4,1002693296
130,604,4,1002693933
130,89,4,1002694271
130,1709,5,1002694544
130,1180,4,1002695362
130,659,5,1002695631
130,1693,4,1002696079
130,795,5,1002696591
130,415,4,1002697584
130,1478,3,1002697857
130,1160,5,1002698086
130,1042,5,1002698615
130,65,4,1002698922
130,1170,5,1002699490
130,1108,3,1002700316
130,17,4,1002700775
130,364,5,1002701114
130,51,4,1002701789
130,462,5,1002702503
130,848,3,1002703493
130,1038,5,1002703928
130,932,5,1002704614
130,423,4,1002705141
130,1604,4,1002705950
130,631,4,1002706538
130,667,5,1002707155
131,837,4,1002707303
131,865,4,1002707719
131,841,5,1002708654
131,423,5,1002709557
131,1467,3,1002709667
131,1719,5,1002710061
131,1068,4,1002710455
131,953,3,1002710531
131,856,3,1002710795
131,106,4,1002711369
131,1108,4,1002711644
131,186,5,1002711801
131,508,5,1002712722
131,1598,4,1002713362
131,510,4,1002713874
131,1620,4,1002713924
131,830,5,1002714296
131,235,4,1002714587
131,805,4,1002715267
131,1911,4,1002715563
131,155,4,1002715789
131,715,4,1002716500
131,1273,4,1002717375
131,1067,5,1002717646
131,1251,5,1002718395
131,846,4,1002718494
131,473,5,1002718989
131,889,5,1002719931
131,711,4,1002720748
131,1349,4,1002720760
131,297,3,1002721428
131,912,3,1002722394
131,1898,4,1002722647
131,991,5,1002723617
132,561,4,1002723990
132,13,4,1002724939
132,1892,4,1002725272
132,107,5,1002726231
132,837,5,1002726343
132,1108,5,1002726980
132,1582,5,1002727318
132,418,3,1002727966
132,747,4,1002728822
132,162,5,1002729372
132,1921,4,1002729829
132,682,5,1002730501
132,708,5,1002731179
132,915,5,1002731988
132,1682,5,1002732539
132,646,5,1002732567
132,1715,3,1002732905
132,1580,5,1002733520
132,1577,4,1002733679
132,859,5,1002733720
132,544,4,1002734181
132,849,3,1002734247
132,1859,4,1002734484
132,1098,3,1002735205
132,183,5,1002735405
132,860,4,1002735659
132,63,3,1002735988
132,1542,4,1002736367
132,1467,4,1002736873
132,123,4,1002737375
132,925,3,1002737713
132,1922,4,1002737932
132,433,3,1002738048
132,1767,3,1002738574
132,358,5,1002738798
132,11,4,1002738902
132,1014,4,1002739352
132,423,4,1002739729
132,1718,4,1002740125
132,1356,4,1002740186
132,1375,3,1002740721
132,1362,5,1002741010
132,1355,3,1002741923
132,1645,3,1002742760
132,1117,3,1002743665
132,675,5,1002744554
132,922,4,1002744728
133,360,4,1002744835
133,1018,4,1002745201
133,837,4,1002745731
133,180,3,1002745750
133,1126,4,1002746055
133,950,3,1002746460
133,238,4,1002746735
133,921,4,1002747651
133,159,3,1002748524
133,1,3,1002748918
133,114,5,1002749229
133,610,5,1002750144
133,878,5,1002751075
133,1360,5,1002751697
133,1253,3,1002751707
133,1263,4,1002751766
133,1352,4,1002751846
133,1467,4,1002752187
133,1108,3,1002752708
133,1293,5,1002753505
133,423,3,1002753641
133,645,5,1002754034
133,1794,5,1002754560
133,1043,5,1002755007
133,113,4,1002755557
133,751,3,1002755592
133,388,5,1002756167
133,636,5,1002756265
133,1068,5,1002756514
134,1215,4,1002756879
134,1046,5,1002757568
134,501,5,1002758399
134,837,4,1002758700
134,1108,5,1002758898
134,987,4,1002759434
134,647,5,1002759808
134,1105,5,1002760277
134,1826,4,1002761048
134,1186,4,1002761325
134,213,4,1002761911
134,327,5,1002762413
134,1013,4,1002762541
134,176,5,1002762634
134,1869,5,1002763216
134,1168,4,1002763426
134,108,4,1002763625
134,784,3,1002763712
134,423,4,1002763972
134,898,5,1002764969
135,1944,5,1002765749
135,1444,3,1002766620
135,1830,5,1002766950
135,837,3,1002767488
135,645,4,1002768363
135,328,5,1002769303
135,294,4,1002769471
135,1687,5,1002770251
135,1092,5,1002770350
135,1108,4,1002770892
135,819,4,1002771133
135,246,4,1002771881
135,423,5,1002772149
135,1451,5,1002773075
135,1411,5,1002773827
135,1314,4,1002774402
135,1499,5,1002774924
135,1527,3,1002774947
135,315,3,1002775064
135,1073,4,1002775521
135,54,4,1002776253
135,171,5,1002777020
135,157,3,1002777496
135,113,5,1002777959
135,647,5,1002778342
135,695,4,1002779051
136,1108,5,1002779486
136,1467,4,1002779900
136,58,5,1002780625
136,837,5,1002780651
136,967,4,1002781430
136,14,4,1002782147
136,1651,5,1002782988
136,82,4,1002783512
136,1686,3,1002783536
136,1389,4,1002784529
136,796,5,1002785248
136,1461,4,1002785724
136,986,5,1002786596
136,423,4,1002787096
136,1115,4,1002787777
136,1853,3,1002788624
136,263,4,1002788835
136,732,4,1002789089
136,1238,5,1002789629
136,832,5,1002790552
136,923,5,1002790566
136,430,4,1002790649
136,1420,3,1002791407
136,1769,5,1002791682
136,1601,5,1002792545
136,870,4,1002792557
136,1185,4,1002792793
136,1029,5,1002793327
136,634,3,1002793967
136,908,3,1002794155
136,1618,3,1002794329
136,632,3,1002794963
136,1766,4,1002795203
136,1984,5,1002795644
136,641,4,1002796319
136,214,5,1002796658
136,1899,4,1002796742
136,329,4,1002796812
136,1516,5,1002797064
136,67,5,1002797654
136,491,4,1002798027
136,541,3,1002798572
136,629,5,1002798678
136,1822,4,1002798727
136,333,5,1002799265
136,1353,3,1002799443
136,1890,5,1002799948
136,833,4,1002800056
136,59,5,1002800264
136,1603,4,1002800787
136,1431,4,1002801264
136,1780,4,1002801506
136,1223,4,1002801633
136,1872,3,1002802626
136,828,4,1002802880
137,423,4,1002803351
137,1530,5,1002803463
137,1684,5,1002803941
137,891,5,1002804726
137,837,5,1002805321
137,1352,4,1002806150
137,178,3,1002806359
137,1108,3,1002807265
137,1374,4,1002807512
137,1035,4,1002808002
137,156,4,1002808062
137,1088,5,1002808599
137,46,4,1002809321
137,1573,5,1002809667
137,1866,5,1002810127
137,263,4,1002810775
137,828,5,1002811468
137,980,3,1002811475
137,558,4,1002812065
137,44,4,1002812745
137,1642,4,1002813693
137,81,3,1002814531
137,1302,3,1002815283
137,1192,4,1002816037
137,1069,4,1002816952
137,807,4,1002817490
138,65,3,1002818101
138,1733,5,1002818988
138,837,4,1002819464
138,1058,4,1002820435
138,1552,4,1002820995
138,1397,5,1002821524
138,1035,3,1002822477
138,1116,5,1002823057
138,497,3,1002823671
138,152,5,1002823973
138,648,3,1002824602
138,1069,4,1002824705
138,364,4,1002825684
138,42,5,1002826003
138,839,4,1002826979
138,1783,3,1002827345
138,791,5,1002828141
138,423,5,1002828526
138,90,4,1002828740
138,266,4,1002829481
138,1630,5,1002829512
138,926,5,1002830356
138,328,3,1002831067
138,1936,3,1002831524
138,930,4,1002832182
138,1504,3,1002832183
138,462,4,1002832402
138,647,4,1002832837
138,1011,4,1002833060
138,1406,4,1002833615
138,337,4,1002834202
138,1775,5,1002835181
138,670,4,1002835488
138,1959,4,1002835870
138,609,5,1002836134
138,1418,4,1002836822
138,811,5,1002837056
138,1618,5,1002837813
138,1020,3,1002837906
138,1687,5,1002837931
138,1467,5,1002838516
138,1148,4,1002839245
138,530,5,1002839943
138,551,5,1002840731
138,1977,3,1002840998
138,1837,5,1002841690
138,278,4,1002841984
138,415,4,1002842588
138,201,3,1002843106
138,617,4,1002843991
138,1623,5,1002844010
139,837,4,1002844633
139,1253,4,1002844719
139,415,5,1002845122
139,1467,4,1002845465
139,66,5,1002845496
139,10,4,1002846293
139,244,4,1002846500
139,548,4,1002846688
139,1911,5,1002847538
139,1366,4,1002847841
139,1108,4,1002848493
139,882,3,1002848925
139,145,4,1002849521
139,1343,5,1002849735
139,52,5,1002850020
139,438,4,1002850445
139,613,5,1002851373
139,862,5,1002852263
139,3,5,1002853109
139,1016,5,1002853711
139,423,4,1002853979
139,1078,4,1002854019
140,837,5,1002854759
140,1597,5,1002855466
140,68,4,1002855687
140,413,4,1002856221
140,556,4,1002857147
140,1108,4,1002857592
140,1985,3,1002858326
140,684,4,1002859283
140,1209,4,1002859987
140,1097,5,1002860338
140,1513,4,1002861076
140,190,4,1002861880
140,1935,4,1002862199
140,1867,3,1002863174
140,134,5,1002863474
140,1932,3,1002864186
140,578,5,1002864395
140,32,5,1002865203
140,1528,4,1002865905
140,849,5,1002866438
140,368,4,1002867055
140,1927,3,1002867297
140,1114,5,1002867366
140,996,4,1002868194
140,131,4,1002868476
140,1117,4,1002868642
140,1373,4,1002869602
140,1464,4,1002870274
140,1278,4,1002871232
140,552,4,1002872211
140,423,3,1002872275
140,309,4,1002873166
140,1941,5,1002873496
140,1061,4,1002873566
140,1400,5,1002874029
140,1447,4,1002874824
140,1818,3,1002875771
140,29,5,1002875878
140,1210,5,1002875988
140,818,3,1002876332
141,344,3,1002876807
141,837,5,1002877010
141,993,4,1002877358
141,1922,3,1002877762
141,581,4,1002878322
141,1683,3,1002878587
141,888,4,1002879297
141,1496,4,1002880136
141,250,4,1002880653
141,1326,4,1002881322
141,805,3,1002882121
141,1392,3,1002882919
141,1706,5,1002883881
141,542,4,1002884098
141,561,4,1002884112
141,242,5,1002884354
141,326,4,1002884384
141,28,5,1002885324
141,423,4,1002885865
141,615,4,1002886458
141,1436,3,1002886914
141,68,4,1002887361
141,464,4,1002888274
141,1981,4,1002888458
141,1239,3,1002888899
141,1346,4,1002888983
141,1108,4,1002889152
141,1940,4,1002889509
141,350,4,1002889554
141,162,5,1002889773
141,1629,4,1002890194
141,12,5,1002890987
141,1172,4,1002890989
142,837,3,1002891670
142,117,3,1002892269
142,1,5,1002892398
142,58,5,1002892620
142,1089,5,1002893338
142,1984,5,1002893569
142,87,5,1002894565
142,1452,5,1002894943
142,1929,5,1002895246
142,1075,4,1002896213
142,1099,5,1002896652
142,360,4,1002896879
142,1108,4,1002897549
142,1989,4,1002897987
142,700,5,1002898872
142,1467,4,1002898983
142,1369,4,1002899278
142,1278,4,1002899698
142,1985,5,1002900168
142,423,5,1002900948
142,900,5,1002901356
142,1595,4,1002901802
142,929,5,1002902062
142,1221,4,1002902700
142,746,5,1002902732
142,1420,4,1002903218
142,361,4,1002904075
142,1090,4,1002904822
142,419,3,1002905612
142,983,4,1002906449
142,898,3,1002906460
142,1208,4,1002907021
142,1061,3,1002907461
142,1935,4,1002908210
142,1764,3,1002909013
142,626,4,1002909048
142,261,4,1002909222
143,837,4,1002910186
143,531,4,1002910647
143,1239,4,1002911247
143,863,4,1002911251
143,687,5,1002911757
143,1757,4,1002912021
143,1432,4,1002912524
143,402,5,1002912696
143,1515,5,1002912727
143,423,4,1002913623
143,1467,4,1002913865
143,759,3,1002914208
143,1108,5,1002914892
143,1225,5,1002915879
143,653,3,1002915941
143,888,4,1002916153
143,1291,4,1002916471
143,1702,4,1002916863
143,993,3,1002917857
143,300,4,1002917902
143,284,3,1002918884
143,490,4,1002919031
143,498,5,1002919056
143,233,5,1002919361
143,1673,4,1002919378
143,470,5,1002919626
143,1618,5,1002919845
143,1960,4,1002919887
143,574,3,1002920446
143,1948,4,1002921355
143,304,4,1002922092
143,1217,5,1002923058
143,1976,3,1002923272
143,1629,5,1002923717
143,381,4,1002924360
143,415,4,1002925188
143,420,4,1002925671
143,1871,4,1002926542
143,397,3,1002927443
143,927,4,1002928179
143,605,4,1002928524
143,633,3,1002928567
143,707,3,1002929335
144,837,3,1002930115
144,1629,5,1002930635
144,1467,4,1002931486
144,1108,5,1002931707
144,1609,4,1002932588
144,666,3,1002932861
144,211,4,1002933150
144,62,3,1002933470
144,1270,5,1002934356
144,423,4,1002935309
144,300,4,1002936222
144,1120,4,1002936753
144,352,3,1002937551
144,867,4,1002938111
144,1275,3,1002938509
144,576,5,1002938659
144,334,5,1002939003
144,737,5,1002939999
144,1667,4,1002940808
144,1295,5,1002941385
144,652,3,1002941769
144,479,5,1002941837
144,707,5,1002942405
144,75,3,1002943055
144,177,4,1002943379
144,1294,4,1002944147
144,1195,4,1002944320
144,528,5,1002945219
144,1757,5,1002945712
144,1462,3,1002946599
144,1975,5,1002947353
144,1651,4,1002947512
144,516,3,1002948289
144,823,3,1002948769
144,1371,4,1002948785
144,642,5,1002949738
144,1056,4,1002950248
144,505,4,1002950468
144,1332,4,1002950747
144,671,4,1002951623
144,124,3,1002952088
144,1940,4,1002952639
144,1663,3,1002952975
144,632,4,1002953531
145,876,5,1002954078
145,837,4,1002954916
145,356,5,1002955455
145,1050,5,1002955977
145,112,3,1002956708
145,1712,5,1002957505
145,870,4,1002957655
145,1467,4,1002957907
145,229,3,1002958120
145,415,4,1002958816
145,1303,3,1002959049
145,755,5,1002959765
145,1108,4,1002960269
145,665,3,1002960725
145,144,5,1002960991
145,1453,3,1002961945
145,1899,5,1002962540
145,1870,3,1002963203
145,785,5,1002963824
145,423,4,1002964401
145,1057,3,1002964902
145,1835,5,1002965825
145,972,3,1002965877
145,1964,4,1002966854
145,453,5,1002967189
145,401,3,1002967810
145,611,5,1002968673
145,1618,4,1002969007
145,365,4,1002969092
145,379,5,1002969697
145,851,5,1002969783
145,620,4,1002969925
145,1335,3,1002970877
145,1806,4,1002971781
145,281,5,1002971923
145,1136,3,1002972763
145,206,3,1002973217
145,419,3,1002973669
145,614,5,1002974603
145,1186,4,1002975309
145,1143,4,1002975326
145,1322,4,1002975429
145,1678,5,1002976038
145,1545,3,1002976164
145,1386,5,1002977044
145,195,3,1002977174
145,682,4,1002977590
145,53,3,1002978000
145,207,4,1002978976
145,529,5,1002979532
145,1823,4,1002979821
145,1812,5,1002980040
145,1193,3,1002980414
145,1515,4,1002980450
146,837,4,1002981102
146,38,4,1002981558
146,1108,4,1002981826
146,1053,5,1002981991
146,1870,5,1002982808
146,134,5,1002983295
146,423,5,1002984215
146,1024,5,1002985022
146,330,4,1002985043
146,415,3,1002985875
146,1464,5,1002986868
146,1585,5,1002987595
146,1241,5,1002988408
146,1815,5,1002989051
146,1311,3,1002989222
146,1641,4,1002989887
146,1781,3,1002990850
146,975,4,1002990884
146,587,5,1002991705
146,897,4,1002991753
146,1836,3,1002992567
146,1679,5,1002993267
146,1023,4,1002994215
146,378,4,1002994693
146,831,4,1002994967
146,359,5,1002995507
146,179,4,1002996241
146,1809,5,1002997047
146,1010,4,1002997926
146,268,4,1002998280
146,1522,4,1002998381
146,199,5,1002998740
147,415,3,1002999627
147,837,5,1003000241
147,938,4,1003000735
147,1108,5,1003001458
147,660,3,1003001637
147,918,3,1003001921
147,1357,4,1003002449
147,1931,3,1003002770
147,1631,5,1003003303
147,1128,5,1003003869
147,441,5,1003004517
147,1428,5,1003005189
147,1026,4,1003006154
147,1004,4,1003006648
147,1556,4,1003007535
147,1353,4,1003007635
147,1894,4,1003008513
147,872,5,1003008632
147,1125,4,1003009553
147,1477,3,1003009809
147,423,5,1003010665
147,1683,3,1003010835
147,1554,5,1003011516
147,1743,4,1003011801
147,804,4,1003012246
147,941,3,1003012852
147,1829,4,1003013481
147,86,4,1003013850
147,125,4,1003013924
147,1883,3,1003014158
147,298,4,1003014300
147,1970,4,1003014430
147,1644,3,1003014482
147,236,5,1003015094
147,167,4,1003015993
147,1965,5,1003016843
147,514,3,1003017749
147,1095,4,1003018149
147,484,5,1003018958
147,1233,4,1003019404
147,1673,5,1003020134
147,1372,4,1003020449
147,93,4,1003021283
147,1230,5,1003021925
147,1384,5,1003022089
147,409,4,1003022279
147,1532,5,1003022407
147,1310,5,1003023385
147,20,4,1003023767
147,1895,5,1003023871
147,927,5,1003024151
147,480,5,1003024789
147,148,3,1003025058
147,776,4,1003025371
147,653,4,1003025761
147,615,3,1003026457
147,1574,3,1003026691
147,1329,4,1003027433
148,1467,5,1003027737
148,988,3,1003028485
148,1837,3,1003029328
148,837,5,1003030275
148,469,3,1003031119
148,282,4,1003031480
148,1088,4,1003031711
148,472,3,1003032683
148,1765,3,1003033124
148,1284,3,1003034065
148,1108,5,1003034950
148,1148,3,1003034996
148,819,5,1003035356
148,1574,4,1003035535
148,1069,4,1003035692
148,373,4,1003035978
148,315,4,1003036623
148,426,4,1003037117
148,1991,4,1003037560
148,1877,3,1003038319
148,116,5,1003038373
148,1100,5,1003038729
148,829,5,1003039614
148,1428,5,1003040399
148,1618,4,1003040572
148,164,4,1003041540
148,371,3,1003041870
148,1754,3,1003042478
148,1477,4,1003043200
148,891,5,1003043502
148,1334,3,1003044306
148,1063,5,1003044669
148,448,4,1003044704
148,602,4,1003045293
148,1493,5,1003045597
148,1635,4,1003045722
148,236,4,1003045910
148,1079,5,1003046850
148,443,4,1003047652
148,1011,4,1003047663
148,1441,5,1003047992
148,25,5,1003048327
148,918,5,1003048900
148,427,3,1003049156
148,962,4,1003050125
148,1631,3,1003051051
148,1020,3,1003051157
148,423,5,1003051430
148,1552,3,1003052307
148,56,5,1003052613
148,1133,3,1003052789
148,895,5,1003053003
148,61,5,1003053729
148,163,4,1003053737
148,1474,4,1003054472
148,1426,4,1003054719
148,189,4,1003054892
148,1789,5,1003055425
148,414,5,1003055727
148,615,3,1003056193
149,416,5,1003056713
149,837,3,1003057208
149,1681,3,1003057712
149,1429,3,1003058062
149,1104,4,1003058499
149,831,3,1003058551
149,838,5,1003058631
149,1411,3,1003059499
149,1066,3,1003059997
149,885,3,1003060570
149,444,4,1003061566
149,819,3,1003062554
149,944,5,1003063220
149,1108,4,1003064070
149,1951,5,1003065017
149,1593,5,1003065723
149,387,5,1003066471
149,1637,4,1003066966
149,798,3,1003067736
149,1809,4,1003067996
149,1175,3,1003068948
149,1419,4,1003069031
149,1558,3,1003069457
149,518,4,1003070400
149,1056,4,1003071010
149,1287,5,1003071840
149,813,4,1003071921
149,201,3,1003072463
149,545,4,1003072754
149,1025,3,1003073106
149,1602,4,1003073890
149,104,5,1003074079
149,1749,5,1003074539
149,1489,5,1003075049
149,423,5,1003075838
149,199,5,1003075870
149,140,4,1003076419
149,1618,4,1003076690
149,347,4,1003077371
149,1625,4,1003078277
149,1073,4,1003079083
149,99,3,1003079995
149,601,5,1003080242
149,839,4,1003080868
149,1279,4,1003081678
149,637,4,1003082205
149,1192,4,1003083008
150,206,4,1003084007
150,1905,4,1003084677
150,1108,5,1003085469
150,837,5,1003086346
150,87,5,1003086903
150,534,3,1003087793
150,33,5,1003088077
150,508,5,1003089053
150,1826,4,1003089086
150,1955,5,1003089165
150,1364,4,1003089241
150,474,4,1003089886
150,1457,3,1003090746
150,882,4,1003091022
150,723,5,1003091153
150,466,3,1003091449
150,1478,5,1003091812
150,564,4,1003092525
150,185,5,1003092634
150,1228,4,1003093049
150,1377,5,1003093701
150,322,3,1003094525
150,423,3,1003095026
150,1533,4,1003095832
150,1845,5,1003096773
151,228,5,1003097180
151,483,4,1003098174
151,1108,4,1003098383
151,837,5,1003098805
151,611,4,1003099338
151,1767,3,1003099845
151,495,4,1003100387
151,423,5,1003100606
151,1535,5,1003101052
151,63,4,1003101897
151,1255,5,1003102662
151,1363,4,1003103115
151,1597,5,1003103995
151,341,4,1003104535
151,1946,4,1003105435
151,418,4,1003105715
151,544,4,1003105815
151,1056,3,1003106086
151,7,5,1003106696
151,903,5,1003107505
151,408,3,1003108073
151,1536,3,1003108894
152,1727,4,1003109240
152,837,4,1003109463
152,1467,4,1003109501
152,1108,4,1003109663
152,1189,4,1003110297
152,1273,5,1003110601
152,1247,4,1003110850
152,664,5,1003111833
152,1884,3,1003112519
152,423,5,1003113384
152,918,4,1003113591
152,790,4,1003114090
152,252,5,1003114091
152,169,5,1003114334
152,1285,4,1003114575
152,1621,5,1003114671
152,1117,4,1003114854
152,391,3,1003115725
152,1592,3,1003116604
152,1128,5,1003116951
152,1933,5,1003117615
152,159,3,1003118393
152,110,5,1003119088
152,769,5,1003120052
152,143,4,1003120561
152,1384,4,1003121442
152,1257,3,1003121517
152,415,3,1003121672
152,1272,4,1003121834
152,1864,3,1003122525
152,399,5,1003122733
152,282,5,1003122846
152,40,5,1003123333
152,1630,5,1003123741
152,1063,5,1003124272
152,712,4,1003124980
152,1618,4,1003125634
152,431,5,1003126611
152,322,3,1003127099
152,189,5,1003127514
152,1717,5,1003128438
152,1436,5,1003129267
152,1216,4,1003129608
152,1445,5,1003130353
152,323,3,1003130789
152,765,4,1003130999
152,1841,5,1003131630
152,988,5,1003132212
152,262,5,1003132252
152,1965,4,1003132279
152,776,4,1003132458
152,677,4,1003133410
152,247,4,1003134200
152,25,3,1003134966
152,1171,3,1003135140
153,1048,3,1003135190
153,169,4,1003135442
153,423,3,1003136158
153,1108,4,1003137130
153,1166,4,1003137561
153,972,5,1003137917
153,1885,4,1003138854
153,1818,5,1003139088
153,837,3,1003140057
153,47,4,1003141001
153,712,3,1003141118
153,1764,4,1003141244
153,274,5,1003141729
153,1180,4,1003142062
153,1618,5,1003142535
153,853,3,1003142712
153,260,3,1003143226
153,1441,4,1003143401
153,1013,4,1003144076
153,1841,5,1003144980
153,1467,5,1003145829
153,1138,5,1003146302
153,368,3,1003147044
153,1655,4,1003147947
153,1633,4,1003148430
153,1186,4,1003148902
153,742,4,1003149293
153,112,4,1003149310
153,699,5,1003149868
153,88,5,1003150287
153,321,4,1003150661
153,1934,5,1003151010
153,1002,5,1003151396
153,1665,5,1003152224
153,415,4,1003152984
153,195,5,1003153332
153,1604,5,1003154245
153,692,5,1003154527
153,852,4,1003155362
153,1991,4,1003156200
153,604,5,1003156752
153,921,5,1003156905
153,1286,4,1003157230
154,837,5,1003157811
154,113,4,1003158451
154,755,5,1003159101
154,1046,5,1003159900
154,1108,5,1003160220
154,1801,4,1003160628
154,423,4,1003161430
154,320,5,1003161544
154,65,4,1003161912
154,630,5,1003162696
154,1377,5,1003163212
154,257,4,1003163676
154,161,4,1003163789
154,673,5,1003163984
154,13,4,1003164171
154,925,3,1003165160
154,1293,5,1003165631
154,1922,4,1003165703
154,455,3,1003166028
154,1711,3,1003166584
154,1,4,1003167273
154,1903,4,1003168187
154,898,4,1003168961
154,648,3,1003169169
154,1197,5,1003169448
154,1587,4,1003169498
154,1857,4,1003169634
154,343,4,1003170019
154,626,5,1003170689
154,325,4,1003171168
154,206,4,1003171872
154,1114,3,1003172663
154,834,5,1003173108
154,95,4,1003173181
154,88,3,1003173423
154,64,4,1003174193
154,364,4,1003174559
154,1476,4,1003174572
154,17,4,1003174827
154,599,4,1003174883
154,1170,5,1003175112
154,1376,3,1003175839
154,1966,4,1003176462
154,558,4,1003176538
154,4,4,1003176945
154,109,4,1003177251
154,218,3,1003177375
155,1132,4,1003177894
155,813,4,1003177968
155,423,5,1003178834
155,1418,4,1003179091
155,837,5,1003180088
155,521,4,1003180682
155,1108,3,1003181374
155,1755,4,1003181779
155,1486,4,1003182463
155,895,3,1003182898
155,420,4,1003183450
155,1629,3,1003183628
155,15,4,1003184427
155,1474,5,1003185099
155,1429,4,1003185258
155,414,5,1003185740
155,1496,5,1003186552
155,1651,4,1003186692
155,1654,3,1003187209
155,59,4,1003188067
155,1529,4,1003188601
155,1530,4,1003189020
155,652,4,1003189151
155,800,5,1003189756
155,1467,4,1003190352
155,1957,4,1003190471
155,1962,5,1003190975
155,896,4,1003191553
155,1575,4,1003192349
156,837,4,1003193343
156,1108,3,1003193771
156,423,4,1003194389
156,1126,5,1003195147
156,839,4,1003196061
156,1367,5,1003196744
156,1925,4,1003196889
156,982,4,1003196965
156,1017,5,1003197883
156,1388,4,1003198660
156,410,4,1003198718
156,1889,3,1003199511
156,216,5,1003199910
156,1824,4,1003200157
156,821,5,1003200973
156,1765,3,1003201454
156,889,3,1003202273
156,135,3,1003202392
156,711,4,1003203132
156,1729,5,1003203585
156,1407,5,1003204417
156,1896,3,1003205256
156,1469,3,1003205455
156,695,4,1003205958
156,1821,4,1003206875
156,1338,5,1003207490
156,174,3,1003207878
156,1467,5,1003208717
156,465,5,1003209580
156,240,4,1003209623
156,1926,4,1003210378
156,61,4,1003210422
156,81,4,1003210928
156,560,5,1003211726
156,1616,5,1003211788
156,1920,4,1003212101
156,226,5,1003212995
156,783,4,1003213680
156,1443,4,1003213884
156,1242,5,1003213960
156,442,4,1003214693
156,607,5,1003215510
157,1997,5,1003216326
157,1108,4,1003216414
157,837,4,1003216473
157,1584,3,1003216490
157,193,5,1003217126
157,1134,3,1003217408
157,923,4,1003218407
157,1436,4,1003219119
157,1175,5,1003219544
157,316,4,1003219916
157,1618,4,1003220856
157,1146,4,1003221745
157,1920,3,1003222582
157,1884,4,1003223536
157,953,4,1003223837
157,1497,4,1003224753
157,1540,3,1003224950
157,1430,4,1003225947
157,48,5,1003226306
157,226,4,1003227094
157,1244,5,1003227301
157,674,5,1003227345
157,1153,4,1003227393
157,423,4,1003227631
157,1079,5,1003228090
157,1527,5,1003228205
157,815,5,1003228336
157,276,5,1003228644
157,1056,5,1003228837
157,1895,4,1003229565
157,1107,3,1003230288
157,542,4,1003231203
157,1357,3,1003231978
157,1368,5,1003232530
157,1113,4,1003232936
157,1121,4,1003233411
157,933,4,1003234214
157,822,3,1003234349
157,1323,5,1003234426
157,1467,4,1003235377
157,1610,4,1003235803
157,691,4,1003236462
157,1666,4,1003236584
157,680,4,1003236671
157,1574,4,1003237302
157,1918,4,1003238175
157,1832,5,1003239113
157,258,5,1003239533
157,615,3,1003239641
157,1488,5,1003240053
158,423,4,1003240939
158,837,4,1003241042
158,1695,4,1003241337
158,1056,3,1003242215
158,1439,3,1003242333
158,968,4,1003243026
158,446,4,1003243557
158,828,5,1003243749
158,1580,5,1003244664
158,1236,4,1003244778
158,1941,5,1003245223
158,858,4,1003245418
158,971,5,1003245847
158,228,5,1003246363
158,413,5,1003247057
158,1467,5,1003247377
158,1682,5,1003248058
158,569,4,1003248532
158,1093,4,1003248912
158,1573,3,1003249266
158,1582,3,1003250081
158,1854,3,1003250770
158,561,3,1003250921
158,495,4,1003251361
158,415,3,1003251613
158,1108,4,1003252133
158,254,4,1003252502
158,1894,4,1003252527
158,1927,4,1003253293
158,1791,4,1003254006
158,1601,4,1003254182
158,1237,4,1003254204
158,1759,5,1003254916
158,1870,3,1003255249
158,1106,5,1003255773
158,1792,5,1003256043
158,801,4,1003256882
158,657,3,1003257350
158,1564,4,1003258176
159,1108,4,1003258984
159,363,4,1003259039
159,837,5,1003259245
159,153,5,1003259991
159,1126,3,1003260950
159,664,5,1003261826
159,1613,4,1003262139
159,594,4,1003262461
159,1272,5,1003263201
159,772,5,1003264027
159,1296,4,1003264386
159,1467,3,1003265288
159,135,4,1003266014
159,1364,3,1003266129
159,314,4,1003266439
159,754,5,1003267309
159,773,5,1003267482
159,1729,4,1003268167
159,423,4,1003268906
159,607,4,1003268971
159,143,4,1003269296
159,1741,3,1003269460
159,1795,3,1003270271
159,608,4,1003270564
159,1572,3,1003270690
159,1209,3,1003271289
159,1719,3,1003271692
159,547,5,1003271893
159,1221,3,1003272605
159,169,4,1003273266
159,10,5,1003273496
159,1770,4,1003274301
159,570,4,1003274807
159,829,3,1003275084
159,473,3,1003276021
159,1780,4,1003276538
159,746,3,1003276920
159,395,5,1003277581
160,1388,3,1003278474
160,1108,4,1003278487
160,837,3,1003279330
160,871,5,1003280145
160,1739,4,1003280693
160,1043,4,1003281440
160,761,4,1003281849
160,1319,4,1003281896
160,923,4,1003282219
160,521,5,1003282389
160,983,5,1003283317
160,833,4,1003283552
160,423,4,1003284038
160,1497,3,1003284768
160,1512,3,1003285272
160,570,3,1003285822
160,1819,4,1003286194
160,1265,5,1003287114
160,1360,4,1003287649
160,590,3,1003288143
160,1216,5,1003288934
160,786,4,1003289255
160,867,5,1003289772
160,1470,4,1003290247
160,1347,4,1003290722
160,256,5,1003291437
160,1469,4,1003292414
160,893,3,1003293096
160,1162,4,1003293932
160,454,4,1003294718
160,1575,5,1003295168
160,1802,5,1003295339
160,1833,4,1003296171
160,1378,5,1003296882
160,135,3,1003297258
160,919,3,1003297753
160,415,5,1003298606
160,1369,3,1003299029
160,352,3,1003299733
160,1926,4,1003300575
160,438,5,1003301027
161,837,4,1003301640
161,1467,4,1003301768
161,997,3,1003301934
161,1686,3,1003302430
161,778,3,1003303224
161,98,5,1003303765
161,169,5,1003304189
161,23,4,1003305094
161,449,5,1003305382
161,1028,5,1003305832
161,962,4,1003306347
161,395,4,1003307324
161,30,5,1003307996
161,1086,4,1003308358
161,1124,5,1003309076
161,759,5,1003309940
161,415,5,1003310116
161,567,5,1003310617
161,1943,5,1003310967
161,299,4,1003311810
161,1136,4,1003312526
161,329,5,1003313269
161,992,5,1003313590
161,1881,4,1003314353
161,1502,5,1003314785
161,1809,4,1003315581
161,1246,5,1003315641
161,1108,5,1003316096
161,1199,4,1003316932
161,1698,5,1003317402
161,1185,4,1003317655
161,1171,4,1003318343
161,1810,5,1003319254
161,773,4,1003320141
161,416,4,1003320966
161,423,3,1003321879
161,104,3,1003322706
161,229,3,1003323439
161,445,4,1003324019
161,234,4,1003324960
161,1766,4,1003325062
161,600,4,1003325542
161,618,4,1003325594
161,1515,4,1003325942
161,1441,5,1003326875
161,1655,4,1003327502
161,831,5,1003328224
161,515,4,1003329098
161,835,4,1003329227
161,1133,5,1003329255
162,359,5,1003329799
162,837,5,1003330608
162,812,5,1003331594
162,1852,3,1003332366
162,909,4,1003332719
162,1471,5,1003332993
162,1643,4,1003333117
162,136,5,1003333800
162,639,4,1003334563
162,1416,4,1003334875
162,1108,3,1003335484
162,504,5,1003336228
162,1963,4,1003337187
162,1467,4,1003337879
162,57,5,1003338258
162,850,4,1003339043
162,408,4,1003339571
162,1847,4,1003339864
162,1151,5,1003340228
162,1638,4,1003340534
162,1524,4,1003340565
162,51,4,1003341386
162,924,4,1003342255
162,423,3,1003343203
162,188,4,1003343500
162,567,5,1003344050
162,1211,5,1003344941
162,1813,5,1003345801
162,1121,4,1003345978
162,1710,4,1003346247
162,1969,4,1003346532
162,1505,3,1003347203
162,1112,4,1003347303
162,1630,4,1003348280
162,1096,3,1003348354
162,860,3,1003348713
162,98,4,1003349187
162,1303,5,1003349493
162,1809,5,1003349638
162,1404,5,1003350074
162,817,5,1003350870
162,1255,4,1003351659
162,1634,3,1003352461
162,1565,3,1003352565
162,984,4,1003353232
162,728,3,1003354061
162,810,5,1003354298
162,1815,4,1003354431
162,348,5,1003354563
162,1735,5,1003354735
162,379,4,1003355615
162,1939,5,1003356093
162,903,5,1003356423
163,1968,4,1003356761
163,36,5,1003357154
163,91,3,1003357234
163,1207,4,1003357420
163,733,4,1003357757
163,1020,5,1003358422
163,837,5,1003359315
163,1186,3,1003360072
163,535,5,1003360376
163,472,5,1003361322
163,423,5,1003361476
163,1955,5,1003361495
163,1108,4,1003361778
163,1945,4,1003362325
163,1560,4,1003362624
163,1372,4,1003363299
163,558,5,1003364287
163,360,4,1003364770
163,1574,4,1003365105
163,609,5,1003365187
163,819,5,1003365948
163,1835,4,1003366037
163,804,4,1003366145
163,1298,3,1003367060
163,1885,3,1003367877
163,854,4,1003368159
163,941,5,1003368931
163,1190,4,1003369551
163,1476,4,1003370549
163,1088,5,1003370913
163,443,3,1003371888
163,1131,4,1003372011
163,913,5,1003372815
163,755,4,1003373079
163,694,5,1003373677
163,1970,5,1003373772
163,393,5,1003373775
163,1652,3,1003373980
163,1153,4,1003374950
163,1754,4,1003375241
163,1944,4,1003375410
163,1896,4,1003375655
163,1723,5,1003376252
163,895,4,1003376772
163,560,5,1003377050
163,699,5,1003377143
163,1386,5,1003377420
163,751,5,1003377652
164,837,4,1003378364
164,1254,4,1003379025
164,0,4,1003379925
164,619,4,1003380732
164,1151,4,1003380987
164,239,4,1003381341
164,423,3,1003381572
164,1262,3,1003382381
164,1246,4,1003382652
164,377,4,1003383357
164,1249,5,1003383763
164,811,5,1003384244
164,1584,3,1003384727
164,1121,3,1003384992
164,281,4,1003385429
164,1618,5,1003385876
164,1697,4,1003386491
164,1139,4,1003387438
164,333,5,1003387818
164,1338,3,1003388378
164,1276,3,1003388577
164,1112,5,1003388611
165,837,5,1003389608
165,75,3,1003389850
165,1097,4,1003390206
165,65,5,1003390697
165,1468,4,1003391394
165,594,3,1003391722
165,423,5,1003392491
165,775,4,1003392822
165,800,4,1003393657
165,1174,3,1003394651
165,1209,3,1003394704
165,1688,5,1003394977
165,875,3,1003395708
165,109,5,1003396690
165,95,4,1003397611
165,363,5,1003398087
165,1467,4,1003399065
165,1191,4,1003399695
165,1306,3,1003400649
165,636,5,1003400880
165,1924,5,1003401080
165,1672,4,1003401474
165,325,4,1003401919
165,552,3,1003402607
165,526,4,1003403452
165,546,3,1003403888
165,1929,5,1003404474
165,1369,4,1003404775
165,1818,5,1003405749
165,1663,3,1003405989
165,1184,3,1003406837
165,1108,4,1003407166
165,1301,5,1003407855
165,1343,5,1003407947
165,1160,3,1003408519
165,1038,4,1003409349
165,1278,4,1003409565
165,375,5,1003410115
165,1450,4,1003410874
165,1452,4,1003411215
165,697,4,1003411817
165,762,4,1003412286
165,43,5,1003413226
165,246,4,1003413713
165,585,5,1003413756
165,1459,4,1003414541
165,1595,5,1003415317
165,538,4,1003415507
165,1742,4,1003416327
165,746,4,1003416559
165,990,5,1003416923
166,837,3,1003416975
166,1393,3,1003416976
166,1108,5,1003417400
166,1968,5,1003418197
166,842,4,1003418624
166,716,5,1003419377
166,872,4,1003420058
166,1371,5,1003420936
166,93,4,1003421780
166,423,3,1003422599
166,1596,5,1003422600
166,522,5,1003422934
166,222,5,1003423896
166,1131,4,1003424670
166,1496,4,1003424953
166,523,5,1003425921
166,1618,4,1003426879
166,300,4,1003427197
166,1687,3,1003427839
166,124,4,1003428187
166,841,5,1003428785
166,1093,3,1003429432
166,393,4,1003430109
166,1749,5,1003430126
166,1239,5,1003430922
166,1467,4,1003431530
166,840,5,1003432186
166,1759,4,1003432667
166,1593,5,1003433340
166,1669,4,1003433917
166,581,3,1003434602
166,1029,5,1003434760
166,1230,4,1003435197
166,1548,4,1003436054
166,957,3,1003436149
166,991,5,1003436734
166,1994,5,1003437642
166,868,5,1003438061
166,196,5,1003438107
166,1423,5,1003438402
166,654,4,1003438799
166,414,5,1003439110
166,1256,5,1003439787
166,1896,4,1003440465
166,563,5,1003440593
166,685,4,1003441315
166,888,4,1003441753
166,1359,5,1003442024
166,750,5,1003442930
166,820,4,1003443124
166,1410,3,1003443979
166,1957,5,1003444818
166,574,5,1003445261
166,1110,5,1003445822
166,1601,3,1003445858
166,362,3,1003445911
166,1630,5,1003446103
166,650,3,1003446623
166,158,4,1003447362
167,837,4,1003448141
167,1932,4,1003448470
167,1205,5,1003448539
167,1467,4,1003449024
167,1036,5,1003449535
167,523,3,1003450185
167,1359,4,1003450654
167,330,4,1003451170
167,423,3,1003451474
167,250,3,1003451595
167,856,4,1003452078
167,833,4,1003452539
167,412,4,1003453226
167,1041,5,1003453786
167,300,4,1003453860
167,1522,4,1003454486
167,548,5,1003455299
167,75,5,1003456056
167,212,4,1003456297
167,502,5,1003456905
167,1056,5,1003457281
167,32,4,1003457992
167,942,4,1003458747
167,1596,4,1003459614
167,460,4,1003459831
167,1446,3,1003460052
167,949,5,1003460280
167,635,4,1003461259
167,983,3,1003461338
167,935,3,1003462320
167,623,5,1003462814
167,820,3,1003463446
167,1583,4,1003463671
167,1773,4,1003464650
167,652,4,1003464948
167,1108,4,1003465936
167,1575,3,1003466633
167,415,4,1003466932
167,471,4,1003467172
167,805,5,1003467500
167,1627,3,1003468014
167,905,4,1003468504
167,581,4,1003468898
167,827,4,1003469093
167,893,4,1003469535
167,1452,3,1003470151
167,1713,4,1003470821
167,666,4,1003471337
167,1401,5,1003472094
167,1396,4,1003472637
167,1550,3,1003473227
167,1120,4,1003474195
167,22,3,1003474828
167,1305,3,1003475786
167,1210,4,1003475993
167,605,5,1003476650
167,176,5,1003476666
167,362,4,1003477376
167,461,4,1003478351
167,310,5,1003478610
168,1108,5,1003479501
168,1888,5,1003479538
168,1994,3,1003479992
168,837,4,1003480088
168,429,3,1003480881
168,1793,4,1003481056
168,1428,3,1003482050
168,202,4,1003482314
168,1087,4,1003483174
168,1619,4,1003483919
168,1933,3,1003484903
168,1330,5,1003485332
168,1745,3,1003486023
168,1669,4,1003486170
168,1768,3,1003486715
168,423,5,1003487135
168,1305,4,1003487447
168,1189,5,1003488328
168,654,4,1003488551
168,1036,5,1003489356
168,1757,4,1003490296
168,1496,3,1003490619
168,1201,3,1003491004
168,1662,4,1003491620
168,1743,4,1003491853
168,1141,4,1003492583
168,1940,4,1003493383
168,1031,4,1003493454
168,82,5,1003493577
168,1158,4,1003494036
168,1532,4,1003494743
168,1965,5,1003495711
168,164,4,1003496169
168,888,4,1003496329
168,1212,4,1003497051
168,1774,3,1003497090
168,1467,4,1003497619
168,440,3,1003497943
168,1727,5,1003498518
168,1353,5,1003498904
168,1789,4,1003498997
168,1631,3,1003499868
168,236,5,1003500091
169,1199,5,1003501052
169,1481,4,1003501225
169,837,3,1003501479
169,1410,4,1003501934
169,421,5,1003502815
169,423,5,1003503412
169,1095,4,1003504336
169,1883,3,1003504849
169,205,5,1003505795
169,248,5,1003506146
169,870,5,1003506445
169,447,3,1003506970
169,122,5,1003507089
169,1108,3,1003508046
169,1630,3,1003508696
169,960,4,1003509401
169,96,4,1003509615
169,1545,4,1003509916
169,440,3,1003509940
169,1721,5,1003510374
169,1258,4,1003511347
169,777,4,1003511613
169,1162,5,1003511928
169,772,4,1003511985
169,452,4,1003512611
169,1345,4,1003512817
169,1364,4,1003513011
169,923,4,1003513015
169,986,4,1003513045
169,106,4,1003513739
169,950,4,1003514124
169,1546,5,1003514346
169,1173,4,1003515254
169,1853,4,1003515591
169,1460,4,1003516180
169,1509,4,1003516793
169,951,4,1003517492
169,372,3,1003518124
169,1822,4,1003518928
169,1322,5,1003519267
170,1197,5,1003519419
170,837,4,1003519966
170,1056,4,1003520538
170,1966,4,1003521220
170,423,5,1003521512
170,1936,5,1003521708
170,948,4,1003522524
170,492,5,1003523348
170,704,4,1003524048
170,1080,5,1003524405
170,815,5,1003525173
170,1956,4,1003525828
170,1779,4,1003526440
170,1471,5,1003526687
170,1794,5,1003527409
170,645,3,1003527898
170,1054,5,1003528655
170,1039,5,1003529055
170,127,3,1003529132
170,792,3,1003529456
170,170,5,1003529852
170,715,4,1003529980
170,462,5,1003530547
170,1293,5,1003530839
170,364,5,1003531324
170,226,4,1003531686
170,188,5,1003532458
170,998,3,1003532719
170,606,4,1003533663
170,1270,5,1003534658
170,1165,4,1003534857
170,1137,5,1003535036
170,636,5,1003535841
170,681,4,1003536678
170,850,4,1003537103
170,1142,4,1003537721
170,1925,5,1003538520
170,688,4,1003539040
170,1827,5,1003539660
170,415,5,1003539891
170,240,5,1003540830
170,1108,5,1003541193
170,1920,5,1003541361
170,1101,5,1003541622
170,1483,3,1003542405
170,1049,4,1003543145
170,1618,4,1003543332
170,1499,3,1003544110
170,1339,5,1003544485
170,1167,4,1003544606
170,1869,4,1003544935
170,648,5,1003545893
170,1704,5,1003546013
171,1618,5,1003546049
171,1175,4,1003546601
171,837,4,1003546687
171,1108,4,1003546726
171,396,3,1003547475
171,1323,4,1003547601
171,1392,5,1003548003
171,504,3,1003548306
171,1747,4,1003548786
171,1114,5,1003549090
171,415,5,1003549310
171,423,4,1003549986
171,1076,5,1003550115
171,651,4,1003550157
171,1792,4,1003550409
171,1319,4,1003551029
171,413,4,1003551511
171,1582,4,1003552203
171,553,5,1003552913
171,1222,5,1003553223
171,103,4,1003553709
171,405,4,1003554619
171,1098,4,1003555161
171,0,4,1003556098
171,464,3,1003556161
171,303,4,1003556840
171,787,4,1003557230
171,1671,5,1003558078
171,1897,5,1003559065
171,340,3,1003559839
171,1650,4,1003560789
171,355,3,1003561171
172,1618,4,1003561468
172,1108,5,1003562074
172,837,4,1003562233
172,423,5,1003562791
172,1847,4,1003563372
172,1050,5,1003563770
172,1326,4,1003563870
172,1333,4,1003564136
172,1998,4,1003564543
172,1767,5,1003565142
172,1690,5,1003565663
172,1421,5,1003566620
172,1542,5,1003567133
172,251,4,1003567837
172,947,3,1003567896
172,316,5,1003568164
172,532,5,1003568472
172,1122,4,1003569342
172,814,3,1003570225
172,719,4,1003570849
172,1587,4,1003570976
172,892,4,1003571307
172,595,3,1003571834
172,1776,3,1003571949
172,915,5,1003572138
172,674,3,1003572967
172,1849,4,1003573269
172,684,4,1003573678
172,215,5,1003573926
172,366,3,1003574393
172,1467,4,1003574727
172,1236,5,1003574752
172,1147,5,1003574787
172,209,4,1003574935
172,378,4,1003575398
172,855,4,1003576141
172,961,5,1003576545
172,806,4,1003577008
172,1076,5,1003577751
172,1497,4,1003578035
172,1346,3,1003578129
172,1319,4,1003578607
172,1234,5,1003578846
172,415,4,1003579828
173,444,5,1003580156
173,837,5,1003580628
173,644,4,1003581490
173,624,4,1003582349
173,1714,3,1003583033
173,58,5,1003583881
173,977,4,1003584500
173,935,5,1003584893
173,1689,4,1003585822
173,533,3,1003585905
173,1627,4,1003585966
173,1843,4,1003586421
173,960,3,1003587234
173,1271,4,1003587712
173,1056,4,1003587857
173,1108,3,1003588650
173,140,4,1003589136
173,1693,4,1003589565
173,1281,3,1003590434
173,1203,5,1003590956
173,166,3,1003591534
173,521,4,1003591933
173,439,4,1003592090
173,445,5,1003593044
173,1280,3,1003593939
173,1694,4,1003594896
173,1311,4,1003595766
173,745,4,1003595928
174,1630,5,1003596185
174,837,4,1003596372
174,117,5,1003597300
174,409,3,1003597953
174,883,3,1003598883
174,909,4,1003599831
174,423,4,1003599904
174,691,4,1003600508
174,867,3,1003601068
174,441,3,1003601263
174,184,4,1003601654
174,720,3,1003601932
174,1584,3,1003602203
174,1467,4,1003602905
174,1396,5,1003603619
174,1861,4,1003603656
174,1808,3,1003604471
174,355,3,1003605418
174,1208,5,1003606032
174,1814,4,1003606434
174,661,4,1003607195
174,1108,4,1003607832
174,1816,3,1003608541
174,979,4,1003609067
174,501,5,1003609826
174,911,4,1003610745
174,939,4,1003611574
174,480,5,1003612343
174,1524,3,1003612741
174,1120,5,1003613536
174,710,3,1003613852
174,824,5,1003614672
174,875,4,1003614728
174,989,4,1003614844
174,590,4,1003615402
175,837,4,1003616193
175,1467,5,1003616243
175,665,5,1003616398
175,1780,5,1003616708
175,453,5,1003616946
175,395,5,1003617206
175,1705,4,1003617990
175,1812,3,1003618944
175,423,4,1003619891
175,746,4,1003620011
175,314,5,1003620478
175,1007,5,1003620864
175,47,5,1003621667
175,71,3,1003621848
175,940,5,1003622095
175,481,3,1003622360
175,1501,5,1003622917
175,448,5,1003623137
175,1934,3,1003623681
175,760,4,1003624493
175,1193,3,1003624578
175,1209,5,1003624813
175,1246,5,1003625253
175,962,3,1003625419
175,1533,3,1003625567
175,1989,3,1003626111
175,1881,5,1003626606
175,160,4,1003626837
175,1823,4,1003627170
175,1967,5,1003627821
175,1972,4,1003628757
175,1612,5,1003629438
175,614,5,1003629958
175,80,5,1003630825
175,946,3,1003631629
175,629,4,1003632117
175,1266,4,1003632824
175,773,4,1003633021
175,1822,4,1003633773
175,793,4,1003634442
175,797,3,1003634472
175,1515,3,1003635443
175,1136,4,1003636110
175,566,4,1003636775
175,1322,3,1003637393
175,1108,4,1003638246
175,247,4,1003638427
175,1056,4,1003639358
175,1872,4,1003639501
175,466,3,1003639571
175,901,4,1003640516
175,594,5,1003641088
176,1070,5,1003641690
176,837,3,1003642020
176,1108,3,1003642816
176,1694,4,1003643050
176,351,4,1003643621
176,899,4,1003643965
176,141,4,1003643980
176,1139,5,1003644416
176,1854,4,1003645040
176,1610,3,1003645182
176,1859,4,1003645429
176,781,5,1003645458
176,529,4,1003646424
176,1787,4,1003646730
176,1567,5,1003647252
176,1467,4,1003647395
176,955,5,1003648371
176,675,4,1003649076
176,1398,5,1003649329
176,31,5,1003649510
176,1014,4,1003649799
176,1358,4,1003650213
176,809,5,1003650526
177,837,5,1003650859
177,1456,4,1003651521
177,1048,5,1003651626
177,415,5,1003652310
177,916,4,1003652421
177,575,4,1003652525
177,1612,5,1003653242
177,1056,3,1003653562
177,423,5,1003654470
177,1707,4,1003654832
177,853,4,1003654853
177,1108,4,1003654965
177,1238,4,1003655568
177,1164,4,1003655851
177,1619,3,1003656023
177,1931,5,1003656567
177,967,4,1003656828
177,421,4,1003657466
177,265,4,1003658373
177,1442,3,1003659046
177,292,4,1003659214
177,1240,4,1003659734
177,962,4,1003660072
177,1772,4,1003660513
177,479,3,1003661290
177,314,4,1003661722
177,1095,5,1003662001
177,943,4,1003662913
177,301,4,1003663057
177,1290,3,1003664010
177,1842,5,1003664954
177,1481,4,1003665183
177,399,5,1003665906
177,485,3,1003666472
177,1106,4,1003667047
177,1410,4,1003667202
178,837,5,1003667531
178,268,3,1003667973
178,1188,4,1003668585
178,286,4,1003669359
178,1108,5,1003670247
178,270,4,1003670643
178,423,4,1003671209
178,1085,5,1003672095
178,246,4,1003672577
178,781,4,1003672762
178,1949,5,1003672954
178,360,5,1003673106
178,434,4,1003673581
178,1885,5,1003674507
178,1241,4,1003675090
178,1835,5,1003675458
178,544,5,1003676095
178,1955,4,1003676197
178,139,4,1003676547
178,791,4,1003677368
178,343,4,1003677759
178,620,5,1003678002
178,1490,4,1003678028
178,1453,4,1003678530
178,519,4,1003678668
178,1956,5,1003678780
178,394,4,1003679298
178,1787,3,1003679994
178,1866,4,1003680838
178,1056,4,1003680880
178,1421,5,1003681252
178,1668,3,1003682149
178,1150,3,1003683012
178,1377,3,1003683809
178,1904,5,1003684676
178,357,4,1003685466
178,254,3,1003685744
178,1499,3,1003686213
178,1451,4,1003686750
178,370,4,1003687070
178,599,4,1003687989
178,1397,4,1003688860
178,1038,4,1003689062
178,1783,5,1003689530
178,1672,5,1003690211
178,1030,4,1003690818
178,1316,3,1003691736
178,168,5,1003692019
178,896,3,1003692068
178,923,5,1003692476
178,1790,3,1003693276
178,1771,4,1003693675
178,109,4,1003693959
179,423,3,1003693982
179,26,4,1003694663
179,1108,3,1003694904
179,56,4,1003694935
179,1523,3,1003695331
179,837,5,1003696050
179,1730,5,1003696302
179,1602,4,1003696730
179,1101,5,1003697168
179,509,4,1003697506
179,1056,5,1003698236
179,773,5,1003698743
179,1467,3,1003699225
179,1633,4,1003700061
179,1882,4,1003700341
179,222,4,1003700942
179,1448,5,1003701283
179,321,4,1003702007
179,712,3,1003702969
179,323,3,1003703074
179,1483,4,1003703326
179,142,4,1003703982
179,895,5,1003704899
179,414,4,1003705809
179,1887,4,1003706065
179,1399,4,1003706524
179,606,3,1003706592
179,1192,5,1003707003
179,688,4,1003707985
179,485,5,1003708424
179,301,4,1003708756
179,1240,4,1003709204
179,1032,4,1003709740
179,1618,4,1003709800
179,562,5,1003709807
179,415,5,1003709848
179,1294,5,1003710188
179,1434,4,1003710678
179,819,4,1003710748
179,861,4,1003710917
179,264,5,1003711144
179,916,4,1003711596
179,1945,3,1003712117
179,249,5,1003712333
179,1133,5,1003713261
179,40,3,1003713276
179,609,4,1003713666
179,1590,4,1003714418
179,1131,3,1003715313
179,197,3,1003715493
179,877,4,1003716000
179,189,4,1003716155
179,742,5,1003716582
179,1593,5,1003716863
179,496,4,1003717084
179,880,4,1003718064
179,1012,5,1003718453
179,1749,5,1003719426
180,723,4,1003720356
180,1933,5,1003720836
180,1440,5,1003721770
180,257,4,1003722090
180,423,4,1003722531
180,1544,3,1003723197
180,837,4,1003723632
180,1079,4,1003724262
180,537,3,1003724976
180,1126,4,1003725516
180,1918,4,1003726053
180,183,4,1003726753
180,786,4,1003727131
180,714,5,1003727134
180,1731,4,1003727329
180,1768,4,1003728216
180,1469,5,1003728773
180,114,5,1003729243
180,1898,5,1003729302
180,28,4,1003729523
180,1467,3,1003729985
180,1045,3,1003730017
180,1690,3,1003730570
180,1578,3,1003730850
180,1846,3,1003731696
180,854,4,1003731844
180,236,4,1003732261
180,126,3,1003733083
180,1621,4,1003734076
180,859,3,1003734451
180,1683,4,1003734991
180,1015,4,1003735364
180,13,4,1003735765
180,1108,3,1003736462
180,1162,5,1003737061
180,996,5,1003737117
180,1631,5,1003737391
180,1268,4,1003738048
181,837,5,1003738534
181,131,5,1003739200
181,286,4,1003739379
181,558,4,1003739403
181,423,5,1003740383
181,1259,4,1003740805
181,1149,4,1003741033
181,924,4,1003741551
181,794,3,1003742508
181,87,3,1003743196
181,1467,4,1003743399
181,4,4,1003744225
181,897,5,1003744349
181,1279,3,1003744803
181,977,3,1003745204
181,1773,5,1003745728
181,556,5,1003746314
181,1289,5,1003746876
181,1753,4,1003747186
181,735,3,1003748001
181,1618,5,1003748538
181,1836,5,1003749429
181,1267,4,1003749436
181,415,4,1003750425
181,624,3,1003750975
182,837,5,1003751772
182,860,5,1003752044
182,1695,4,1003752286
182,459,3,1003753133
182,921,5,1003753625
182,1436,5,1003754083
182,854,5,1003754231
182,394,4,1003754562
182,1615,5,1003754632
182,1190,3,1003755337
182,1562,3,1003756259
182,558,5,1003757013
182,423,3,1003757167
182,1895,4,1003757354
182,1071,5,1003757419
182,1844,5,1003757863
182,1103,3,1003758171
182,1335,4,1003758592
182,836,5,1003759213
182,112,3,1003760100
182,1885,4,1003760816
182,1439,4,1003761593
182,1618,5,1003761594
182,443,5,1003762490
182,110,3,1003762946
182,343,5,1003763591
182,1754,5,1003764471
182,379,5,1003765083
182,165,5,1003765200
182,418,5,1003765370
182,972,5,1003765571
182,1108,4,1003766253
182,512,4,1003766458
182,1621,5,1003766634
182,1908,5,1003767132
182,690,4,1003767343
182,1849,4,1003767519
182,1641,5,1003767665
182,1768,4,1003768115
182,144,4,1003768848
182,1678,5,1003769123
182,1189,4,1003769444
182,91,5,1003769770
183,837,3,1003770545
183,170,5,1003771174
183,1788,3,1003771999
183,1021,5,1003772897
183,409,5,1003773414
183,30,4,1003773419
183,1698,4,1003774164
183,1556,4,1003775121
183,1638,5,1003775754
183,1261,4,1003776594
183,978,5,1003777014
183,283,3,1003777658
183,465,3,1003778133
183,759,3,1003778251
183,1524,4,1003779172
183,1910,4,1003780015
183,303,5,1003780859
183,415,3,1003780949
183,1553,5,1003781683
183,583,3,1003781767
183,1154,4,1003782264
183,174,5,1003783057
183,1062,4,1003783098
183,167,4,1003783149
183,649,5,1003783450
183,205,4,1003784076
183,847,3,1003784936
183,1618,5,1003785595
183,1658,3,1003786222
183,989,3,1003787155
183,787,5,1003787300
183,1108,4,1003788087
183,1471,5,1003788921
183,948,4,1003789382
183,1982,5,1003790205
183,1121,5,1003791196
183,498,5,1003792087
183,1482,3,1003792942
183,348,4,1003793791
183,1832,4,1003794699
183,614,4,1003795338
183,1199,4,1003795709
183,233,3,1003795725
183,1338,4,1003796231
183,503,5,1003797158
183,710,4,1003797506
183,235,5,1003797823
183,1501,5,1003798539
183,1644,4,1003799119
184,397,4,1003799361
184,1899,4,1003799941
184,160,4,1003800590
184,1051,4,1003800625
184,837,5,1003801107
184,1636,4,1003801714
184,1311,5,1003802066
184,119,4,1003802163
184,80,4,1003802881
184,431,4,1003803255
184,47,4,1003804133
184,1871,3,1003804831
184,35,4,1003805354
184,461,5,1003806155
184,1199,4,1003807146
184,153,5,1003807521
184,773,5,1003808407
184,1923,5,1003808836
184,314,4,1003809709
184,1008,3,1003809858
184,1258,5,1003810016
184,712,5,1003810760
184,1467,5,1003811693
184,1781,4,1003812467
184,793,4,1003813298
184,1853,3,1003813904
184,1425,5,1003814544
184,1447,3,1003815126
184,556,4,1003815783
184,1062,5,1003815981
184,423,5,1003816580
184,53,5,1003816804
184,1630,3,1003817058
184,959,4,1003817168
184,426,5,1003817562
184,771,3,1003817823
184,403,5,1003818724
184,1166,5,1003819079
184,1762,4,1003819956
184,577,4,1003820514
184,554,5,1003820687
184,1766,4,1003821005
184,1108,5,1003821321
184,1454,4,1003822138
184,1753,5,1003822594
184,1232,4,1003823012
184,1484,4,1003823379
184,827,3,1003823695
184,1863,3,1003824312
184,1409,4,1003825223
184,214,5,1003825483
184,247,5,1003825549
184,1084,5,1003826078
184,237,4,1003826870
184,1136,3,1003827610
184,905,4,1003828355
185,530,4,1003828803
185,1363,3,1003828946
185,1982,4,1003829382
185,1209,4,1003830023
185,423,5,1003830442
185,837,3,1003830743
185,870,4,1003831122
185,1296,5,1003831693
185,808,3,1003831982
185,1876,4,1003832868
185,709,3,1003833720
185,1373,5,1003834318
185,229,4,1003834452
185,631,5,1003835044
185,1136,4,1003835812
185,731,5,1003836541
185,1985,5,1003837088
185,1245,5,1003837924
185,1437,4,1003838344
185,1501,3,1003839277
185,1108,4,1003840150
185,1647,5,1003840516
185,415,4,1003840695
185,1382,3,1003840697
185,1995,4,1003841410
185,1415,5,1003841750
185,466,4,1003842070
185,283,5,1003842438
185,721,5,1003843255
185,295,4,1003843982
185,1232,4,1003844659
185,1537,4,1003845232
185,1398,5,1003845342
186,837,5,1003846279
186,1561,5,1003847126
186,1847,5,1003848113
186,1759,4,1003848276
186,378,3,1003848440
186,1868,4,1003848726
186,1890,5,1003849239
186,1546,4,1003849573
186,456,5,1003849774
186,1404,3,1003849775
186,1949,4,1003850542
186,1873,4,1003850795
186,1883,5,1003851536
186,70,5,1003852021
186,616,3,1003852870
186,1787,5,1003853016
186,1577,4,1003853499
186,1682,3,1003853749
186,683,5,1003854669
186,1024,4,1003855443
186,457,5,1003855948
186,1108,3,1003855956
186,507,5,1003856380
186,1580,4,1003856841
186,938,5,1003857427
186,1351,5,1003857807
186,1695,4,1003858238
186,495,4,1003858701
186,1178,4,1003859295
187,837,4,1003859781
187,1983,4,1003859784
187,1108,4,1003860622
187,414,5,1003861565
187,1122,4,1003862133
187,1503,4,1003862980
187,1889,4,1003863912
187,819,4,1003864604
187,1718,5,1003865462
187,910,4,1003865706
187,1295,4,1003866498
187,103,3,1003867497
187,340,4,1003867903
187,1590,5,1003867908
187,1098,5,1003868190
187,916,3,1003868266
187,1767,4,1003869203
187,843,4,1003869550
187,1507,3,1003869949
187,1148,5,1003870896
187,1178,4,1003871387
187,1056,4,1003872224
187,569,4,1003872874
187,423,3,1003873782
187,966,4,1003874689
187,801,3,1003874709
187,349,4,1003875644
187,1671,5,1003875819
187,1081,4,1003876273
187,1552,5,1003877065
187,16,4,1003877692
187,450,5,1003878149
187,29,3,1003878639
187,7,5,1003879542
187,70,5,1003880490
187,1044,4,1003881454
187,249,5,1003881521
187,1625,4,1003882163
187,1164,4,1003882477
188,423,4,1003883236
188,837,5,1003883306
188,390,4,1003883956
188,1105,5,1003884815
188,1108,3,1003884943
188,1277,5,1003885262
188,396,4,1003885502
188,1378,5,1003886108
188,60,4,1003886829
188,1073,3,1003887556
188,1467,5,1003888038
188,1196,4,1003888914
188,1314,4,1003888992
188,1152,4,1003889760
188,1045,5,1003890249
188,1862,4,1003891161
188,1075,4,1003891533
188,800,3,1003892215
188,936,3,1003892666
188,762,4,1003893326
188,1113,4,1003894204
188,1951,5,1003894360
188,859,4,1003895218
188,1351,5,1003895298
188,501,5,1003895916
188,1618,5,1003896779
188,261,5,1003897490
188,896,4,1003898186
188,1597,4,1003898303
188,1268,5,1003898605
188,16,5,1003899261
188,671,4,1003899911
188,1671,3,1003900094
188,1444,4,1003900827
188,103,3,1003901026
188,1833,5,1003901587
188,467,3,1003902278
188,1651,5,1003902518
188,875,4,1003902750
188,1312,4,1003902944
188,1117,5,1003903938
188,1688,4,1003904104
188,351,4,1003904840
188,209,4,1003905414
188,1269,3,1003906308
188,1654,5,1003906729
188,1780,5,1003907016
188,867,5,1003907568
188,1494,3,1003908301
188,834,5,1003908872
188,644,5,1003909002
188,43,4,1003909551
188,518,5,1003909614
188,369,5,1003909617
188,561,5,1003909875
188,590,4,1003909975
188,1690,5,1003910909
189,1679,3,1003911499
189,778,4,1003912453
189,914,4,1003912461
189,1202,5,1003912772
189,1295,4,1003912929
189,89,4,1003913899
189,57,4,1003914021
189,1961,5,1003914415
189,837,4,1003915405
189,347,4,1003915584
189,173,4,1003916549
189,1294,5,1003917090
189,1639,4,1003918034
189,1008,5,1003918944
189,140,3,1003919545
189,1627,4,1003919634
189,688,5,1003919981
189,1044,3,1003920179
189,885,4,1003920264
189,789,5,1003921190
189,1081,4,1003921360
189,1108,5,1003922281
189,423,4,1003923127
189,1590,3,1003923673
189,306,4,1003924518
189,330,4,1003924698
189,479,3,1003925303
189,1279,4,1003925937
190,1899,4,1003926472
190,423,5,1003927433
190,1993,5,1003927966
190,1007,5,1003928607
190,837,3,1003928909
190,1467,5,1003929190
190,1600,3,1003929523
190,1009,3,1003930198
190,978,3,1003930552
190,311,3,1003931503
190,74,4,1003931649
190,1108,3,1003932266
190,1059,5,1003933166
190,296,3,1003933332
190,724,4,1003934000
190,388,5,1003934001
190,1856,5,1003934195
190,1461,3,1003934269
190,1068,3,1003934574
190,1630,3,1003934994
190,1199,4,1003935624
190,1498,5,1003935688
190,1427,3,1003936301
190,481,4,1003936373
190,1851,5,1003936833
190,1214,4,1003937583
190,415,3,1003938052
191,1479,5,1003938354
191,1498,3,1003939010
191,837,5,1003939927
191,558,3,1003940817
191,1711,5,1003941569
191,1046,5,1003942503
191,1883,4,1003943399
191,1835,5,1003943858
191,423,5,1003944378
191,3,3,1003944855
191,607,5,1003945052
191,428,4,1003945408
191,206,5,1003946298
191,1786,5,1003946731
191,1865,4,1003947266
191,1554,4,1003947843
191,1926,5,1003947974
191,1345,5,1003948519
191,1722,3,1003948532
191,625,3,1003949029
191,832,4,1003949275
191,1467,5,1003949612
191,1057,4,1003949770
191,1108,5,1003950729
191,906,4,1003951433
191,1795,4,1003952054
191,1394,4,1003952385
191,634,5,1003952786
191,699,3,1003953730
191,114,4,1003954294
191,227,3,1003954860
191,1476,5,1003955813
191,1652,4,1003955983
191,20,4,1003956970
191,908,3,1003957715
191,286,4,1003957724
191,638,5,1003958097
191,52,3,1003958880
191,82,4,1003959551
191,1352,4,1003960039
191,1253,5,1003961003
191,415,4,1003961543
191,1759,5,1003961748
191,1298,3,1003961886
191,698,5,1003962348
191,794,3,1003963288
191,572,5,1003963969
191,1586,4,1003964520
191,960,5,1003965169
191,253,4,1003965648
191,401,3,1003966514
191,589,4,1003967040
191,790,5,1003967128
191,1138,4,1003967979
191,1905,5,1003968819
191,510,4,1003968933
191,685,4,1003969623
191,761,4,1003970158
191,1273,4,1003971080
191,1903,4,1003971642
192,224,4,1003972372
192,119,5,1003973250
192,591,4,1003974117
192,423,5,1003974649
192,837,3,1003975192
192,614,4,1003975509
192,60,4,1003975718
192,1088,5,1003976484
192,1863,5,1003976589
192,1302,5,1003977445
192,579,5,1003977880
192,1862,4,1003978461
192,1092,3,1003978672
192,77,5,1003979045
192,1660,5,1003979411
192,1243,5,1003979782
192,1124,4,1003980074
192,1108,3,1003980473
192,1319,5,1003981461
192,30,4,1003981936
192,1837,4,1003982252
192,373,4,1003982738
192,759,4,1003983371
192,1889,5,1003983395
192,1467,3,1003983396
192,1703,4,1003983674
192,178,5,1003984469
192,214,4,1003985151
192,333,5,1003985530
193,415,4,1003986102
193,837,4,1003987030
193,1485,5,1003988004
193,492,4,1003988169
193,936,4,1003989113
193,1549,5,1003989738
193,230,5,1003989859
193,1444,4,1003990611
193,787,5,1003991591
193,1411,4,1003992390
193,1108,4,1003992760
193,1617,4,1003992974
193,1769,4,1003993223
193,1618,4,1003994144
193,417,5,1003995108
193,762,3,1003995512
193,867,4,1003995973
193,423,5,1003996206
193,1663,3,1003996961
193,822,4,1003997378
193,355,4,1003997788
193,201,5,1003998748
193,506,4,1003999398
193,1163,3,1003999976
193,1039,5,1004000088
193,1017,4,1004000210
193,220,5,1004000757
193,1343,4,1004001468
193,998,3,1004002055
193,548,5,1004002126
193,939,4,1004002909
193,824,4,1004003847
193,387,5,1004004113
193,516,4,1004004747
193,995,4,1004005041
193,1620,4,1004005878
193,1467,4,1004006858
193,291,5,1004007209
193,108,5,1004007679
193,478,4,1004008283
193,1624,4,1004009273
193,1073,5,1004009297
193,1553,5,1004009627
193,847,4,1004009949
193,1152,4,1004010313
193,1154,4,1004010815
193,1226,4,1004011509
193,504,4,1004011830
194,837,4,1004011899
194,1558,3,1004012112
194,1539,4,1004013110
194,1198,4,1004013879
194,1056,5,1004014255
194,764,4,1004014568
194,423,4,1004015525
194,1263,4,1004016283
194,1917,3,1004016375
194,1468,3,1004017339
194,1460,5,1004017835
194,645,3,1004018048
194,1930,5,1004018976
194,1873,3,1004019495
194,1379,5,1004020325
194,299,4,1004021003
194,359,5,1004021624
194,1858,3,1004021846
194,1188,4,1004022134
194,1230,5,1004022646
194,1619,4,1004023389
194,1456,3,1004023485
194,54,5,1004023749
194,439,5,1004023820
194,317,3,1004024051
194,519,4,1004024752
194,1397,4,1004024771
194,1170,5,1004025504
194,1108,4,1004025853
194,1031,4,1004026775
194,842,4,1004026893
194,1779,5,1004027299
194,1850,5,1004027978
194,1479,4,1004028808
194,613,4,1004029385
194,1807,4,1004030378
194,1606,3,1004030781
194,213,5,1004031468
194,768,5,1004031716
194,697,5,1004032545
194,1455,5,1004032594
194,1095,5,1004033512
194,565,5,1004033515
194,513,5,1004034214
194,980,4,1004034843
194,1279,5,1004035001
194,1058,4,1004035573
194,559,4,1004035991
195,837,3,1004036296
195,145,4,1004037166
195,1712,3,1004037317
195,1106,5,1004038261
195,676,4,1004039237
195,317,4,1004039994
195,302,4,1004040514
195,1517,4,1004040774
195,756,3,1004040878
195,1108,4,1004040958
195,136,5,1004041877
195,869,4,1004041991
195,1338,3,1004042911
195,1780,5,1004043168
195,224,4,1004043504
195,1662,3,1004044063
195,1086,5,1004044138
195,603,3,1004044268
195,423,5,1004045004
195,230,3,1004045313
195,1467,4,1004045659
195,796,5,1004046481
195,1871,4,1004047211
195,876,4,1004047946
195,1549,4,1004048226
196,837,5,1004049161
196,423,4,1004049264
196,961,5,1004049548
196,382,5,1004050033
196,553,5,1004050061
196,400,5,1004051058
196,1229,5,1004051733
196,538,4,1004051827
196,1706,3,1004052435
196,1968,5,1004053299
196,609,3,1004054153
196,72,4,1004054637
196,1577,5,1004055272
196,738,5,1004055964
196,1222,3,1004056693
196,754,5,1004057246
196,162,5,1004057249
196,684,3,1004058232
196,1755,4,1004058837
196,594,5,1004059592
196,657,3,1004059902
196,1682,3,1004059966
196,366,5,1004060219
196,1148,5,1004060972
196,546,5,1004061132
196,1341,4,1004061486
196,925,5,1004062016
196,834,4,1004062150
196,1437,4,1004062322
196,1730,5,1004062915
196,588,4,1004063071
196,1513,4,1004063107
196,1645,4,1004063210
196,1945,4,1004063956
196,1047,4,1004064351
196,1467,4,1004064671
196,16,4,1004065598
196,586,4,1004066282
196,1209,4,1004067082
196,1765,5,1004067640
196,1935,5,1004068346
196,1252,4,1004069002
196,1718,4,1004069134
196,1604,4,1004069502
196,1572,3,1004069956
196,309,4,1004070829
196,1108,4,1004071802
196,1593,5,1004072467
196,1266,5,1004072864
196,1630,5,1004072894
196,1938,4,1004073615
196,1181,4,1004074390
196,1597,5,1004075140
196,1184,3,1004075155
196,1306,4,1004075192
196,1944,5,1004075418
196,1671,4,1004075705
197,837,4,1004075993
197,4,4,1004076088
197,520,5,1004076710
197,1108,4,1004077372
197,274,4,1004077758
197,1989,3,1004078071
197,1458,4,1004078413
197,1867,4,1004078500
197,1778,4,1004078702
197,306,5,1004079079
197,1963,5,1004079861
197,1013,4,1004079963
197,1336,5,1004080856
197,1908,5,1004081471
197,423,5,1004082241
197,639,4,1004082559
197,172,5,1004083461
197,1632,3,1004084001
197,1191,3,1004084401
197,1467,3,1004084659
197,1569,3,1004085217
197,1543,4,1004086171
197,794,3,1004086545
197,1457,5,1004087504
197,1143,5,1004088079
197,1266,4,1004088479
197,1377,5,1004089139
197,288,4,1004089484
197,401,3,1004090372
197,1289,5,1004090975
197,1281,5,1004091504
197,1657,5,1004092140
197,1424,5,1004093037
197,439,3,1004093789
197,137,3,1004093952
197,808,3,1004094919
197,778,4,1004095120
197,1576,3,1004095660
197,1374,5,1004096444
197,1770,3,1004097035
197,1074,3,1004097960
197,604,5,1004098149
197,445,5,1004098628
197,112,5,1004099500
197,1061,5,1004099535
197,848,5,1004099752
197,72,4,1004100023
197,1489,5,1004100952
197,1298,4,1004101158
197,140,5,1004101445
197,1462,4,1004102285
197,218,3,1004102653
198,1624,4,1004103364
198,837,4,1004104345
198,1913,4,1004104400
198,892,3,1004104859
198,336,4,1004105304
198,1108,5,1004105948
198,1015,3,1004106340
198,1135,5,1004106701
198,423,4,1004106755
198,1049,5,1004107474
198,1060,4,1004107658
198,936,3,1004107813
198,1408,4,1004108429
198,576,5,1004108893
198,1399,4,1004109152
198,1961,5,1004109714
198,595,5,1004110291
198,1914,4,1004110748
198,1191,5,1004110876
198,264,5,1004111608
198,591,5,1004112390
198,312,3,1004112669
198,1309,4,1004113359
198,1649,5,1004114269
198,882,4,1004114868
198,1610,4,1004115606
198,159,5,1004116016
198,27,5,1004116898
198,572,4,1004117227
198,1272,4,1004118004
198,1072,4,1004118448
198,518,3,1004119284
198,1988,5,1004120083
198,425,4,1004120214
198,1196,3,1004120988
198,293,3,1004121880
198,175,3,1004121986
198,1067,5,1004122623
198,1559,5,1004122726
198,1123,4,1004123632
198,638,4,1004124452
198,45,4,1004124559
198,1842,5,1004125440
198,474,5,1004126294
198,1200,4,1004127193
198,256,4,1004127342
198,415,4,1004128198
198,292,4,1004128873
198,1113,4,1004129124
198,843,3,1004129609
198,1544,5,1004129639
198,933,5,1004130041
198,510,4,1004130923
198,253,4,1004131332
198,31,4,1004132267
198,60,4,1004133143
199,613,4,1004133617
199,332,5,1004134044
199,837,5,1004134094
199,743,4,1004134854
199,1970,4,1004135519
199,730,3,1004135936
199,1353,3,1004136178
199,1079,5,1004136947
199,1108,5,1004137575
199,1774,5,1004138543
199,747,4,1004138627
199,1780,5,1004138718
199,1254,5,1004139020
199,1276,4,1004139223
199,44,4,1004139603
199,1153,3,1004140274
199,1618,3,1004140479
199,1087,3,1004140515
199,1635,5,1004141239
199,1517,5,1004142041
199,964,4,1004142910
199,156,4,1004143487
199,423,3,1004143612
199,617,4,1004143674
199,146,4,1004144048
199,491,4,1004144556
199,563,5,1004144775
199,741,4,1004145433
199,1886,4,1004146377
199,1356,3,1004146561
199,1426,5,1004147219
199,278,5,1004147390
199,421,4,1004147599
199,1784,5,1004148050
199,1334,5,1004148756
199,1568,4,1004149470
199,796,4,1004149899
199,1245,4,1004149932
199,1056,4,1004150652
199,436,3,1004151287
199,1619,5,1004151971
199,733,5,1004152134
199,970,4,1004152283
199,1348,3,1004152389
199,1540,4,1004153228
199,886,5,1004153685
199,1959,3,1004153853
199,597,3,1004154239
199,1736,5,1004154724
199,1467,4,1004154856
199,1873,3,1004155138
199,1477,3,1004155609
199,1029,4,1004155961
199,887,5,1004156920
199,1621,4,1004156924
199,1647,4,1004157916
199,1260,4,1004158545
199,1440,5,1004158938
199,926,4,1004159784
200,1467,4,1004159947
200,1108,5,1004160402
200,837,5,1004160421
200,1859,5,1004160815
200,140,3,1004161048
200,1657,5,1004161852
200,1810,5,1004162619
200,415,3,1004162654
200,743,4,1004163089
200,346,5,1004163252
200,659,5,1004163425
200,907,5,1004164324
200,1139,5,1004165113
200,1969,4,1004165403
200,1383,5,1004166035
200,1812,4,1004166948
200,1899,5,1004167283
200,1694,5,1004167626
200,219,5,1004168312
200,978,5,1004168984
200,676,4,1004169865
200,224,4,1004170195
200,1052,5,1004170774
200,423,4,1004170991
201,837,3,1004171872
201,555,5,1004172384
201,1304,3,1004172747
201,1445,5,1004173456
201,790,3,1004174124
201,1602,4,1004174284
201,1408,4,1004174981
201,1108,4,1004175122
201,542,5,1004175808
201,1884,4,1004175993
201,423,4,1004176549
201,1100,5,1004176964
201,332,3,1004177210
201,1719,5,1004177407
201,488,5,1004177820
201,840,4,1004178004
201,1824,3,1004178128
201,266,5,1004178951
201,637,3,1004179008
201,282,5,1004179308
201,881,4,1004179639
201,1618,4,1004179818
201,388,4,1004180262
201,1821,4,1004180331
201,1795,4,1004181193
201,1092,5,1004181615
201,1727,4,1004181671
201,1467,4,1004182024
201,777,3,1004182876
201,1169,4,1004183216
201,249,5,1004183280
201,1068,3,1004183453
201,1631,4,1004183490
201,1207,4,1004183550
201,821,5,1004184141
201,1372,5,1004184834
201,1945,3,1004185680
201,142,5,1004186032
201,730,3,1004186342
201,373,3,1004187072
201,1909,4,1004187203
201,1153,4,1004187680
201,322,5,1004187736
201,1264,4,1004187955
201,1069,3,1004188386
202,837,5,1004189136
202,1344,5,1004189516
202,971,4,1004190401
202,1114,4,1004191016
202,684,4,1004191202
202,1376,3,1004191914
202,291,5,1004192557
202,1467,4,1004192979
202,257,5,1004193279
202,103,3,1004193702
202,1378,4,1004193918
202,42,4,1004194028
202,382,5,1004194380
202,60,5,1004195291
202,1531,5,1004196161
202,201,5,1004196958
202,423,4,1004197242
202,651,5,1004197546
202,537,4,1004197709
202,1704,5,1004198243
203,837,4,1004198399
203,268,5,1004198417
203,407,4,1004198853
203,1402,4,1004199559
203,809,3,1004199784
203,517,4,1004199868
203,24,4,1004200698
203,923,5,1004201596
203,1033,5,1004202278
203,277,4,1004202644
203,1892,5,1004202739
203,1247,4,1004203600
203,27,4,1004204507
203,1803,4,1004205305
203,50,4,1004205684
203,1207,3,1004205988
203,28,4,1004206044
203,1288,4,1004206505
203,916,5,1004207015
203,966,5,1004207176
203,1933,5,1004207383
203,1399,5,1004207390
203,423,5,1004208230
203,1999,4,1004209214
203,493,5,1004209672
203,1404,5,1004210377
203,1395,3,1004210797
203,1695,3,1004211717
203,881,5,1004212282
203,1426,4,1004212566
204,61,5,1004212943
204,462,4,1004213880
204,932,4,1004214480
204,837,5,1004215385
204,1467,4,1004216361
204,94,5,1004216671
204,1779,5,1004217185
204,1150,4,1004217638
204,1966,4,1004218022
204,647,4,1004218326
204,1065,3,1004218703
204,1108,4,1004219123
204,1264,5,1004219539
204,839,4,1004219926
204,522,4,1004220449
204,345,4,1004221403
204,498,4,1004222199
204,1459,3,1004223144
204,100,5,1004223317
204,296,4,1004223528
204,163,3,1004223796
204,1788,5,1004224468
204,1628,5,1004224981
204,484,4,1004225407
204,1507,4,1004226262
204,583,4,1004227204
204,1250,5,1004228169
204,337,3,1004228438
204,895,5,1004229049
204,1519,4,1004230036
204,1192,4,1004230361
204,400,4,1004230577
204,653,4,1004231153
204,1316,3,1004231725
204,18,4,1004232713
204,266,5,1004233429
204,180,4,1004233461
204,480,5,1004233931
204,1214,5,1004234491
204,1869,5,1004234802
204,178,4,1004235767
204,877,3,1004236490
204,526,3,1004237217
204,585,4,1004237676
204,142,4,1004238136
204,423,4,1004239003
204,1397,5,1004239478
204,1165,4,1004240409
204,1148,3,1004240582
204,923,5,1004241390
204,36,3,1004241590
204,311,4,1004241834
204,415,4,1004242048
204,1956,5,1004242516
204,1948,5,1004243061
204,1589,5,1004243633
204,1181,5,1004244039
205,338,4,1004244832
205,1063,3,1004245566
205,1138,4,1004245877
205,851,5,1004246346
205,663,3,1004246813
205,459,5,1004247446
205,1081,3,1004247748
205,837,5,1004248442
205,1934,4,1004249237
205,763,3,1004249795
205,1108,3,1004249883
205,722,5,1004250161
205,423,4,1004250852
205,1555,5,1004251125
205,485,5,1004252074
205,1402,5,1004253068
205,1071,5,1004253230
205,415,4,1004254174
205,1145,4,1004254422
205,1905,4,1004254483
205,1885,4,1004255159
205,577,3,1004255425
206,837,3,1004255816
206,813,4,1004256426
206,839,5,1004257005
206,1473,4,1004257237
206,342,5,1004258088
206,1328,5,1004259044
206,1467,4,1004259962
206,1896,5,1004260139
206,1418,5,1004260723
206,314,5,1004261706
206,319,4,1004261998
206,600,4,1004262640
206,1877,3,1004263409
206,538,4,1004263868
206,1992,3,1004264180
206,47,4,1004264271
206,200,4,1004265177
206,734,4,1004265843
206,423,4,1004266087
206,877,4,1004266836
206,702,3,1004267071
206,152,4,1004267589
206,1248,4,1004267831
206,637,5,1004268581
206,1407,4,1004268934
206,1957,5,1004269200
206,1108,4,1004269229
206,153,4,1004269967
206,1478,5,1004270564
206,1448,4,1004270673
206,1705,3,1004270882
206,1209,5,1004270967
206,265,5,1004271747
206,1923,4,1004271925
206,1604,4,1004272253
206,1938,4,1004272649
206,566,4,1004272946
206,840,4,1004273444
206,448,4,1004273820
206,522,4,1004274520
206,309,4,1004274562
206,262,4,1004274941
206,1435,5,1004275882
206,323,5,1004276106
206,266,3,1004277092
206,1092,5,1004277121
206,1511,4,1004277544
206,1618,5,1004277886
206,1181,4,1004278170
206,400,5,1004278523
206,1176,5,1004279095
206,1286,4,1004279660
206,497,5,1004280480
206,1891,5,1004280742
207,837,3,1004281457
207,844,3,1004281477
207,1108,3,1004282127
207,1611,4,1004282258
207,568,4,1004282267
207,423,4,1004282318
207,734,5,1004283115
207,577,3,1004283842
207,618,3,1004283963
207,586,4,1004283999
207,1875,3,1004284218
207,1337,5,1004284743
207,320,4,1004285568
207,1138,3,1004286524
207,382,5,1004286886
207,1676,3,1004287639
207,1587,4,1004288222
207,751,4,1004288839
207,1923,4,1004289689
207,314,4,1004290415
207,16,4,1004291305
207,1576,5,1004291916
207,1236,5,1004292531
208,837,3,1004293041
208,239,4,1004293226
208,193,4,1004294022
208,205,4,1004294435
208,1646,5,1004295310
208,978,5,1004296206
208,1409,5,1004296951
208,1853,4,1004297065
208,1011,4,1004297191
208,1108,4,1004297905
208,1473,3,1004298569
208,1350,4,1004298812
208,1121,4,1004299785
208,222,4,1004299836
208,609,3,1004299965
208,470,5,1004300509
208,1584,3,1004300692
208,283,5,1004301286
208,904,4,1004301473
208,423,4,1004302214
208,226,5,1004302396
208,136,5,1004302900
208,1000,5,1004303331
208,1056,4,1004303384
208,315,5,1004304007
208,53,4,1004304565
208,61,3,1004304581
209,423,5,1004304613
209,837,4,1004304920
209,1383,4,1004305501
209,1349,5,1004306390
209,1634,5,1004306950
209,1423,4,1004306981
209,484,4,1004307721
209,1565,5,1004308047
209,533,4,1004308289
209,550,5,1004308635
209,1948,5,1004309118
209,1108,4,1004309926
209,1757,5,1004310129
209,460,3,1004310550
209,1291,4,1004311037
209,57,5,1004311794
209,1211,4,1004312451
209,98,5,1004313009
209,739,5,1004313379
209,411,4,1004314364
209,12,5,1004314670
209,167,4,1004315017
209,503,3,1004315132
209,658,3,1004315144
209,845,4,1004315417
209,199,5,1004315596
209,1963,3,1004316235
209,480,4,1004316911
209,820,5,1004317850
209,1467,5,1004318287
209,581,5,1004318644
209,707,3,1004318710
209,1010,5,1004319083
210,174,4,1004319815
210,423,5,1004320715
210,227,5,1004321205
210,214,4,1004321819
210,837,4,1004322788
210,281,3,1004323561
210,1034,5,1004324415
210,64,4,1004324471
210,1108,4,1004324605
210,1103,3,1004325102
210,1186,5,1004325870
210,1352,5,1004325880
210,1185,5,1004326730
210,959,5,1004326881
210,267,4,1004327753
210,348,5,1004328206
210,1261,4,1004329014
210,1899,4,1004329597
210,1491,5,1004329840
210,1549,4,1004330291
210,1630,5,1004331280
210,492,4,1004331814
210,693,5,1004332083
210,230,4,1004332238
210,815,5,1004333199
210,87,5,1004334128
210,1482,5,1004334970
210,1576,3,1004335741
211,330,5,1004336127
211,837,3,1004337124
211,471,5,1004337789
211,827,4,1004338537
211,423,5,1004338925
211,942,3,1004339832
211,1621,5,1004340784
211,1100,3,1004340958
211,969,3,1004341113
211,1932,5,1004341135
211,1108,4,1004341770
211,288,5,1004341937
211,804,3,1004342888
211,1447,4,1004343562
211,555,4,1004343770
211,1918,3,1004343964
211,1704,4,1004343965
211,694,5,1004344242
211,812,5,1004344766
211,1618,5,1004345529
211,449,4,1004346497
211,854,4,1004347130
211,1320,5,1004347665
211,482,4,1004347895
211,134,5,1004348430
211,1735,5,1004348909
211,567,3,1004349397
211,1843,5,1004350213
211,131,4,1004350549
212,758,3,1004351175
212,837,5,1004351268
212,716,5,1004351398
212,993,4,1004351913
212,536,4,1004352636
212,480,5,1004353250
212,1798,5,1004353984
212,468,5,1004354432
212,1408,4,1004355023
212,1216,3,1004355743
212,1498,5,1004356569
212,1195,4,1004356884
212,777,4,1004357061
212,15,3,1004357161
212,1519,4,1004358013
212,69,3,1004358319
212,1472,4,1004359226
212,1108,4,1004359339
212,285,4,1004360284
212,147,5,1004361217
212,1860,4,1004361242
212,155,3,1004361432
212,1940,5,1004362277
212,653,5,1004363122
212,514,5,1004363417
212,1204,3,1004363432
212,783,5,1004363882
212,584,4,1004364415
212,1156,5,1004365354
212,508,5,1004366173
213,991,5,1004366395
213,837,4,1004366981
213,1082,3,1004367253
213,423,5,1004367663
213,1669,4,1004368165
213,694,5,1004368647
213,1108,4,1004368656
213,597,5,1004369432
213,1087,4,1004370250
213,1625,3,1004371181
213,1540,5,1004371244
213,1844,4,1004372020
213,774,4,1004372202
213,888,4,1004372902
213,757,5,1004373423
213,804,3,1004374221
213,1732,4,1004374732
213,1428,4,1004374750
213,142,3,1004375112
213,1201,5,1004375885
213,1723,5,1004375988
213,1445,4,1004376524
213,334,4,1004376937
213,1629,4,1004377727
213,730,4,1004378357
213,1730,4,1004378993
213,1467,5,1004379955
213,1704,3,1004380868
213,840,4,1004381809
213,1749,4,1004382549
213,918,3,1004383377
213,841,4,1004383595
213,429,4,1004383788
213,1683,3,1004384343
213,1284,4,1004384676
213,865,4,1004384926
213,1342,4,1004385187
213,1757,4,1004385469
213,371,5,1004386358
213,776,5,1004386625
213,740,4,1004387617
213,152,4,1004388297
213,633,5,1004388773
213,1548,4,1004389364
213,460,4,1004389775
213,1631,5,1004390440
214,1108,5,1004391295
214,837,5,1004392023
214,528,4,1004392964
214,1467,5,1004393743
214,423,5,1004394552
214,1559,5,1004394734
214,1162,5,1004395092
214,135,5,1004395655
214,1622,5,1004395666
214,1463,5,1004396383
214,882,3,1004397049
214,1270,4,1004397305
214,175,5,1004397772
214,1056,5,1004398007
214,1961,5,1004398971
214,536,5,1004399263
214,1278,3,1004399976
214,1156,4,1004400964
214,1180,5,1004401158
214,1483,5,1004401798
214,473,4,1004401839
214,786,4,1004402730
214,1012,3,1004402778
214,253,5,1004403496
214,1995,5,1004403545
214,114,5,1004404292
214,1865,4,1004404764
214,238,5,1004404942
214,1751,5,1004405263
214,1167,3,1004406085
214,454,4,1004406670
214,520,4,1004407316
214,723,3,1004407690
214,1595,3,1004408684
214,375,5,1004409560
214,539,3,1004409969
214,1402,4,1004410375
214,1273,4,1004410455
214,843,5,1004410894
214,197,5,1004411049
214,1184,3,1004411651
214,517,4,1004412174
214,575,4,1004412659
214,1988,5,1004412873
214,1242,3,1004413022
214,1218,3,1004413077
215,144,5,1004413736
215,837,3,1004414515
215,1771,4,1004414545
215,1383,4,1004415379
215,376,3,1004416257
215,529,5,1004417092
215,1108,5,1004417931
215,1490,3,1004418080
215,89,3,1004418935
215,365,4,1004418957
215,1962,5,1004419882
215,168,5,1004420867
215,888,5,1004421051
215,1939,4,1004421875
215,147,5,1004422316
215,1585,3,1004422545
215,423,4,1004422972
215,605,4,1004423804
215,1558,3,1004424171
215,1453,5,1004425014
215,1695,4,1004425824
215,202,5,1004426774
215,1467,4,1004427343
215,1359,5,1004427381
215,1953,4,1004427802
215,1118,4,1004427814
215,1371,5,1004428769
215,326,3,1004429444
215,1239,5,1004430088
215,1813,3,1004430306
215,415,3,1004431305
215,650,5,1004431592
215,736,4,1004432489
215,1056,4,1004432517
215,141,5,1004433283
215,1629,5,1004433290
215,268,4,1004433409
215,1677,3,1004434056
215,24,4,1004434400
215,1634,4,1004434954
215,658,5,1004435017
215,1307,4,1004435163
215,359,3,1004435237
215,1014,4,1004435739
215,545,4,1004435788
215,12,5,1004436238
215,1489,3,1004436513
215,284,4,1004436849
215,1860,5,1004437545
215,1025,4,1004437867
215,5,5,1004438551
216,837,4,1004439406
216,988,5,1004439577
216,1467,3,1004439975
216,798,4,1004440232
216,423,3,1004440392
216,1108,4,1004441263
216,712,3,1004442250
216,920,5,1004442861
216,308,4,1004443469
216,428,5,1004443954
216,558,4,1004444435
216,565,4,1004445099
216,1633,5,1004445697
216,1328,5,1004446089
216,9,3,1004446980
216,755,5,1004447199
216,1586,4,1004448015
216,4,5,1004448369
216,399,5,1004449291
216,189,3,1004449582
216,314,5,1004449640
216,286,4,1004449867
216,1224,4,1004450849
216,794,3,1004451776
216,104,4,1004452386
216,137,4,1004452873
216,1903,5,1004453841
216,288,4,1004454251
216,445,4,1004454776
216,1118,5,1004454996
216,346,4,1004455547
216,360,3,1004456435
216,112,5,1004457360
216,1969,4,1004457433
216,1179,3,1004457984
216,1040,4,1004458203
216,1813,5,1004458499
216,1166,3,1004458984
216,459,4,1004459740
216,898,5,1004460663
217,423,5,1004461154
217,837,4,1004461901
217,308,4,1004461918
217,802,5,1004462451
217,1231,3,1004462675
217,1972,5,1004463159
217,1108,4,1004463907
217,9,3,1004464848
217,943,4,1004465451
217,1611,5,1004466321
217,64,4,1004467308
217,807,5,1004467947
217,1323,4,1004468767
217,360,3,1004469196
217,1562,5,1004470018
217,1154,4,1004470436
217,348,4,1004471300
217,1034,3,1004472184
217,1367,4,1004473130
217,850,4,1004473420
217,577,3,1004473907
217,1352,5,1004474540
218,837,4,1004474792
218,1433,4,1004475128
218,765,4,1004476054
218,1796,4,1004476728
218,1618,3,1004477142
218,1881,5,1004477300
218,1467,5,1004477520
218,153,3,1004477853
218,157,3,1004477958
218,953,4,1004478172
218,1108,5,1004478811
218,784,5,1004478932
218,230,5,1004478938
218,662,5,1004479463
218,1168,5,1004479508
218,235,4,1004479788
218,1814,4,1004480324
218,1936,5,1004481243
218,1779,4,1004481554
218,139,4,1004482350
218,136,4,1004483148
218,1666,5,1004483943
218,171,4,1004484443
218,527,5,1004484847
218,1761,4,1004485188
218,697,3,1004485558
218,431,5,1004486417
218,1293,3,1004486821
218,817,3,1004487436
218,973,5,1004487550
218,271,4,1004487849
218,568,4,1004488836
218,94,5,1004489107
218,1368,4,1004489361
218,423,5,1004489483
218,226,5,1004490200
218,1017,4,1004490741
218,990,5,1004490769
218,426,3,1004491441
218,1910,4,1004491884
219,251,4,1004492444
219,837,5,1004493092
219,455,4,1004493130
219,575,4,1004493312
219,190,4,1004493527
219,181,3,1004493965
219,1690,5,1004494908
219,1567,3,1004495312
219,763,5,1004495547
219,335,5,1004496391
219,1108,4,1004496914
219,1463,4,1004497203
219,1332,5,1004497708
219,467,4,1004497980
219,537,5,1004498644
219,1942,5,1004499429
219,1772,4,1004499531
219,651,5,1004500358
219,528,4,1004501160
219,506,5,1004502134
219,674,3,1004502903
219,405,4,1004503730
219,996,5,1004504439
219,485,3,1004505380
219,320,3,1004506189
219,1081,5,1004506944
219,1054,5,1004507141
219,1467,5,1004507424
219,1531,4,1004508124
219,657,5,1004508470
219,1390,3,1004508977
219,1402,4,1004509441
219,415,3,1004509862
219,596,4,1004510756
219,457,4,1004511361
219,947,4,1004511534
219,971,4,1004511671
219,1376,4,1004512038
219,1196,5,1004512935
219,1229,3,1004513129
219,1319,5,1004513615
219,464,4,1004514281
219,423,4,1004514329
219,1561,5,1004514860
219,292,4,1004515640
219,591,4,1004516181
219,507,5,1004516844
219,1295,4,1004517454
219,1842,4,1004518393
219,1767,4,1004519177
219,276,5,1004519975
220,837,4,1004519997
220,881,5,1004520736
220,1736,4,1004521638
220,1108,4,1004522304
220,498,5,1004523234
220,556,4,1004523416
220,423,5,1004523546
220,1079,5,1004524169
220,969,5,1004524357
220,259,5,1004524790
220,1574,4,1004525105
220,1445,4,1004525114
220,1636,4,1004525304
220,989,3,1004525424
220,18,4,1004525741
220,615,3,1004526576
220,1204,5,1004526988
220,1467,5,1004527590
220,1128,5,1004527801
220,1023,4,1004528695
220,1838,4,1004529643
220,187,5,1004530148
220,302,4,1004530560
220,766,4,1004530653
220,482,4,1004531257
220,945,5,1004532107
220,1428,3,1004532893
220,745,5,1004533821
220,35,4,1004534482
220,1454,4,1004534832
220,389,4,1004535492
220,1464,5,1004536109
220,1426,4,1004536452
220,1203,3,1004537230
220,1754,4,1004537259
220,184,5,1004537326
220,1844,5,1004537813
220,167,5,1004538207
220,1022,4,1004538330
220,1829,5,1004538672
220,583,3,1004539121
220,1700,5,1004539736
220,1207,5,1004540065
220,1725,5,1004540969
220,134,4,1004541950
220,1149,4,1004542705
220,441,3,1004543183
220,50,5,1004544093
220,1556,5,1004544603
220,1534,5,1004544963
220,1528,3,1004545326
220,1631,4,1004546124
220,942,3,1004546532
221,837,4,1004546747
221,1221,4,1004547106
221,1108,4,1004547255
221,1284,4,1004547725
221,1141,5,1004547822
221,423,3,1004548193
221,301,3,1004548547
221,1292,4,1004548831
221,21,5,1004549427
221,1946,4,1004549958
221,1061,4,1004550530
221,1952,5,1004550882
221,264,4,1004551843
221,1533,3,1004552802
221,688,3,1004553455
221,72,5,1004554452
221,1933,5,1004554771
221,1077,5,1004555350
221,1621,3,1004556033
221,1618,3,1004556201
221,1604,5,1004557131
221,1081,3,1004557578
221,1056,4,1004557720
221,881,3,1004558600
221,375,5,1004558714
221,1895,4,1004558750
221,546,4,1004559488
221,274,3,1004560406
221,1111,4,1004560992
221,172,5,1004561895
221,443,4,1004562532
221,27,4,1004562916
221,485,5,1004563615
221,1995,4,1004563689
221,1252,3,1004564478
221,260,4,1004565385
221,1296,4,1004566260
221,1357,3,1004566542
221,1270,4,1004567051
221,792,4,1004567980
221,1434,3,1004568517
221,415,4,1004569227
221,555,5,1004569989
221,1022,4,1004570069
221,422,3,1004570116
221,552,4,1004570817
221,1478,4,1004571550
221,363,4,1004571815
221,854,4,1004572787
221,763,4,1004573534
221,562,5,1004574271
221,1161,5,1004574991
221,349,3,1004575967
221,138,5,1004576665
221,1975,3,1004576875
221,1370,5,1004577201
221,282,5,1004577710
221,517,5,1004577988
221,1560,4,1004578104
221,1540,4,1004578273
222,837,3,1004579174
222,1095,4,1004579880
222,1467,4,1004580193
222,116,4,1004581110
222,857,4,1004581225
222,282,4,1004581839
222,980,3,1004581866
222,1630,3,1004582152
222,1313,4,1004583124
222,1003,4,1004583691
222,1133,5,1004584093
222,1158,4,1004584353
222,26,3,1004585017
222,1509,4,1004585333
222,1031,4,1004585592
222,1248,4,1004585746
222,797,4,1004586667
222,770,4,1004587060
222,1108,3,1004587131
222,1357,5,1004587223
222,423,4,1004587588
222,509,4,1004587939
222,1330,4,1004588148
222,1879,5,1004588383
222,1761,4,1004588403
222,314,5,1004588813
222,1573,4,1004589305
222,1189,4,1004590154
222,872,3,1004590176
222,1372,5,1004590465
223,286,4,1004590478
223,1214,4,1004591283
223,837,5,1004592114
223,394,3,1004592787
223,1641,5,1004593676
223,423,4,1004594673
223,1750,5,1004595001
223,380,5,1004595166
223,468,5,1004595373
223,243,4,1004595962
223,1321,4,1004596840
223,1643,4,1004597258
223,710,5,1004597661
223,415,4,1004598066
223,1374,5,1004598454
223,477,5,1004599316
223,1108,4,1004599670
223,739,4,1004600199
223,1030,4,1004600225
223,845,3,1004600257
223,259,3,1004601043
223,807,4,1004601430
223,1710,4,1004602289
223,184,5,1004602387
223,1695,5,1004602612
223,1386,4,1004602643
223,8,5,1004603160
223,378,4,1004603585
223,1225,4,1004604477
223,361,4,1004604728
223,1335,5,1004605168
223,1849,4,1004605419
223,434,5,1004606088
223,409,5,1004606437
223,24,4,1004606889
223,780,4,1004606995
223,1013,3,1004607956
223,379,3,1004608020
223,620,3,1004608623
223,287,4,1004609161
223,1467,5,1004609890
223,758,4,1004610734
223,1555,4,1004610890
223,1089,4,1004611138
223,726,4,1004611618
223,1298,3,1004612112
223,4,4,1004612441
223,720,4,1004612541
223,1050,4,1004613015
223,1056,4,1004613530
223,1138,5,1004614421
223,225,5,1004615177
223,167,4,1004615395
223,446,4,1004615852
223,384,5,1004616385
223,1241,5,1004616685
224,837,5,1004616968
224,1190,3,1004617262
224,809,4,1004617998
224,1108,3,1004618472
224,485,4,1004619361
224,1748,4,1004619749
224,1375,3,1004619993
224,1320,3,1004620114
224,423,5,1004620330
224,446,4,1004620598
224,378,4,1004620711
224,495,5,1004620732
224,365,4,1004621036
224,1440,4,1004621620
224,1635,5,1004622245
224,1949,4,1004622581
224,1318,5,1004623400
224,528,5,1004623758
224,1056,5,1004624550
224,964,4,1004624771
224,1768,4,1004625508
224,1237,5,1004626023
224,1970,3,1004626887
224,1532,3,1004627882
224,857,4,1004628436
224,876,4,1004628547
224,1844,5,1004628930
224,704,4,1004629330
224,332,4,1004629409
224,1453,3,1004630251
224,1321,4,1004631038
224,1842,5,1004631453
224,1540,4,1004632150
224,913,5,1004632512
224,1402,4,1004632974
224,1754,5,1004633857
224,781,5,1004634007
224,28,5,1004634895
224,1395,4,1004635132
224,110,4,1004635610
224,1892,4,1004636437
224,408,5,1004637389
224,860,3,1004638317
224,1895,5,1004639163
224,236,4,1004639868
224,25,4,1004639930
224,289,5,1004640206
224,1978,4,1004640969
224,1952,4,1004641406
224,880,3,1004642347
225,423,5,1004642448
225,778,5,1004642505
225,837,5,1004643425
225,1565,3,1004644227
225,207,5,1004644494
225,715,4,1004644793
225,1039,4,1004645752
225,83,3,1004646735
225,1467,4,1004646741
225,1367,4,1004647640
225,1836,5,1004647822
225,1108,5,1004648586
225,121,4,1004649386
225,1021,4,1004649390
225,411,4,1004649822
225,478,4,1004650481
225,1693,3,1004651480
225,1179,4,1004652298
225,998,4,1004652686
225,1465,4,1004653330
225,795,4,1004653650
225,1246,3,1004653842
225,1368,5,1004654531
225,1880,3,1004655349
225,803,3,1004655990
225,798,3,1004656590
225,267,4,1004656642
225,1279,3,1004657424
225,824,4,1004658364
225,667,4,1004659248
225,923,4,1004660113
225,1563,3,1004660191
225,1134,4,1004660664
225,307,4,1004661460
225,659,4,1004662422
225,492,4,1004663330
225,1261,3,1004664277
225,1832,5,1004664450
225,288,5,1004665415
225,1489,4,1004665869
225,1199,5,1004665892
225,1323,5,1004666125
225,1694,5,1004666281
225,787,5,1004666745
225,1136,5,1004667124
225,545,4,1004667698
225,550,4,1004668564
225,1010,3,1004668567
225,23,5,1004668873
225,458,3,1004669145
225,297,5,1004670126
225,235,4,1004670139
225,815,3,1004671088
225,224,4,1004671791
225,1338,5,1004671806
225,1307,4,1004672009
226,1248,3,1004672288
226,837,5,1004673191
226,1676,5,1004673216
226,69,5,1004673255
226,174,3,1004673744
226,1566,5,1004674276
226,47,5,1004675015
226,1973,4,1004675770
226,1108,5,1004676202
226,1055,5,1004676659
226,901,4,1004676951
226,193,4,1004677745
226,1556,4,1004677870
226,815,4,1004678244
226,734,5,1004678375
226,84,4,1004679039
226,1617,4,1004679133
226,845,4,1004679870
226,465,5,1004680517
226,423,4,1004680689
226,1611,3,1004681092
226,847,3,1004681819
226,998,4,1004682309
226,710,5,1004682768
226,739,4,1004683195
226,1838,3,1004684054
226,381,5,1004684684
226,577,4,1004685155
226,691,3,1004686112
226,323,3,1004686146
226,184,4,1004686750
226,241,4,1004687335
226,1571,5,1004687368
226,962,4,1004687598
226,1467,4,1004687734
226,303,4,1004688500
226,509,5,1004688761
226,1971,4,1004689318
226,170,3,1004690191
226,802,4,1004690271
226,498,5,1004690713
226,9,5,1004691320
226,1017,3,1004692076
226,1009,5,1004692675
226,549,3,1004693656
226,883,5,1004694199
226,725,4,1004694512
226,850,4,1004694552
226,1644,4,1004694557
226,1432,5,1004694954
226,478,5,1004695833
226,415,5,1004696399
226,1465,3,1004696867
226,389,5,1004697834
226,1816,5,1004698352
226,1620,3,1004698371
226,426,3,1004699026
226,1592,4,1004699071
227,837,4,1004699749
227,777,5,1004699921
227,135,3,1004700676
227,681,4,1004700800
227,570,4,1004701323
227,1467,5,1004702107
227,1512,5,1004702512
227,1293,4,1004703434
227,882,4,1004704134
227,906,5,1004704642
227,1414,5,1004705084
227,576,4,1004705834
227,1819,5,1004706833
227,1618,3,1004707413
227,336,5,1004707813
227,559,5,1004708731
227,1779,5,1004709665
227,479,5,1004710628
227,423,4,1004711030
227,139,3,1004711352
228,1806,3,1004711893
228,1108,4,1004712369
228,837,3,1004712617
228,436,5,1004713542
228,1493,4,1004714352
228,160,5,1004714509
228,1568,5,1004714711
228,1318,4,1004715017
228,1768,4,1004715541
228,1246,4,1004715970
228,168,5,1004716220
228,110,5,1004716555
228,854,5,1004716966
228,1357,4,1004717258
228,423,3,1004718011
228,1021,5,1004718147
228,165,3,1004718847
228,392,5,1004719611
228,1161,5,1004720507
228,759,5,1004720774
228,415,4,1004720885
228,641,3,1004721643
228,740,5,1004721947
228,1560,4,1004722284
228,270,4,1004722851
228,1892,4,1004723664
228,164,4,1004724076
228,1698,4,1004724755
228,1445,3,1004724853
228,928,4,1004725179
228,1532,5,1004725955
228,1594,3,1004726547
228,1787,4,1004726976
228,1193,4,1004727018
228,481,5,1004727252
228,1255,4,1004727516
228,268,3,1004727633
228,876,4,1004727791
228,1335,3,1004728183
228,554,5,1004728287
228,1771,4,1004728354
228,1953,5,1004728949
228,224,3,1004729301
228,469,5,1004729734
228,1062,4,1004730593
228,116,4,1004731346
228,248,5,1004731815
228,1844,5,1004732666
229,837,3,1004732695
229,423,5,1004733397
229,1106,4,1004733508
229,1786,5,1004734457
229,1108,4,1004735213
229,707,5,1004735541
229,362,4,1004735905
229,1423,4,1004736723
229,457,4,1004737229
229,673,3,1004738058
229,491,4,1004739046
229,382,4,1004739675
229,1873,5,1004740634
229,1467,4,1004741093
229,523,3,1004742022
229,1721,3,1004742886
229,605,4,1004742962
229,574,4,1004743177
229,1883,5,1004743304
229,1690,4,1004744218
229,1114,3,1004744516
229,421,4,1004745437
229,1330,3,1004746135
229,1793,5,1004746253
229,757,5,1004747207
229,1587,4,1004747819
229,1056,4,1004748542
229,1979,5,1004749505
229,125,5,1004750005
229,888,4,1004750680
229,507,5,1004751285
229,531,4,1004751892
229,221,4,1004752589
229,242,4,1004753288
229,586,5,1004753422
229,1554,4,1004754356
229,828,4,1004754670
229,1718,5,1004755345
229,1907,4,1004755492
229,129,5,1004756161
229,1410,5,1004756986
229,148,4,1004757594
229,124,4,1004757749
229,156,4,1004758211
229,1326,3,1004758957
229,1456,5,1004759648
229,1299,4,1004760182
229,1195,5,1004760421
229,1577,3,1004761075
229,1563,5,1004761864
229,1743,3,1004762442
229,1371,4,1004762942
229,683,4,1004763211
229,1003,4,1004763778
229,958,4,1004764571
229,162,3,1004765053
229,1619,4,1004765505
229,1804,5,1004765576
229,1962,3,1004765733
229,420,5,1004766083
230,1284,5,1004766159
230,837,5,1004766694
230,423,5,1004766962
230,535,3,1004767649
230,1334,4,1004768173
230,1326,5,1004768628
230,673,4,1004768656
230,1508,3,1004768745
230,1114,4,1004768840
230,1650,5,1004768882
230,7,4,1004769503
230,1023,5,1004770149
230,789,4,1004770196
230,1056,5,1004770607
230,116,4,1004770938
230,1560,5,1004771670
230,1100,4,1004772070
230,182,4,1004772092
230,913,3,1004772114
230,1846,5,1004772909
230,806,5,1004773317
230,1532,5,1004774262
230,413,4,1004774962
230,1108,3,1004775287
230,1318,4,1004775590
230,854,3,1004776541
230,13,5,1004776868
230,429,5,1004777502
230,1718,3,1004777626
230,1425,5,1004778516
230,1331,4,1004779043
230,1119,4,1004779562
230,586,4,1004779638
230,1791,4,1004780389
230,1563,3,1004780701
230,236,5,1004781567
230,1789,3,1004781863
230,1627,5,1004782119
230,1329,5,1004782587
230,354,4,1004782729
230,741,4,1004782811
230,694,3,1004782964
230,1417,5,1004783162
230,1311,3,1004783875
230,635,4,1004784315
230,733,3,1004784843
230,1153,4,1004785220
230,1706,4,1004786143
230,1534,4,1004786470
230,1981,4,1004787198
230,964,5,1004787305
230,1540,3,1004788270
230,1716,3,1004788777
230,1587,3,1004789585
230,29,4,1004790529
230,369,5,1004791411
230,330,5,1004792098
230,103,5,1004792706
231,1716,3,1004793101
231,1467,5,1004793944
231,1108,4,1004794658
231,837,5,1004795112
231,714,5,1004795773
231,143,4,1004796350
231,1015,4,1004796481
231,423,4,1004796849
231,836,5,1004797114
231,790,4,1004797762
231,1155,3,1004798215
231,700,4,1004798222
231,627,3,1004799123
231,937,4,1004799793
231,1902,4,1004800344
231,1689,4,1004801021
231,1541,3,1004801600
231,818,5,1004802036
231,624,4,1004802451
231,1053,4,1004803081
231,401,4,1004804078
231,1719,4,1004804738
231,159,3,1004805412
231,1932,5,1004805630
231,1057,4,1004806144
231,1926,3,1004806730
231,1476,4,1004806847
231,338,5,1004806853
231,461,5,1004807039
231,225,4,1004807070
231,1443,4,1004808010
232,257,3,1004808611
232,1467,5,1004808798
232,1305,4,1004809656
232,1731,5,1004810649
232,837,3,1004811089
232,1542,4,1004811724
232,319,3,1004812253
232,1269,4,1004813233
232,1706,3,1004813631
232,1108,4,1004814230
232,1747,3,1004815035
232,1577,3,1004815952
232,993,5,1004816299
232,37,4,1004816555
232,858,5,1004816868
232,7,5,1004817372
232,183,5,1004818304
232,1962,4,1004818500
232,1791,4,1004819047
232,925,4,1004819193
232,181,4,1004819881
232,368,4,1004820780
232,1705,3,1004821227
232,300,5,1004821261
232,1922,4,1004822058
232,1587,4,1004822896
232,457,5,1004823876
232,1757,3,1004823917
232,72,5,1004824871
232,814,5,1004825109
232,1457,5,1004825605
232,1326,4,1004825722
232,1422,3,1004825942
232,1543,5,1004826622
232,623,5,1004826931
232,1820,4,1004827638
232,460,4,1004827866
232,1650,4,1004828753
232,692,5,1004829736
232,423,4,1004829831
232,557,5,1004830054
232,1597,5,1004830654
232,1229,4,1004831312
232,340,4,1004831887
232,310,4,1004832480
232,1342,5,1004833094
232,1478,4,1004833240
232,531,3,1004834050
232,190,5,1004834702
232,1117,5,1004835076
232,1212,5,1004835838
232,158,4,1004836105
232,754,5,1004836753
232,581,4,1004837671
232,746,4,1004838269
232,71,4,1004839219
232,578,3,1004839823
232,1337,4,1004840633
233,1578,4,1004840735
233,1480,5,1004841572
233,837,3,1004842532
233,1634,3,1004843426
233,1005,4,1004844198
233,347,4,1004845091
233,423,5,1004845542
233,720,5,1004846432
233,1838,4,1004847393
233,1600,4,1004847579
233,897,4,1004848100
233,1807,3,1004848711
233,140,4,1004849106
233,885,4,1004849450
233,1795,5,1004849527
233,1108,4,1004849627
233,1273,5,1004849973
233,51,5,1004850462
233,1809,3,1004850836
233,906,4,1004851214
233,1214,4,1004852061
233,565,4,1004852226
233,1001,3,1004852650
233,126,5,1004853186
233,661,5,1004854129
233,1544,4,1004854193
233,758,4,1004854533
233,1126,4,1004855123
233,447,5,1004855396
233,1946,3,1004855822
233,1183,5,1004856411
233,951,4,1004856870
233,216,5,1004857757
233,1559,4,1004858322
233,1685,5,1004858815
233,1819,3,1004858818
233,1858,3,1004859694
233,238,3,1004860491
233,1735,5,1004860526
233,1865,3,1004860881
233,1388,4,1004861755
233,391,3,1004862018
233,769,5,1004863015
233,185,5,1004863108
233,5,4,1004863452
233,1829,3,1004863763
233,1948,4,1004864117
233,1821,5,1004864476
233,480,4,1004865143
233,1216,5,1004865364
233,927,5,1004866338
233,924,5,1004866659
233,790,5,1004867113
233,1864,4,1004867149
233,1558,5,1004867842
233,1673,5,1004867938
233,89,4,1004868901
233,778,5,1004868972
234,873,4,1004869053
234,347,5,1004869661
234,837,4,1004870465
234,1108,4,1004871066
234,1414,5,1004871314
234,1685,5,1004871498
234,1445,4,1004871807
234,1495,5,1004872206
234,1635,5,1004872475
234,711,5,1004872835
234,1458,4,1004873395
234,534,5,1004874304
234,449,5,1004874524
234,423,3,1004874851
234,1884,4,1004875087
234,885,5,1004875657
234,1560,3,1004876486
234,1558,5,1004876703
234,1383,4,1004876817
234,1242,3,1004877167
234,1679,4,1004878040
234,1729,5,1004878960
234,1774,5,1004879336
234,664,4,1004880234
234,879,5,1004880466
234,1272,5,1004880626
234,436,5,1004880652
234,1480,4,1004880700
234,1810,4,1004881365
234,415,5,1004881794
234,1621,4,1004882162
234,445,4,1004882333
234,1040,4,1004882393
234,1846,4,1004883384
234,175,5,1004883853
234,185,3,1004884788
234,1911,4,1004885696
234,404,4,1004885872
234,761,4,1004886208
234,950,5,1004886217
234,10,4,1004886646
234,442,3,1004887393
234,1634,5,1004888077
234,1074,5,1004888413
234,816,5,1004889196
234,1372,3,1004889473
234,728,4,1004889916
234,913,5,1004890287
234,1981,4,1004891129
234,1512,4,1004891864
234,1140,3,1004892381
235,837,4,1004893239
235,644,4,1004894051
235,1030,4,1004894830
235,446,4,1004895345
235,969,5,1004896207
235,1303,4,1004897067
235,1695,3,1004897435
235,979,3,1004897641
235,1953,3,1004898009
235,423,4,1004898920
235,611,4,1004899176
235,541,4,1004899241
235,1108,3,1004899350
235,63,5,1004900280
235,1534,4,1004900366
235,1701,3,1004901286
235,365,4,1004902088
235,173,4,1004902382
235,914,5,1004902472
235,1728,4,1004902762
235,934,4,1004903654
235,1651,4,1004904309
235,1053,4,1004905042
235,896,4,1004905419
235,1280,4,1004905894
235,1529,3,1004906140
235,1769,4,1004906659
235,32,4,1004906916
235,744,4,1004907412
235,929,4,1004907462
235,1726,3,1004908084
235,875,3,1004908762
235,1946,4,1004909137
235,1557,4,1004909315
235,1627,4,1004909848
235,438,4,1004910678
235,1446,3,1004910959
235,166,4,1004911034
235,494,4,1004912027
235,43,5,1004912031
235,1464,4,1004912214
235,58,5,1004912787
235,923,4,1004913201
235,1369,3,1004913479
235,635,5,1004914413
235,771,4,1004915101
235,1704,5,1004916067
235,1753,4,1004916737
235,1691,4,1004916809
235,1528,4,1004917140
235,582,4,1004917504
235,168,4,1004917711
235,999,4,1004918327
235,1790,4,1004918397
235,482,3,1004918647
236,837,4,1004919368
236,133,4,1004919886
236,1957,5,1004920807
236,1520,5,1004921688
236,1260,5,1004921722
236,655,3,1004922469
236,1035,4,1004922784
236,1507,3,1004923661
236,1029,3,1004923785
236,423,5,1004923818
236,1406,3,1004924697
236,621,5,1004925593
236,872,3,1004925609
236,400,5,1004926364
236,685,4,1004926450
236,46,4,1004926489
236,1977,3,1004927467
236,1467,4,1004928376
236,1429,5,1004928628
236,1593,5,1004929205
236,1088,5,1004929305
236,1362,4,1004929774
236,842,4,1004930343
236,44,4,1004930547
236,1749,4,1004931226
236,1358,4,1004931929
236,1481,5,1004932259
236,705,4,1004933204
236,1670,5,1004933472
236,813,3,1004934237
236,55,4,1004935116
236,1344,5,1004935722
236,1601,5,1004936311
236,955,4,1004936413
236,341,5,1004936708
236,1148,3,1004937164
236,1418,4,1004937214
236,1262,4,1004938142
236,747,3,1004938455
236,796,4,1004939189
236,1108,4,1004940027
236,373,5,1004940543
236,1642,4,1004941348
236,156,3,1004941769
236,1020,4,1004941907
236,1687,4,1004942846
236,1504,5,1004943142
236,491,4,1004943195
236,930,5,1004943270
236,1381,5,1004943461
236,1759,4,1004944305
236,1238,4,1004945185
236,496,4,1004945498
236,279,4,1004945660
236,1626,4,1004945938
236,367,4,1004946165
236,192,3,1004947151
236,148,5,1004947882
236,1874,4,1004948245
237,1144,4,1004948701
237,1973,5,1004949694
237,837,4,1004949724
237,423,5,1004949726
237,51,4,1004949875
237,1108,4,1004950684
237,1963,5,1004951289
237,765,4,1004952005
237,1096,4,1004952654
237,448,3,1004953268
237,1271,5,1004953496
237,1741,5,1004954167
237,689,5,1004955056
237,1679,4,1004955855
237,1191,5,1004956327
237,439,4,1004957192
237,1010,4,1004957219
237,262,5,1004958044
237,177,4,1004958409
237,1048,5,1004958605
237,946,5,1004959344
237,176,5,1004959979
237,1852,4,1004960806
237,737,5,1004961702
237,1972,5,1004962433
237,742,4,1004962503
237,671,5,1004963078
237,1105,3,1004964016
237,359,4,1004964765
237,108,4,1004964843
237,1654,5,1004965435
237,1778,5,1004965762
237,252,4,1004966364
237,773,4,1004967047
237,1286,4,1004967105
237,1634,4,1004967876
237,1807,4,1004968709
237,1441,5,1004968908
237,299,3,1004969370
237,1558,4,1004969507
237,1676,5,1004969713
237,727,3,1004970121
237,943,4,1004970516
237,321,3,1004971265
237,618,4,1004971410
237,1693,4,1004971646
237,117,5,1004971782
237,1547,4,1004972633
237,153,4,1004972680
237,587,5,1004973264
237,1120,3,1004973266
237,5,4,1004973327
237,1369,4,1004974259
237,643,4,1004975053
237,1489,4,1004975978
237,1934,4,1004976108
238,1819,5,1004976493
238,640,4,1004976714
238,1630,4,1004976763
238,423,4,1004977281
238,837,4,1004978128
238,572,4,1004978285
238,1347,4,1004978820
238,1590,4,1004979387
238,1975,4,1004980077
238,127,5,1004980928
238,576,5,1004980967
238,711,5,1004981107
238,869,4,1004981599
238,1108,4,1004981948
238,1388,5,1004982652
238,1007,3,1004983018
238,1246,3,1004983233
238,253,4,1004983766
238,1545,4,1004984307
238,1702,5,1004984751
238,816,3,1004984924
238,293,4,1004984954
238,769,4,1004985709
238,629,4,1004986530
238,1719,5,1004986897
238,474,4,1004987557
238,508,4,1004988554
238,1712,4,1004988816
238,1469,4,1004989110
238,197,4,1004989150
238,1443,4,1004989923
238,207,3,1004990492
238,210,5,1004991445
238,1618,3,1004991681
238,906,3,1004992092
238,1136,3,1004992368
238,106,5,1004993017
238,1795,4,1004993607
238,1961,5,1004993918
238,490,3,1004994636
238,1322,4,1004994856
238,1390,4,1004995114
238,1914,4,1004995642
238,1032,5,1004996051
238,763,4,1004996717
238,1273,3,1004996952
238,1005,4,1004997742
238,214,4,1004997914
238,1516,3,1004998290
238,1717,4,1004999011
238,1015,4,1004999150
238,1081,4,1004999965
238,1044,4,1005000350
238,1086,4,1005000941
238,239,3,1005001560
238,880,4,1005001939
238,928,4,1005002183
239,1390,4,1005003037
239,1103,4,1005003513
239,423,4,1005003911
239,1819,4,1005004858
239,837,4,1005005108
239,1795,4,1005005878
239,292,4,1005006294
239,1056,4,1005007016
239,511,5,1005007445
239,1821,4,1005007461
239,1866,4,1005008354
239,704,4,1005009205
239,1909,4,1005009983
239,1186,5,1005010346
239,1005,4,1005010498
239,1108,5,1005011046
239,1831,5,1005011511
239,1914,4,1005011785
239,485,4,1005012537
239,1828,4,1005013198
239,195,4,1005013294
239,361,5,1005014029
239,1352,5,1005014125
239,1740,4,1005014790
239,1751,5,1005015255
239,1905,4,1005016157
239,452,5,1005016582
239,216,3,1005017097
239,87,5,1005017891
239,1467,4,1005018189
239,1758,4,1005018235
239,1590,4,1005019186
239,1826,4,1005019987
239,1101,5,1005020441
239,700,5,1005021248
239,1463,4,1005021942
239,852,5,1005022788
239,111,3,1005023781
239,558,4,1005024450
239,1704,4,1005024863
240,837,3,1005025506
240,1464,3,1005025644
240,1773,5,1005025973
240,423,5,1005026074
240,1868,4,1005026223
240,1060,3,1005026923
240,1573,3,1005027538
240,1601,4,1005028359
240,796,4,1005029180
240,977,5,1005030020
240,1481,5,1005030604
240,902,5,1005031390
240,1378,5,1005032241
240,822,5,1005032593
240,965,5,1005033033
240,826,5,1005033782
240,1554,5,1005034626
240,1932,4,1005035316
240,1008,5,1005035476
240,44,3,1005036449
240,1108,4,1005037256
240,862,5,1005037846
240,828,4,1005038258
240,532,4,1005038385
240,396,5,1005039372
240,367,4,1005039768
240,60,5,1005040757
240,1210,3,1005041170
240,942,4,1005041490
240,935,5,1005041778
240,947,4,1005042688
240,269,4,1005043568
240,412,4,1005044069
240,1393,4,1005044537
240,1076,3,1005044709
240,1290,5,1005044965
240,294,3,1005045648
240,1627,5,1005046289
240,842,5,1005046716
240,1299,3,1005047127
240,1003,3,1005047352
240,1006,5,1005048284
240,1563,4,1005048918
241,423,3,1005049645
241,897,5,1005049785
241,333,3,1005050560
241,837,4,1005051250
241,89,4,1005051508
241,144,4,1005052270
241,1871,4,1005052613
241,682,4,1005052906
241,963,3,1005053091
241,903,5,1005053680
241,1136,3,1005053687
241,550,5,1005053898
241,992,5,1005053942
241,1108,3,1005054753
241,237,4,1005055597
241,1096,5,1005056559
241,1193,3,1005057256
241,299,4,1005057867
241,1921,5,1005058258
241,1409,4,1005058317
241,445,4,1005058661
242,1532,4,1005058699
242,694,5,1005058856
242,235,5,1005059522
242,837,4,1005060376
242,923,5,1005061284
242,441,4,1005061497
242,350,4,1005062027
242,1000,3,1005062494
242,1426,4,1005062609
242,989,4,1005062813
242,1121,4,1005062818
242,184,3,1005063335
242,1430,4,1005064161
242,1763,3,1005064171
242,1108,4,1005064638
242,964,4,1005065529
242,423,4,1005066499
242,952,3,1005067043
242,1009,3,1005067608
242,1732,4,1005068349
242,1704,4,1005069284
243,470,3,1005069641
243,985,3,1005069829
243,837,4,1005070126
243,997,5,1005070947
243,1467,5,1005071519
243,1108,5,1005071935
243,698,5,1005072764
243,59,5,1005073524
243,679,4,1005073543
243,423,4,1005074499
243,908,3,1005074977
243,82,4,1005075947
243,1129,5,1005076129
243,1564,3,1005076755
243,1449,4,1005077625
243,1517,4,1005078145
243,900,4,1005078752
243,1226,5,1005079738
243,980,3,1005080121
243,762,3,1005080331
243,676,4,1005080393
243,1759,4,1005080651
243,261,5,1005080901
243,644,3,1005081150
243,1413,3,1005081444
243,1546,4,1005081812
243,214,5,1005082793
243,1313,5,1005083239
243,1062,5,1005084097
243,1479,4,1005084808
243,1144,5,1005085102
243,150,5,1005085675
243,525,5,1005086308
243,687,5,1005087218
243,1409,4,1005087832
243,1157,4,1005088209
243,1888,4,1005088548
243,263,5,1005089192
243,1872,4,1005090173
243,438,3,1005090991
243,703,4,1005091833
244,837,4,1005092696
244,1095,3,1005093327
244,145,5,1005093855
244,1425,5,1005093952
244,280,3,1005094823
244,937,3,1005094858
244,173,5,1005095635
244,494,4,1005095637
244,423,4,1005096157
244,771,5,1005096849
244,1454,5,1005096958
244,1108,4,1005097438
244,970,4,1005097626
244,1023,5,1005098573
244,827,5,1005098847
244,1817,4,1005099181
244,156,4,1005099266
244,482,3,1005099753
244,1331,4,1005100529
244,374,3,1005101435
244,1581,5,1005101788
244,1649,3,1005102492
244,1309,4,1005102767
244,635,5,1005103100
244,1497,4,1005103846
244,1467,5,1005104157
244,1802,5,1005104244
244,294,5,1005104463
244,1786,4,1005105371
244,1745,3,1005106264
244,698,3,1005106853
244,1479,4,1005107438
244,612,4,1005107517
244,556,4,1005107918
245,958,5,1005108613
245,1108,4,1005108919
245,1031,5,1005109544
245,1648,5,1005109786
245,1805,3,1005110731
245,423,3,1005111017
245,837,4,1005111330
245,1217,3,1005111996
245,1191,5,1005112990
245,285,4,1005113190
245,1848,4,1005114124
245,1462,3,1005114357
245,1601,4,1005114504
245,642,4,1005114521
245,736,3,1005114871
245,1467,3,1005114976
245,1759,5,1005115966
245,1772,3,1005116690
245,861,4,1005117366
245,763,5,1005118023
245,1371,3,1005118754
245,1873,4,1005119023
245,275,3,1005119330
245,757,4,1005119485
245,704,3,1005119931
245,1324,4,1005120592
245,1056,4,1005121339
245,1793,3,1005122197
245,402,3,1005122387
245,774,5,1005122921
245,1049,3,1005123597
245,1619,5,1005123820
245,1629,5,1005124414
246,837,4,1005125256
246,1772,5,1005125662
246,923,3,1005125878
246,1405,5,1005126703
246,645,4,1005127502
246,1692,4,1005127582
246,1442,4,1005128359
246,1155,4,1005128632
246,1726,3,1005129525
246,1165,5,1005130027
246,1294,4,1005130661
246,1108,5,1005131638
246,1467,4,1005131998
246,94,4,1005132165
246,1049,4,1005132629
246,1397,3,1005133059
246,697,3,1005133869
246,423,4,1005134043
246,1590,4,1005134804
246,1053,4,1005135583
246,139,3,1005136148
246,1101,3,1005136235
246,1639,5,1005136995
246,403,3,1005137497
246,1434,5,1005138261
246,451,5,1005138352
246,1744,5,1005139013
246,289,4,1005139635
246,301,5,1005140025
246,681,4,1005140312
246,1987,5,1005141057
246,861,5,1005141699
246,766,4,1005141986
246,1380,4,1005142702
246,1550,5,1005142740
246,1187,4,1005142879
246,461,5,1005143669
246,1714,4,1005144169
246,1080,3,1005144416
246,1433,4,1005145408
246,977,3,1005145850
246,606,4,1005146610
246,1174,4,1005146725
246,271,4,1005147239
246,255,3,1005147813
246,1783,4,1005148183
246,1464,5,1005148197
246,415,4,1005148204
246,1563,5,1005148692
246,1451,4,1005149441
246,688,5,1005150208
246,1044,4,1005150241
246,1167,5,1005150789
246,775,5,1005151588
246,1081,3,1005152018
246,526,3,1005152740
246,1758,5,1005153162
246,1914,4,1005153728
246,648,5,1005153999
247,299,4,1005154479
247,837,4,1005154917
247,1287,5,1005154954
247,1815,4,1005155197
247,1211,3,1005156102
247,1108,5,1005156196
247,408,5,1005157037
247,1641,4,1005157419
247,1635,5,1005157448
247,423,5,1005158139
247,781,4,1005158649
247,1383,3,1005158812
247,881,3,1005158852
247,1981,5,1005159298
247,682,5,1005160098
247,1467,5,1005160461
247,741,5,1005161090
247,1854,3,1005161814
247,63,4,1005161846
247,1335,5,1005161930
247,1024,4,1005162275
247,1679,5,1005162369
247,963,5,1005162851
247,277,5,1005163171
247,1201,4,1005163760
247,1255,3,1005163817
247,659,5,1005164280
247,764,3,1005164721
247,1404,5,1005165524
247,179,5,1005166461
247,1334,4,1005166867
247,1847,4,1005167223
247,254,3,1005167521
247,533,3,1005167701
247,28,3,1005168037
247,1096,4,1005168700
247,1558,3,1005169176
247,1870,4,1005169852
247,804,3,1005169868
247,370,4,1005169900
247,89,4,1005170895
247,694,3,1005171022
247,1083,5,1005171986
247,1836,5,1005172291
247,445,5,1005173202
247,1630,5,1005173585
247,1025,4,1005173619
247,1774,3,1005174226
247,1771,4,1005174633
247,1754,5,1005175046
247,857,3,1005175952
247,740,5,1005176903
247,443,5,1005177122
247,469,5,1005177876
247,1320,4,1005177963
247,1921,5,1005178288
248,742,4,1005178991
248,837,4,1005179876
248,360,5,1005180490
248,1467,3,1005180616
248,1454,4,1005181437
248,977,5,1005182117
248,1177,4,1005182118
248,131,4,1005182945
248,415,4,1005183519
248,1108,3,1005184478
248,4,4,1005184781
248,1041,4,1005185558
248,568,5,1005186326
248,1,3,1005187158
248,1102,4,1005187329
248,35,5,1005187719
248,1057,5,1005187726
248,835,3,1005188593
248,1612,4,1005189495
248,423,3,1005189546
248,1441,4,1005190084
248,1159,5,1005190197
248,1145,5,1005190917
248,734,3,1005191588
248,1689,4,1005192534
248,1138,4,1005193300
248,1051,5,1005194025
248,1008,3,1005194635
248,173,4,1005195190
249,837,5,1005195997
249,1348,4,1005196695
249,1977,4,1005196779
249,1108,4,1005197425
249,1130,4,1005197772
249,930,5,1005198068
249,827,3,1005198104
249,1808,4,1005198656
249,1400,4,1005198984
249,1311,5,1005199184
249,1331,4,1005199850
249,1139,3,1005200359
249,887,4,1005200497
249,1008,5,1005200975
249,423,4,1005201359
249,937,5,1005201911
249,59,5,1005202363
249,1636,4,1005202393
249,811,4,1005203107
249,1041,3,1005203240
249,1223,4,1005203807
249,1090,4,1005204035
249,108,3,1005204886
249,1056,5,1005205052
249,1742,4,1005205084
249,955,5,1005205280
249,1980,4,1005205806
249,717,3,1005206289
249,580,5,1005207026
249,1716,4,1005207240
249,278,4,1005207304
249,1675,4,1005207500
249,107,5,1005208391
249,1276,5,1005208866
249,1210,4,1005209448
249,1522,5,1005209845
249,1369,4,1005210295
249,1603,5,1005210762
249,67,3,1005211680
249,866,3,1005212264
249,134,5,1005213180
249,788,4,1005213617
249,1094,3,1005214440
249,1194,4,1005214726
249,1733,4,1005215482
249,1726,4,1005216447
249,644,3,1005217209
249,1398,5,1005218130
249,1420,5,1005219087
250,837,4,1005219183
250,1108,3,1005219361
250,736,5,1005219588
250,423,5,1005219633
250,266,5,1005219690
250,1890,4,1005219745
250,938,5,1005220164
250,342,3,1005220960
250,275,3,1005221750
250,970,4,1005222714
250,163,5,1005223248
250,1723,3,1005223875
250,415,4,1005224826
250,208,4,1005224963
250,249,3,1005225064
250,1730,5,1005225382
250,967,5,1005225586
250,1601,3,1005226384
250,402,4,1005226794
250,613,4,1005226870
250,832,3,1005227235
251,837,5,1005227870
251,207,5,1005228745
251,680,5,1005229123
251,1998,4,1005230046
251,329,3,1005230671
251,570,5,1005231227
251,1686,5,1005231787
251,1257,5,1005232229
251,1812,3,1005232662
251,1467,4,1005233508
251,1419,5,1005234466
251,1567,5,1005234903
251,536,3,1005235477
251,596,5,1005235815
251,723,3,1005236226
251,387,4,1005236269
251,1618,5,1005236839
251,10,4,1005237356
251,423,5,1005238274
251,34,5,1005238569
251,1942,4,1005239117
251,607,4,1005239231
251,1898,3,1005239504
251,1108,3,1005240328
251,790,5,1005241044
251,822,4,1005241280
251,276,5,1005242140
251,950,5,1005242411
251,1385,4,1005243398
251,430,5,1005244233
251,316,5,1005244682
251,1408,4,1005245122
251,1076,4,1005245595
251,1512,5,1005246068
251,1653,3,1005246856
252,837,4,1005247164
252,423,4,1005247900
252,1312,4,1005248263
252,1927,5,1005248861
252,1353,3,1005249204
252,483,5,1005249368
252,1061,4,1005250178
252,1511,5,1005251074
252,872,4,1005251259
252,552,5,1005252104
252,986,4,1005252902
252,967,5,1005253639
252,557,4,1005254506
252,1650,3,1005255473
252,1230,4,1005256409
252,1776,3,1005257328
252,1108,5,1005257534
252,466,3,1005258266
252,1460,5,1005258862
252,1277,5,1005259137
252,1494,3,1005259534
252,1479,4,1005259939
252,1786,4,1005260409
252,1533,4,1005260917
252,145,5,1005261623
252,1002,5,1005261631
252,849,4,1005262289
252,487,4,1005263072
252,1995,4,1005263642
252,317,5,1005264007
252,651,5,1005264404
252,1718,4,1005265247
252,309,4,1005266077
252,808,4,1005266735
252,1351,5,1005267541
252,703,5,1005267908
252,886,5,1005268852
252,1221,5,1005269142
252,1931,4,1005269941
252,1759,4,1005270507
252,260,3,1005271351
252,1252,5,1005271555
252,1393,4,1005271674
253,1109,3,1005271897
253,738,3,1005272256
253,1269,4,1005272858
253,382,3,1005273340
253,450,4,1005273592
253,1739,4,1005274139
253,837,4,1005274370
253,466,4,1005274573
253,1457,4,1005275509
253,483,4,1005276147
253,68,4,1005276704
253,1527,4,1005277702
253,162,5,1005278272
253,1622,3,1005278906
253,1236,4,1005279297
253,1645,5,1005279755
253,849,4,1005280551
253,1467,5,1005280803
253,21,3,1005281450
253,1073,4,1005282408
253,1184,5,1005282931
253,423,5,1005283106
253,415,3,1005283431
253,390,3,1005284010
253,546,4,1005284077
253,1618,3,1005284266
254,837,4,1005285115
254,370,3,1005285909
254,1645,5,1005286135
254,390,4,1005286698
254,423,4,1005287236
254,1108,4,1005287757
254,79,4,1005287882
254,996,5,1005288850
254,548,3,1005289742
254,1229,4,1005290532
254,1563,3,1005291234
254,1776,3,1005291344
254,1904,5,1005291414
254,117,4,1005291570
254,1056,3,1005292400
254,1117,4,1005292540
254,22,4,1005292857
254,1178,3,1005293192
254,320,3,1005293773
254,1561,4,1005294095
254,467,5,1005294683
254,1045,4,1005294766
254,1033,5,1005295543
254,1718,5,1005296304
254,1099,4,1005296947
254,1132,4,1005297597
254,657,4,1005298402
254,1490,4,1005298802
254,78,4,1005299137
254,1922,4,1005299753
254,1282,4,1005300740
254,1682,5,1005300792
254,1587,5,1005301300
254,456,3,1005301457
254,590,5,1005302094
255,1716,3,1005302556
255,330,4,1005302584
255,494,5,1005303567
255,837,5,1005303760
255,1108,3,1005304749
255,32,5,1005305064
255,1447,5,1005305698
255,1425,4,1005306542
255,518,5,1005307074
255,423,4,1005307154
255,1147,5,1005308053
255,1152,5,1005308410
255,1563,5,1005308473
255,590,4,1005308515
255,1369,3,1005308587
255,771,4,1005308776
255,415,3,1005308869
255,981,4,1005309463
255,1243,4,1005310274
255,1681,5,1005310706
255,601,5,1005311129
255,999,4,1005311425
255,425,3,1005312201
255,532,5,1005312381
255,875,4,1005313339
255,1452,4,1005313363
255,1649,4,1005313669
255,735,3,1005314326
255,914,5,1005315224
255,1708,5,1005315741
255,1550,4,1005315944
255,1419,3,1005316935
255,929,5,1005317057
255,799,5,1005317127
255,1467,4,1005318107
255,220,4,1005318734
255,1104,4,1005319041
255,130,4,1005319535
255,1244,3,1005319954
255,1144,4,1005320165
256,423,3,1005321143
256,388,4,1005321980
256,212,5,1005322307
256,1108,3,1005322332
256,159,4,1005322814
256,1745,4,1005323701
256,837,5,1005324456
256,534,5,1005325265
256,1242,5,1005326106
256,1272,5,1005326983
256,385,4,1005327360
256,1106,5,1005328090
256,1467,5,1005328355
256,828,4,1005328921
256,1994,4,1005329255
256,1313,4,1005329477
256,1443,4,1005329985
256,421,5,1005330454
256,1996,5,1005331121
256,1865,5,1005331402
256,1029,4,1005331620
256,275,5,1005331803
256,43,3,1005332148
256,1743,4,1005332949
256,1345,4,1005333573
256,1330,3,1005333850
256,1864,4,1005334229
256,995,4,1005334581
256,656,5,1005334619
256,1752,5,1005334859
256,1928,5,1005334954
256,44,5,1005335594
256,679,3,1005336405
256,752,5,1005336449
257,1364,5,1005337349
257,1517,3,1005337586
257,837,3,1005337960
257,1461,4,1005338555
257,1193,5,1005339133
257,1806,3,1005339292
257,1759,3,1005339514
257,53,3,1005340089
257,786,3,1005340878
257,1095,4,1005341377
257,761,5,1005341797
257,423,5,1005341982
257,803,3,1005342142
257,1467,4,1005342900
257,1449,4,1005343201
257,238,5,1005343313
257,1516,4,1005343856
257,1124,5,1005343898
257,1501,4,1005344566
257,723,5,1005344972
257,1868,5,1005345008
257,1546,3,1005345164
257,1822,5,1005345744
257,563,4,1005346707
257,14,3,1005347017
257,1129,5,1005348000
257,1027,3,1005348130
258,837,5,1005348829
258,1411,3,1005349421
258,1727,4,1005349753
258,1056,4,1005350403
258,457,3,1005350452
258,1997,5,1005350922
258,1494,3,1005351386
258,1780,3,1005352318
258,1268,5,1005353214
258,834,5,1005353418
258,405,3,1005353659
258,1108,5,1005354654
258,854,3,1005355075
258,1113,5,1005355743
258,507,4,1005356503
258,103,5,1005357170
258,1426,5,1005357231
258,596,5,1005358014
258,162,5,1005358142
258,382,5,1005358553
258,1153,3,1005359130
258,1201,5,1005359333
258,1680,5,1005359829
258,1649,4,1005360493
258,423,4,1005360761
258,1122,3,1005360980
258,1314,3,1005361202
258,1319,4,1005361611
258,1114,5,1005362110
258,1952,4,1005362618
258,1147,3,1005363512
258,1884,3,1005363594
258,1979,4,1005364592
258,1045,5,1005364861
258,350,4,1005365081
258,776,5,1005365167
258,871,5,1005366125
258,1767,5,1005366435
258,1927,5,1005367227
258,415,5,1005367375
258,31,3,1005367599
258,1671,4,1005367606
258,1243,5,1005367968
259,415,5,1005368002
259,837,4,1005368680
259,1538,4,1005369262
259,1801,5,1005369701
259,686,5,1005370575
259,623,5,1005370645
259,1108,3,1005370695
259,1363,4,1005371134
259,37,3,1005371195
259,1467,3,1005372136
259,791,5,1005372813
259,1855,4,1005373748
259,1379,4,1005373962
259,593,5,1005373968
259,202,3,1005374885
259,1056,5,1005375171
259,1760,4,1005375561
259,1358,5,1005376329
259,1937,5,1005376828
259,825,3,1005377436
259,1305,5,1005377548
259,12,4,1005377984
259,729,5,1005378075
259,1647,4,1005378425
259,1139,4,1005378998
259,1798,5,1005379281
259,1598,4,1005379470
259,1468,4,1005380097
259,621,5,1005380319
259,272,5,1005380434
259,1799,4,1005381091
259,1150,3,1005381704
259,617,4,1005382314
259,1380,4,1005382761
259,1195,3,1005383237
259,1080,5,1005383479
259,90,5,1005383657
259,133,5,1005384213
259,326,4,1005384313
259,1361,3,1005385133
259,1459,4,1005385962
259,1188,3,1005386576
259,325,3,1005387016
259,1406,3,1005387627
259,191,4,1005388489
259,1738,4,1005389474
259,581,5,1005390023
259,1342,5,1005390121
259,285,4,1005390595
259,423,4,1005390852
259,750,4,1005391654
259,158,4,1005391766
259,888,4,1005392479
259,128,4,1005392705
260,837,3,1005392793
260,1467,4,1005393725
260,880,3,1005394085
260,186,4,1005395009
260,423,4,1005395365
260,1111,4,1005396200
260,991,3,1005396718
260,1176,4,1005397162
260,1839,5,1005398047
260,1108,4,1005398136
260,1294,4,1005398154
260,466,5,1005398956
260,856,5,1005399019
260,1985,4,1005399757
260,260,5,1005400213
260,1772,5,1005400655
260,1845,3,1005401624
260,546,3,1005402316
260,1180,3,1005402825
260,1596,5,1005402893
260,1077,4,1005403625
260,479,3,1005404172
260,1370,3,1005405062
260,210,4,1005405836
260,1609,5,1005406249
260,460,3,1005407068
260,1270,4,1005407762
260,604,4,1005407836
260,1002,4,1005407940
260,1622,4,1005408187
260,575,5,1005409002
260,72,5,1005409591
260,202,3,1005410229
260,197,3,1005410425
260,916,4,1005411083
260,208,3,1005411249
260,792,5,1005411651
260,1422,5,1005412483
260,1798,5,1005412765
260,422,4,1005413122
260,1793,3,1005413411
260,1976,5,1005414073
260,1305,4,1005414686
260,1483,4,1005415035
260,1032,5,1005415654
260,1947,4,1005415902
260,1935,5,1005416505
260,631,4,1005417401
260,402,5,1005418338
261,837,4,1005419138
261,1149,4,1005419717
261,1447,5,1005420374
261,849,5,1005420754
261,961,5,1005421568
261,1467,5,1005421861
261,996,4,1005422381
261,588,3,1005422611
261,688,4,1005423261
261,1513,5,1005423822
261,624,3,1005424736
261,354,4,1005425596
261,1667,5,1005426119
261,280,4,1005426578
261,335,5,1005426693
261,1108,4,1005427044
261,1609,5,1005427639
261,1054,4,1005428393
261,1782,4,1005429186
261,1041,4,1005429715
261,1400,4,1005430379
261,1187,4,1005431205
261,1922,5,1005431656
261,635,5,1005432327
261,553,3,1005433279
261,162,3,1005434124
261,1463,5,1005434462
261,423,5,1005434985
261,432,4,1005435583
261,1270,4,1005436105
261,1464,4,1005436211
261,766,4,1005437141
261,1842,4,1005437319
261,415,4,1005437993
261,1012,5,1005438191
261,1229,4,1005438523
262,1435,3,1005439408
262,837,4,1005439584
262,1478,3,1005440108
262,930,3,1005440438
262,423,4,1005441312
262,341,4,1005441568
262,1756,4,1005442069
262,1670,4,1005442611
262,901,4,1005443324
262,1770,3,1005443736
262,1536,5,1005444189
262,619,3,1005445094
262,42,5,1005445644
262,1985,4,1005445671
262,1108,5,1005446391
262,578,4,1005447152
262,926,5,1005447653
262,1881,4,1005448172
262,1403,3,1005449100
262,1354,5,1005449196
262,1538,4,1005449805
262,1249,3,1005449954
262,1991,5,1005450917
262,1891,3,1005451761
262,358,4,1005452637
262,1676,4,1005453145
262,1381,4,1005453174
262,245,4,1005454167
262,406,4,1005454945
262,323,3,1005455806
262,1240,4,1005455943
262,749,5,1005456839
262,988,4,1005457757
262,56,3,1005458615
262,1592,5,1005459598
262,1422,3,1005459834
262,1382,5,1005460064
262,55,5,1005460410
262,1328,5,1005460879
262,1514,3,1005460899
262,192,4,1005461056
262,1504,4,1005461472
262,1954,4,1005462033
262,1659,4,1005462910
262,1818,3,1005463128
262,133,3,1005463765
262,1061,5,1005464204
262,530,3,1005464890
262,1130,5,1005465510
262,1441,4,1005466265
262,1990,4,1005466758
262,1938,5,1005467682
262,1875,3,1005468076
262,1764,4,1005468469
262,1467,4,1005469093
262,547,3,1005469649
262,363,3,1005470182
262,747,4,1005470229
262,71,5,1005470713
262,566,5,1005470720
263,1806,4,1005471418
263,837,5,1005471470
263,415,4,1005472005
263,329,5,1005472079
263,23,3,1005472689
263,737,3,1005473380
263,281,3,1005473634
263,1821,5,1005474267
263,1194,4,1005474745
263,114,3,1005475315
263,1218,5,1005475936
263,1258,5,1005476218
263,1199,3,1005476581
263,1467,4,1005476787
263,777,5,1005477605
263,1322,5,1005478487
263,336,4,1005478892
263,10,5,1005479808
263,423,3,1005479916
263,3,4,1005480777
263,1123,5,1005481577
263,1136,4,1005481817
263,1144,5,1005482298
263,1544,5,1005482758
263,803,5,1005483423
263,1579,5,1005483939
263,867,4,1005484524
263,175,5,1005484777
263,117,4,1005484959
263,714,5,1005485331
263,490,5,1005486231
263,205,5,1005486788
263,59,4,1005487336
263,1926,5,1005488281
263,505,5,1005488296
263,1958,5,1005488763
263,1108,5,1005488772
263,473,3,1005488782
263,333,5,1005489103
263,481,4,1005489265
263,782,4,1005489336
263,1559,5,1005489942
263,786,5,1005490758
263,1090,5,1005490997
263,1052,4,1005491825
263,1205,4,1005492277
263,1984,4,1005492445
263,950,4,1005492878
263,689,4,1005492897
263,1911,4,1005493090
263,1470,4,1005493180
263,1500,5,1005493588
263,882,5,1005493779
263,711,3,1005494702
263,1185,4,1005495363
263,1603,4,1005495901
264,458,5,1005496614
264,594,4,1005496956
264,837,4,1005497431
264,1935,3,1005498204
264,188,4,1005498364
264,1252,5,1005498788
264,1119,3,1005499420
264,1108,5,1005500412
264,910,3,1005500731
264,1112,4,1005500991
264,423,5,1005501984
264,1435,5,1005502711
264,1867,5,1005503441
264,1954,5,1005503670
264,1915,4,1005503938
264,1597,4,1005504664
264,1920,5,1005505229
264,13,5,1005505236
264,1816,4,1005505995
264,824,5,1005506364
264,1037,4,1005507361
264,103,4,1005507878
264,1511,3,1005508006
264,457,3,1005508824
264,1584,4,1005509439
264,1929,4,1005509548
264,102,5,1005510215
264,787,4,1005510603
264,1467,5,1005510844
264,1992,4,1005511655
264,754,5,1005512008
264,1764,5,1005512740
264,814,5,1005513239
264,1154,5,1005513719
264,1367,5,1005513975
264,561,4,1005514420
264,1163,5,1005515406
265,786,5,1005516349
265,322,3,1005517315
265,1857,4,1005518272
265,837,3,1005518798
265,67,4,1005519362
265,1664,4,1005520195
265,1909,4,1005520357
265,1108,4,1005521318
265,779,4,1005521734
265,423,4,1005522504
265,1780,4,1005523133
265,896,3,1005523611
265,1397,4,1005523694
265,1729,5,1005524544
265,582,5,1005525075
265,1165,5,1005525086
265,627,4,1005525849
265,974,5,1005525908
265,1717,5,1005526729
265,1467,3,1005527344
265,1194,4,1005528151
265,1966,4,1005529099
265,324,4,1005529637
265,979,4,1005530162
265,1630,5,1005530304
265,761,4,1005530461
265,976,5,1005530645
265,1388,5,1005531112
265,1547,3,1005531535
265,415,5,1005532323
265,737,4,1005532504
265,752,5,1005532693
265,253,3,1005533239
265,143,4,1005533334
265,1380,4,1005533771
265,1618,5,1005534239
265,1850,5,1005535235
265,1861,3,1005536129
265,1984,5,1005536226
265,135,4,1005536902
265,128,3,1005537759
265,1216,3,1005538239
266,837,4,1005539196
266,281,4,1005539235
266,641,4,1005539598
266,1625,3,1005539746
266,1193,4,1005540389
266,423,5,1005541190
266,1577,4,1005541717
266,459,5,1005542364
266,1056,3,1005542691
266,1712,4,1005543078
266,1943,4,1005543811
266,724,5,1005543952
266,851,4,1005544663
266,1740,4,1005545555
266,1822,3,1005546137
266,561,4,1005546704
266,218,4,1005547199
266,1967,4,1005547779
266,338,4,1005548571
266,369,4,1005549218
267,872,4,1005549912
267,984,5,1005550122
267,837,3,1005550915
267,458,3,1005551186
267,1531,5,1005552027
267,423,5,1005552177
267,1564,4,1005552520
267,60,4,1005552831
267,1868,5,1005553265
267,1517,5,1005554240
267,1072,4,1005554940
267,1056,3,1005555917
267,1467,3,1005556743
267,504,4,1005557490
267,1027,4,1005557578
267,1485,4,1005558316
267,1108,4,1005558857
267,478,3,1005559371
267,1378,3,1005560357
267,1104,5,1005560770
267,492,5,1005561730
267,1618,5,1005562178
267,1830,4,1005562413
267,1367,5,1005562862
267,947,4,1005563457
267,1763,4,1005563492
267,1637,5,1005564071
267,842,4,1005564824
267,1107,4,1005565280
267,1121,4,1005565687
267,1581,5,1005566647
267,1419,4,1005567282
267,316,3,1005567399
267,1479,5,1005567601
267,826,4,1005568249
267,372,4,1005569153
267,174,3,1005570080
267,415,5,1005571048
267,1003,5,1005571998
267,421,4,1005572957
267,1313,4,1005572973
267,1920,3,1005573626
267,92,3,1005573816
267,235,5,1005573924
268,599,3,1005574042
268,837,4,1005574661
268,1362,3,1005575458
268,423,5,1005576397
268,1402,5,1005576714
268,621,4,1005577555
268,1463,5,1005578139
268,324,5,1005578398
268,593,3,1005578476
268,1709,3,1005579001
268,823,3,1005579426
268,1108,4,1005579483
268,517,5,1005579579
268,1467,4,1005580433
268,325,4,1005580659
268,1733,4,1005581407
268,146,4,1005582166
268,341,5,1005582981
268,1356,4,1005582996
268,1227,4,1005583113
268,1056,4,1005583430
268,27,3,1005583856
268,976,4,1005584234
268,1850,4,1005584985
268,1245,4,1005585806
268,987,5,1005586653
268,1487,4,1005587255
268,748,4,1005587392
268,932,5,1005587427
268,398,5,1005588313
268,246,4,1005588802
268,65,4,1005589371
268,1412,3,1005589644
268,955,4,1005590194
268,1869,4,1005590746
268,335,5,1005591601
268,526,3,1005592038
268,1276,4,1005592522
268,113,5,1005592563
268,1018,4,1005593091
268,301,3,1005593871
268,1042,5,1005594058
268,1165,4,1005594820
268,424,4,1005595185
268,571,4,1005596026
268,585,3,1005596780
268,279,5,1005597379
268,1956,5,1005597889
268,1379,4,1005598057
268,213,4,1005599027
268,717,4,1005600018
269,423,5,1005600575
269,837,4,1005601291
269,342,5,1005602064
269,1319,5,1005602816
269,674,5,1005603124
269,1131,4,1005603154
269,1282,5,1005604009
269,1737,5,1005604824
269,228,5,1005604993
269,1597,4,1005605518
269,1065,5,1005605554
269,890,3,1005605658
269,915,5,1005606473
269,31,5,1005607025
269,532,4,1005608018
269,339,3,1005608395
269,1327,5,1005609030
269,1092,4,1005609412
269,834,3,1005609482
269,1108,4,1005609779
269,601,5,1005610505
269,1915,4,1005610537
269,1056,4,1005610602
269,1997,3,1005610981
269,680,4,1005611583
269,1152,5,1005612559
269,256,4,1005612954
269,1467,3,1005613607
269,1706,4,1005613709
269,130,5,1005614312
269,1887,5,1005614552
269,1114,5,1005615213
269,1593,3,1005615290
269,1035,3,1005615932
269,1642,4,1005616717
269,1747,4,1005617201
269,839,3,1005617952
269,1507,5,1005618137
269,1998,5,1005618924
269,1561,3,1005619278
269,1922,4,1005619919
269,1530,3,1005620160
269,637,3,1005620982
269,1650,5,1005621579
269,1392,4,1005622256
269,60,3,1005622358
269,373,4,1005623093
269,499,3,1005623972
269,1535,4,1005624720
269,1618,4,1005625194
269,162,5,1005625823
269,163,4,1005626790
269,586,5,1005627746
269,1418,5,1005628422
269,1682,5,1005629328
269,1730,5,1005630257
269,415,4,1005630338
269,1580,4,1005630917
269,1312,4,1005630988
270,1821,4,1005631778
270,1051,5,1005632665
270,837,3,1005633352
270,159,5,1005633611
270,534,4,1005633616
270,1911,3,1005633946
270,656,3,1005634075
270,790,5,1005634935
270,1589,3,1005635858
270,482,5,1005636024
270,442,4,1005636783
270,381,4,1005637169
270,1242,4,1005638086
270,1331,3,1005638341
270,423,3,1005638572
270,1618,5,1005639111
270,1273,4,1005639356
270,1059,4,1005640107
270,86,5,1005640624
270,473,4,1005641201
270,476,3,1005641278
270,389,4,1005641930
270,931,5,1005641983
270,539,4,1005642077
270,432,4,1005642475
270,1898,3,1005643092
270,951,4,1005643485
270,84,5,1005643548
270,120,3,1005643788
270,1578,4,1005644429
270,1026,4,1005645343
270,1658,4,1005645710
270,1108,4,1005646572
270,827,4,1005647468
270,510,5,1005648335
270,452,4,1005649038
270,1528,3,1005649055
270,1713,4,1005649164
270,725,5,1005649720
270,1041,4,1005650452
270,653,4,1005651110
270,960,4,1005651115
270,1692,5,1005652057
270,383,4,1005652829
270,660,4,1005653384
270,1360,4,1005654117
270,711,5,1005654613
270,223,3,1005654970
270,786,4,1005655484
270,1272,5,1005655689
270,1948,4,1005656203
270,1717,3,1005656931
270,1498,5,1005656950
270,441,4,1005656979
270,584,5,1005657186
270,883,5,1005657888
270,1958,5,1005657972
271,1694,4,1005658388
271,837,4,1005659016
271,901,5,1005659196
271,1991,5,1005659454
271,330,5,1005660377
271,778,4,1005660833
271,1591,4,1005661644
271,1149,5,1005662206
271,838,3,1005662800
271,1286,5,1005663087
271,835,3,1005664057
271,80,3,1005664262
271,988,4,1005664781
271,461,5,1005665133
271,977,4,1005665585
271,1001,4,1005666108
271,1056,5,1005666894
271,101,5,1005667717
271,1279,4,1005668583
271,1096,5,1005669037
271,5,5,1005670028
271,423,5,1005670563
271,1657,4,1005670575
271,1901,5,1005671216
271,305,4,1005671724
271,533,4,1005671733
271,1220,4,1005671977
271,1881,3,1005672021
271,1843,4,1005672636
271,1841,5,1005672752
271,935,4,1005673344
271,1969,5,1005674137
271,789,5,1005674563
271,223,4,1005675403
271,1464,4,1005676076
271,1108,5,1005676132
271,1630,5,1005676756
271,1191,4,1005677350
271,1659,5,1005677521
271,764,5,1005678246
271,659,3,1005679107
271,1550,4,1005679749
272,837,4,1005680455
272,436,5,1005680738
272,194,4,1005681574
272,1844,4,1005681685
272,1108,3,1005682417
272,282,5,1005682589
272,941,3,1005683254
272,602,5,1005683908
272,1757,4,1005684595
272,208,4,1005684716
272,1552,3,1005685201
272,1036,4,1005685807
272,1548,4,1005686203
272,1022,4,1005686436
272,1247,4,1005686924
272,285,4,1005687433
272,1503,4,1005688174
272,750,4,1005688924
272,1755,4,1005689402
272,1848,5,1005689553
272,830,5,1005690318
272,443,5,1005690494
272,310,4,1005690704
272,427,3,1005690844
272,1092,5,1005691077
272,1207,5,1005692025
272,423,4,1005692648
272,1965,4,1005693069
272,615,4,1005693929
272,1631,5,1005694061
272,62,4,1005694118
272,1407,3,1005694772
272,472,4,1005695014
273,837,4,1005695762
273,1056,4,1005696679
273,974,4,1005696832
273,423,4,1005697076
273,1674,4,1005697729
273,931,3,1005698541
273,1414,4,1005698925
273,1162,4,1005699376
273,1672,3,1005699682
273,454,4,1005700152
273,143,4,1005700474
273,777,3,1005701134
273,94,4,1005702019
273,54,3,1005702617
273,1675,4,1005703468
273,1080,5,1005703470
273,969,5,1005703634
273,1142,4,1005703767
273,951,5,1005704165
273,253,4,1005704923
273,1689,4,1005705847
273,1719,3,1005706430
273,474,3,1005706777
273,664,5,1005707570
273,1664,4,1005708363
273,1108,4,1005709157
273,906,3,1005709799
273,1864,5,1005710644
273,1725,3,1005711589
273,482,4,1005711770
273,1630,3,1005711888
273,1242,5,1005712215
273,1345,5,1005713091
273,131,5,1005713650
273,471,5,1005714627
273,1801,5,1005715453
274,1591,4,1005715817
274,837,5,1005716149
274,1565,4,1005716402
274,1675,5,1005716764
274,359,4,1005717468
274,1657,4,1005717830
274,1108,4,1005718197
274,1446,5,1005719163
274,1337,5,1005719522
274,969,4,1005719814
274,423,4,1005720179
274,1122,3,1005721051
274,57,5,1005721139
274,1983,5,1005721435
274,1858,3,1005721951
274,931,5,1005722307
274,657,5,1005722781
274,1817,4,1005723403
274,35,4,1005723722
274,849,3,1005724072
274,415,4,1005724365
274,104,4,1005725308
274,1585,4,1005726265
274,166,5,1005726622
274,1682,5,1005727239
274,1696,3,1005727909
274,1424,5,1005728283
274,1699,5,1005729157
274,70,4,1005729954
274,814,5,1005730083
274,455,3,1005730931
274,255,5,1005731690
274,1939,5,1005732665
274,416,4,1005733503
274,915,5,1005734378
274,565,4,1005735010
274,1008,4,1005735764
274,1563,3,1005736548
274,1383,4,1005737484
274,1191,3,1005738343
274,1045,5,1005738726
274,346,5,1005739558
274,848,4,1005739635
274,1776,3,1005739976
274,1674,4,1005740298
274,181,4,1005740301
274,1693,3,1005740741
274,1680,5,1005741341
274,1630,3,1005742086
274,1650,5,1005743045
274,1946,4,1005743592
274,149,4,1005744206
274,1922,4,1005744894
275,837,5,1005745644
275,1108,4,1005746351
275,767,4,1005746389
275,1467,4,1005746624
275,1056,5,1005747194
275,670,5,1005747498
275,1626,5,1005747627
275,1027,3,1005748340
275,770,5,1005748371
275,39,4,1005748774
275,423,4,1005749086
275,209,5,1005749271
275,130,5,1005749827
275,613,4,1005750181
275,1276,4,1005750537
275,1244,4,1005750868
275,220,4,1005751252
275,1517,3,1005751486
275,1310,3,1005752380
275,1977,4,1005752563
275,1113,3,1005753349
275,696,5,1005753433
275,251,4,1005754375
276,837,4,1005755032
276,994,4,1005755329
276,76,3,1005755722
276,873,4,1005756601
276,253,4,1005757103
276,1362,5,1005757806
276,960,5,1005758020
276,530,4,1005758270
276,423,3,1005758890
276,570,3,1005759678
276,435,4,1005759836
276,383,3,1005760232
276,972,3,1005760485
276,751,3,1005760567
276,1219,5,1005760765
276,705,5,1005760799
276,428,3,1005761416
276,1865,4,1005761842
276,341,5,1005762771
276,656,4,1005763589
276,1159,4,1005763595
276,1177,4,1005763626
276,1200,5,1005763715
276,1525,3,1005763719
276,1909,5,1005764235
276,1684,5,1005764317
276,55,5,1005765201
276,1358,4,1005765385
276,882,3,1005766368
276,646,4,1005766676
276,1559,5,1005766810
276,123,5,1005766849
276,1272,4,1005767517
276,447,4,1005767566
276,1467,5,1005767583
276,1498,3,1005767976
276,388,4,1005768024
276,1500,5,1005768638
276,1578,3,1005769269
276,111,3,1005769575
276,887,4,1005769627
276,419,4,1005770257
276,245,3,1005770698
276,1521,4,1005770835
276,664,5,1005771539
276,1257,5,1005771620
276,2,4,1005772276
276,141,3,1005772456
277,11,4,1005773426
277,837,3,1005774106
277,767,5,1005774773
277,370,4,1005775507
277,1870,4,1005775825
277,1467,4,1005776775
277,272,3,1005777139
277,1415,4,1005777977
277,903,3,1005778757
277,1319,5,1005779447
277,1610,4,1005779704
277,423,4,1005780186
277,269,5,1005781068
277,1937,3,1005781352
277,1527,3,1005781440
277,1237,4,1005782293
277,1531,4,1005782700
277,408,4,1005783327
277,90,4,1005784140
277,1849,4,1005784709
277,1072,3,1005785265
277,1245,4,1005786204
277,922,5,1005786254
277,1335,3,1005786574
277,1904,4,1005787224
277,209,5,1005787285
277,1892,5,1005787764
277,1847,4,1005787771
277,621,5,1005788521
277,1378,5,1005789441
277,1668,4,1005790031
277,55,5,1005790768
277,1108,5,1005791566
277,551,4,1005791744
277,1375,4,1005791912
277,85,4,1005792694
277,944,4,1005793135
277,1344,4,1005793477
277,76,4,1005793764
277,1525,5,1005794504
277,277,5,1005795393
277,192,5,1005796222
277,1840,5,1005797140
277,1854,4,1005797576
277,1490,3,1005798484
277,1748,3,1005798586
277,39,4,1005798666
277,1050,5,1005798854
277,1728,5,1005799365
277,1760,5,1005799606
277,719,5,1005800395
277,646,5,1005801256
277,1404,4,1005801964
277,144,4,1005802084
277,1581,4,1005802885
277,495,4,1005803169
278,837,4,1005804139
278,1811,4,1005804306
278,202,5,1005805063
278,1654,3,1005805628
278,1659,4,1005806111
278,43,5,1005806312
278,652,5,1005806828
278,1108,5,1005806938
278,198,4,1005806989
278,632,5,1005807067
278,1596,4,1005807090
278,1240,4,1005808025
278,1166,4,1005808063
278,1798,5,1005808794
278,1208,5,1005809529
278,1467,4,1005810078
278,1359,5,1005810248
278,1607,3,1005810765
278,1195,3,1005811612
278,321,4,1005812143
278,423,5,1005812455
278,1205,5,1005812990
278,1090,5,1005812998
278,993,4,1005813431
278,1651,3,1005813688
278,841,3,1005814076
278,765,5,1005814583
278,1583,4,1005815401
278,1120,3,1005816302
278,1793,3,1005816430
278,805,4,1005816661
278,1881,5,1005817539
278,1575,4,1005817978
278,633,5,1005818341
278,773,5,1005819148
278,1991,5,1005819198
278,1907,3,1005819694
278,716,4,1005819717
278,1633,5,1005819958
278,1808,3,1005820929
278,415,5,1005821421
278,893,5,1005822182
278,1448,5,1005822946
278,115,5,1005822990
278,1603,3,1005823710
278,326,4,1005824318
278,820,5,1005825042
278,658,5,1005825389
278,1396,4,1005825741
278,395,5,1005826681
278,800,3,1005827284
278,438,4,1005828179
278,67,5,1005828770
278,1656,4,1005829570
278,362,4,1005830329
278,58,4,1005831110
279,1108,4,1005831991
279,837,4,1005832651
279,1332,4,1005832696
279,1054,5,1005833045
279,423,4,1005833172
279,1333,4,1005834118
279,1402,4,1005834333
279,1444,4,1005834682
279,1081,4,1005835075
279,1523,3,1005835172
279,891,5,1005836121
279,1618,5,1005836164
279,606,3,1005836714
279,46,4,1005837277
279,892,5,1005838010
279,1968,5,1005838356
279,1164,4,1005839103
279,210,4,1005839457
279,1625,4,1005840352
279,152,5,1005841080
279,1681,3,1005841387
279,895,5,1005842094
279,197,4,1005842751
279,1961,3,1005843575
279,1076,3,1005844290
279,1725,4,1005844458
279,933,5,1005844741
279,1044,4,1005845007
279,822,5,1005845885
279,826,4,1005846337
279,1602,5,1005846349
279,81,4,1005846736
279,1072,4,1005847595
279,532,5,1005848175
280,837,4,1005848395
280,1345,4,1005849337
280,34,5,1005850083
280,1744,4,1005850893
280,960,5,1005851376
280,423,5,1005851432
280,1052,5,1005852383
280,106,5,1005853054
280,783,5,1005853824
280,216,4,1005854441
280,1108,4,1005854986
280,1967,5,1005855273
280,1270,5,1005856153
280,1777,4,1005856396
280,1322,3,1005857094
280,312,4,1005857727
280,1442,5,1005858340
280,1871,3,1005858740
280,629,5,1005859337
280,474,5,1005859739
280,224,5,1005859858
280,676,5,1005860635
280,1686,4,1005860886
280,430,3,1005861277
280,614,4,1005861879
280,322,5,1005862074
280,1467,4,1005862755
280,554,5,1005863367
280,1388,4,1005864002
280,1202,3,1005864451
280,1982,4,1005864999
280,861,4,1005865827
280,415,4,1005866010
280,1943,4,1005866730
280,1005,3,1005867389
280,1292,4,1005868006
280,127,3,1005868393
280,704,5,1005868930
280,1975,4,1005869510
280,1911,4,1005869555
280,1964,3,1005869747
280,1618,5,1005870428
280,1043,4,1005870948
280,1140,3,1005871374
280,210,4,1005871476
280,1515,4,1005872401
280,1462,4,1005872949
280,1405,4,1005873130
281,837,3,1005873891
281,1682,4,1005874243
281,482,5,1005874493
281,92,4,1005875390
281,1817,4,1005876199
281,423,4,1005876434
281,859,5,1005877049
281,13,4,1005877580
281,1108,4,1005877690
281,1464,4,1005878201
281,569,5,1005878568
281,174,3,1005878901
281,1718,4,1005879671
281,948,4,1005879947
281,1467,5,1005880268
281,366,5,1005881095
281,1902,3,1005882003
281,1346,4,1005882286
281,1704,3,1005882600
281,1134,5,1005883201
281,1587,5,1005883782
281,715,4,1005884768
282,912,5,1005885368
282,71,4,1005885735
282,837,5,1005886346
282,402,5,1005887321
282,415,3,1005887403
282,558,4,1005888205
282,1604,5,1005888591
282,250,3,1005888697
282,232,5,1005889003
282,1097,5,1005889037
282,1929,4,1005889204
282,1903,5,1005889828
282,511,3,1005890525
282,1831,3,1005891489
282,1467,3,1005891756
282,423,5,1005892661
282,129,4,1005892769
282,1839,3,1005893322
282,1793,4,1005893972
282,1239,5,1005894700
282,1478,5,1005895266
282,1138,3,1005895747
282,300,5,1005895753
282,1618,3,1005895957
282,1278,3,1005896150
282,1555,5,1005896387
282,1423,5,1005897070
282,546,3,1005897850
282,623,4,1005898008
282,1711,5,1005898330
282,844,4,1005898336
282,362,4,1005898919
282,1267,5,1005899358
282,633,4,1005899677
282,1180,4,1005900469
282,1296,3,1005901092
283,1511,4,1005901797
283,837,5,1005902446
283,844,4,1005903404
283,1056,4,1005903773
283,473,5,1005904109
283,761,3,1005905017
283,960,4,1005905510
283,1097,4,1005906202
283,21,5,1005907170
283,1826,5,1005907663
283,1705,3,1005907684
283,423,4,1005908252
283,692,4,1005908371
283,1866,5,1005908869
283,1911,5,1005908944
283,873,5,1005909936
283,1476,4,1005910179
283,783,5,1005910778
283,754,4,1005910886
283,1518,3,1005911342
283,175,4,1005911464
283,1341,5,1005912299
283,415,4,1005913164
283,1221,5,1005913791
283,159,3,1005914709
283,8,3,1005915554
283,701,4,1005915993
283,1569,4,1005916593
283,106,3,1005917289
284,837,4,1005918225
284,1108,3,1005918248
284,1191,5,1005918719
284,1575,4,1005919586
284,423,4,1005920486
284,1240,3,1005921202
284,1946,3,1005921580
284,1785,4,1005922264
284,189,4,1005923087
284,1332,3,1005923827
284,212,4,1005924729
284,314,5,1005924895
284,1105,4,1005925850
284,1651,5,1005925936
284,1056,3,1005926137
284,1590,4,1005926458
284,1144,5,1005927057
284,79,4,1005927525
284,1467,5,1005927905
284,1226,4,1005928594
284,292,5,1005928682
284,302,3,1005929576
284,1463,5,1005930226
284,1420,4,1005930631
284,26,3,1005930760
284,1506,4,1005931117
284,800,4,1005931839
284,983,4,1005932575
284,1934,5,1005932989
284,1808,4,1005932997
284,763,3,1005933524
284,1412,4,1005934509
284,995,4,1005935422
284,1630,5,1005935574
285,837,5,1005935817
285,549,4,1005936201
285,1108,4,1005936818
285,415,4,1005937248
285,1521,4,1005937404
285,1348,4,1005937599
285,1344,4,1005938175
285,348,3,1005938473
285,423,5,1005939349
285,85,4,1005939886
285,1245,3,1005940425
285,136,5,1005941015
285,780,5,1005941161
285,1274,3,1005941926
285,1134,5,1005942445
285,1616,5,1005942573
285,1519,3,1005943490
285,1262,5,1005944095
285,1154,3,1005944508
285,661,5,1005945158
285,1465,4,1005945329
285,1855,4,1005945353
285,621,5,1005945558
285,530,3,1005945988
285,492,5,1005946843
285,1960,4,1005947835
285,1000,3,1005948462
286,1108,4,1005948639
286,837,5,1005949310
286,1075,4,1005949731
286,1226,4,1005950307
286,129,3,1005951001
286,1594,5,1005951114
286,78,4,1005951632
286,433,4,1005952352
286,531,3,1005952391
286,875,3,1005952547
286,334,5,1005953356
286,1656,4,1005953462
286,1195,5,1005954275
286,1599,4,1005954409
286,1848,4,1005954666
286,423,3,1005954873
286,1401,5,1005955272
286,1575,4,1005955352
286,1288,5,1005955624
286,707,3,1005955773
286,1834,3,1005956671
286,1423,3,1005957102
286,1452,3,1005957473
286,671,3,1005958024
286,912,5,1005958998
286,642,4,1005959477
286,1678,4,1005959554
286,582,4,1005959634
286,420,4,1005960631
286,394,4,1005960912
286,753,5,1005960931
286,1241,4,1005961873
286,1654,4,1005962442
286,1820,5,1005963227
286,155,5,1005963718
286,75,4,1005964335
286,666,4,1005965235
286,1618,4,1005965948
286,1798,3,1005966158
286,310,4,1005966705
287,199,5,1005967280
287,423,5,1005967686
287,837,4,1005968325
287,1891,5,1005969115
287,1108,4,1005969774
287,567,3,1005970530
287,89,4,1005970717
287,1720,3,1005971452
287,885,4,1005971455
287,1056,4,1005971498
287,1813,4,1005971802
287,1467,5,1005971841
287,1780,4,1005972035
287,1854,4,1005972633
287,1014,4,1005973049
287,1778,5,1005973488
287,370,4,1005974097
287,1810,3,1005974978
287,1599,5,1005975200
287,760,5,1005975907
287,434,4,1005976687
287,1606,5,1005977682
287,798,3,1005978137
288,63,4,1005978189
288,408,4,1005978507
288,711,5,1005978612
288,837,4,1005978625
288,24,3,1005979397
288,1467,4,1005979810
288,277,4,1005980347
288,1505,4,1005980747
288,1904,5,1005981655
288,1635,4,1005982154
288,1189,3,1005982363
288,534,3,1005982766
288,1752,5,1005982845
288,135,5,1005983804
288,1285,5,1005984256
288,1108,5,1005984746
288,495,4,1005985490
288,1284,5,1005985787
288,1909,4,1005986643
288,423,5,1005987179
288,106,5,1005987798
288,1241,3,1005988295
288,611,4,1005988472
288,1436,3,1005988670
288,331,5,1005989480
288,741,5,1005989750
288,1067,5,1005990149
288,1216,4,1005990181
288,1207,5,1005990689
288,215,4,1005990967
288,116,5,1005991212
288,510,5,1005991260
288,126,4,1005991864
288,474,5,1005992055
288,165,5,1005992684
289,1108,4,1005993640
289,1531,4,1005993899
289,1276,5,1005993946
289,837,5,1005994162
289,884,3,1005994936
289,1942,5,1005995032
289,634,4,1005995251
289,591,5,1005996025
289,965,3,1005996211
289,1567,3,1005997084
289,933,5,1005997924
289,1504,4,1005998010
289,1107,5,1005998090
289,374,5,1005999031
289,1006,3,1005999657
289,150,5,1005999783
289,696,5,1006000644
289,1254,4,1006001127
289,747,4,1006001315
289,90,3,1006001936
289,358,5,1006002229
289,256,4,1006002748
289,82,5,1006003301
289,1479,5,1006003774
289,1060,4,1006004134
289,423,4,1006004962
289,1573,5,1006005887
289,1760,5,1006006360
289,685,4,1006006474
289,596,5,1006007097
289,767,3,1006007167
289,532,4,1006007338
289,1930,3,1006007770
289,55,4,1006008455
289,405,5,1006008465
289,48,3,1006009249
289,1670,5,1006010081
289,986,3,1006010283
289,489,5,1006011130
289,871,4,1006011140
289,219,4,1006011507
289,1890,5,1006011936
289,1410,5,1006012726
289,1340,5,1006013222
289,1031,4,1006014011
289,1521,4,1006014191
289,93,5,1006014623
289,1378,5,1006015420
290,1889,5,1006015579
290,837,4,1006015901
290,1344,5,1006016685
290,1108,4,1006017266
290,1245,5,1006017937
290,423,4,1006018357
290,921,5,1006018736
290,195,4,1006019472
290,670,4,1006019595
290,1980,5,1006020484
290,1289,4,1006021476
290,558,5,1006021782
290,785,5,1006022285
290,1608,5,1006023207
290,1085,4,1006024030
290,1670,5,1006025003
290,99,3,1006025105
290,560,4,1006025143
290,1139,3,1006025246
290,222,4,1006026192
290,930,3,1006027039
290,11,4,1006027075
290,1035,5,1006027285
290,1828,5,1006027383
290,1877,4,1006027733
290,626,5,1006028355
290,2,3,1006028952
291,837,3,1006029440
291,1168,4,1006030064
291,817,3,1006030409
291,990,4,1006031145
291,758,3,1006031186
291,327,5,1006031824
291,973,5,1006032019
291,423,4,1006032207
291,105,3,1006033011
291,1108,5,1006033627
291,1397,5,1006034205
291,1825,4,1006034340
291,1600,5,1006035143
291,355,3,1006035660
291,998,4,1006036447
291,739,4,1006037047
291,241,4,1006037607
291,909,4,1006038326
291,484,5,1006038955
291,1617,5,1006039232
291,1467,4,1006039495
291,1121,4,1006040242
291,121,4,1006041162
291,815,4,1006041341
291,527,5,1006042273
291,945,4,1006043214
291,1869,5,1006043715
291,1499,5,1006043795
291,1151,3,1006043994
291,1379,4,1006044729
291,1451,3,1006045440
291,904,4,1006045574
291,1666,3,1006045675
291,1163,5,1006046370
291,1465,3,1006046995
291,41,5,1006047360
291,1038,5,1006047834
291,660,5,1006047853
291,109,4,1006047883
291,1204,4,1006048122
291,1832,4,1006048868
291,1459,3,1006049158
291,161,4,1006049629
292,497,4,1006049851
292,1994,5,1006050548
292,837,4,1006050904
292,286,5,1006051202
292,1145,4,1006051515
292,511,4,1006051544
292,423,5,1006052341
292,385,5,1006053064
292,415,4,1006053333
292,88,4,1006053882
292,1903,5,1006054790
292,44,5,1006055186
292,218,4,1006056178
292,1576,3,1006056636
292,895,5,1006056949
292,1230,5,1006057523
292,371,5,1006058039
292,1743,4,1006059012
292,1056,5,1006059795
292,589,4,1006060655
292,1313,5,1006061109
292,1632,5,1006061140
292,1228,4,1006061276
292,496,3,1006061794
292,1548,5,1006062655
292,1883,4,1006062711
292,343,4,1006062931
292,602,4,1006063494
292,1108,5,1006063653
292,1476,4,1006064412
292,263,3,1006064834
292,93,5,1006065134
293,1108,4,1006065827
293,1069,5,1006066500
293,249,5,1006066595
293,1905,5,1006066617
293,837,4,1006067340
293,170,3,1006067673
293,46,5,1006068007
293,423,3,1006068284
293,1755,4,1006068694
293,1085,5,1006069151
293,1968,4,1006069849
293,895,3,1006070183
293,361,4,1006071179
293,973,3,1006072089
293,1548,5,1006072763
293,1092,4,1006073514
293,348,4,1006074148
293,1367,5,1006075127
293,235,4,1006075891
293,700,4,1006076737
293,1467,3,1006076839
293,836,4,1006076952
293,592,4,1006077941
293,1418,4,1006078859
293,1046,4,1006079485
293,889,4,1006079550
293,1570,3,1006079939
293,813,3,1006080901
293,1103,4,1006081874
293,81,4,1006081928
293,691,4,1006082866
294,1115,4,1006083062
294,837,4,1006083439
294,96,4,1006084144
294,1062,5,1006084283
294,803,4,1006084697
294,1108,5,1006085313
294,625,5,1006085613
294,1027,3,1006086483
294,1869,5,1006086552
294,527,5,1006087502
294,1499,5,1006088134
294,1510,3,1006088799
294,1502,4,1006089007
294,1042,5,1006089384
294,207,5,1006089880
294,832,5,1006090318
294,1168,5,1006091218
294,74,4,1006091472
294,1299,4,1006092035
294,1233,4,1006092519
294,248,5,1006093358
294,959,4,1006094165
294,1174,4,1006094724
294,385,4,1006095709
294,372,3,1006095985
294,1116,4,1006096295
294,784,4,1006096299
294,317,4,1006096500
294,423,4,1006097441
294,768,4,1006097690
294,698,5,1006098673
294,1007,5,1006099294
294,956,4,1006100235
294,125,4,1006100839
294,693,4,1006101660
294,73,4,1006102645
294,513,3,1006102852
294,148,3,1006102873
294,302,4,1006103723
294,1031,4,1006103878
294,1868,5,1006104242
294,364,5,1006104245
294,1467,5,1006105066
294,93,4,1006105368
294,678,4,1006106171
294,869,4,1006107023
294,180,5,1006107268
294,1310,4,1006108239
294,263,3,1006108999
294,1618,5,1006109507
294,1198,5,1006110250
294,1479,4,1006110528
294,298,3,1006111242
295,1467,3,1006111743
295,837,3,1006112656
295,1275,4,1006112753
295,1139,3,1006113456
295,1528,4,1006114390
295,1780,5,1006115142
295,486,4,1006115800
295,290,4,1006116623
295,423,5,1006116846
295,1056,5,1006117839
295,612,4,1006118117
295,1363,4,1006118135
295,580,3,1006118963
295,146,5,1006119338
295,11,5,1006119507
295,1108,3,1006120033
295,1349,4,1006120093
295,124,5,1006121090
295,326,3,1006121562
295,865,5,1006122238
295,221,3,1006122864
295,650,3,1006123425
295,789,5,1006123488
295,1692,4,1006124441
295,1210,4,1006124503
295,1834,4,1006124690
295,841,4,1006125468
295,884,4,1006126075
295,633,5,1006126848
295,166,3,1006127649
296,266,3,1006128499
296,181,4,1006128901
296,1284,4,1006129289
296,837,3,1006129624
296,1108,3,1006129899
296,373,4,1006130362
296,964,4,1006131319
296,894,3,1006131988
296,1418,4,1006132747
296,677,4,1006133363
296,1635,5,1006134203
296,801,4,1006134352
296,423,3,1006135249
296,1884,5,1006135705
296,472,5,1006135883
296,1981,3,1006136166
296,450,5,1006136483
296,50,4,1006136780
296,163,5,1006136967
296,13,5,1006137002
296,1774,4,1006137043
296,1792,4,1006137420
296,1877,5,1006137513
296,1445,4,1006138068
296,1178,3,1006138700
296,1704,4,1006139015
296,877,4,1006139329
296,1582,3,1006139988
296,1079,5,1006140026
296,1730,3,1006140381
296,350,4,1006140464
296,162,5,1006141347
296,36,4,1006142085
296,1087,5,1006142426
296,1190,3,1006142889
296,201,5,1006143456
296,415,5,1006143657
296,560,3,1006144032
296,1765,5,1006144214
296,249,4,1006145069
296,1100,4,1006145163
296,1593,3,1006145308
296,1732,4,1006146188
296,1467,3,1006146630
296,332,5,1006147119
296,382,4,1006148067
296,1561,5,1006148535
296,637,4,1006148951
296,806,3,1006149218
297,837,4,1006150205
297,816,4,1006150485
297,474,5,1006150691
297,326,4,1006151212
297,576,4,1006151866
297,250,4,1006152035
297,1798,4,1006152722
297,460,4,1006153456
297,3,5,1006154051
297,1803,5,1006154325
297,1108,5,1006154741
297,830,4,1006155057
297,1467,5,1006155483
297,1848,5,1006155801
297,1257,4,1006156101
297,423,5,1006157009
297,923,3,1006157423
297,1958,4,1006158393
297,19,5,1006158429
297,510,5,1006158968
297,1498,4,1006159312
297,1405,4,1006159605
297,1961,4,1006160096
297,202,4,1006160141
297,1324,3,1006160529
298,837,3,1006161219
298,1673,4,1006161577
298,1733,4,1006161934
298,1192,3,1006162285
298,380,5,1006162502
298,1009,4,1006162782
298,1492,3,1006163364
298,899,5,1006163691
298,342,3,1006164346
298,1065,5,1006165064
298,107,4,1006165892
298,480,4,1006166158
298,243,5,1006166504
298,1526,4,1006167465
298,1775,4,1006167957
298,1968,4,1006168451
298,1429,5,1006168710
298,1082,5,1006169036
298,1697,5,1006169789
298,571,3,1006170196
298,530,4,1006171021
298,85,5,1006171098
298,1473,3,1006171672
298,423,4,1006171696
298,1896,4,1006172652
298,825,5,1006173639
298,721,5,1006174142
298,1225,3,1006175006
298,489,4,1006175360
298,18,5,1006175509
298,1407,3,1006175878
298,661,4,1006176680
298,477,4,1006176833
298,1127,4,1006176973
298,499,4,1006177068
298,118,3,1006178060
298,1623,5,1006178647
298,1108,4,1006179167
298,989,4,1006179531
298,1035,4,1006180349
298,1993,5,1006180970
298,76,4,1006181472
298,328,5,1006182419
298,1644,3,1006182798
298,1980,4,1006183128
298,1344,4,1006183401
298,1415,4,1006184268
298,42,4,1006185102
298,1824,5,1006186064
298,994,4,1006186130
299,837,4,1006186171
299,1244,3,1006186470
299,127,3,1006186863
299,1951,4,1006187012
299,289,5,1006187521
299,269,4,1006187533
299,423,5,1006188392
299,1680,4,1006188900
299,1049,3,1006189217
299,1326,4,1006190086
299,680,5,1006191075
299,518,5,1006191404
299,1667,5,1006192295
299,1378,4,1006192744
299,1906,3,1006193310
299,1108,4,1006193903
299,1650,4,1006194863
299,1707,4,1006195086
299,1999,3,1006195267
299,1488,4,1006195826
299,1580,3,1006196621
299,1737,4,1006196938
299,276,4,1006197218
299,1073,4,1006197357
299,1467,4,1006198000
299,1309,3,1006198543
299,1175,4,1006199212
299,880,5,1006199491
299,483,3,1006199677
299,1803,5,1006199737
299,1314,4,1006200603
299,257,4,1006200943
299,294,4,1006201146
300,550,4,1006202116
300,1917,4,1006202119
300,837,4,1006202437
300,930,4,1006203210
300,1573,4,1006203748
300,696,3,1006204076
300,423,5,1006204232
300,1003,4,1006205116
300,76,5,1006205584
300,11,3,1006206113
300,435,5,1006207031
300,1233,5,1006207679
300,1809,3,1006207927
300,1694,5,1006208382
300,416,4,1006208528
300,1780,5,1006208979
300,874,4,1006209329
300,1108,4,1006209566
300,828,5,1006209630
300,1467,4,1006210602
300,1980,4,1006211264
300,670,4,1006211530
300,1093,3,1006212059
300,491,5,1006212877
300,1582,5,1006213035
300,967,4,1006213761
300,1977,4,1006214157
300,1778,4,1006214222
300,587,4,1006214244
300,199,3,1006214491
301,837,3,1006214933
301,1108,4,1006215344
301,79,5,1006215459
301,1948,4,1006216170
301,1750,3,1006216209
301,927,5,1006216737
301,1504,5,1006217268
301,1589,4,1006217966
301,435,5,1006218937
301,423,5,1006219465
301,84,5,1006220363
301,217,3,1006220584
301,999,3,1006220830
301,468,3,1006221194
301,279,5,1006222046
301,1105,5,1006222800
301,833,5,1006223264
301,643,3,1006223458
301,911,4,1006223882
301,1603,3,1006224480
301,1356,4,1006225436
301,864,3,1006226030
301,1536,3,1006226904
301,717,5,1006227326
302,423,3,1006228203
302,837,4,1006228890
302,1467,4,1006229839
302,456,3,1006230583
302,1315,4,1006230706
302,704,4,1006230969
302,331,4,1006231568
302,1335,4,1006232214
302,1504,5,1006232228
302,617,3,1006233132
302,489,5,1006233738
302,1463,5,1006234383
302,1746,4,1006234532
302,123,3,1006234857
302,144,5,1006235574
302,1893,3,1006236286
302,1772,3,1006237007
302,313,4,1006237133
302,1953,4,1006237881
302,1402,3,1006238712
302,415,5,1006238722
302,418,3,1006239612
302,1847,3,1006239811
302,1303,4,1006239882
302,1538,4,1006240714
302,1108,4,1006241321
302,392,3,1006241898
302,358,3,1006242303
302,1505,5,1006242560
302,934,5,1006243430
302,408,5,1006244170
302,809,5,1006244978
302,301,4,1006244981
302,485,5,1006245723
302,1758,4,1006246497
302,1403,4,1006246593
302,1677,5,1006247198
302,1728,4,1006247421
302,1167,5,1006247675
302,696,4,1006248096
302,1101,4,1006248197
302,42,3,1006248997
302,1618,3,1006249576
302,1599,4,1006249905
302,855,5,1006250322
302,394,4,1006250687
302,215,4,1006251442
302,688,3,1006252201
302,1886,5,1006253102
303,837,3,1006253394
303,958,4,1006253532
303,261,4,1006254137
303,986,5,1006254398
303,1205,3,1006255058
303,1517,4,1006255273
303,1108,5,1006256159
303,1503,4,1006257099
303,1132,5,1006257656
303,201,5,1006258591
303,1016,4,1006259441
303,337,4,1006259878
303,79,4,1006260714
303,423,5,1006261531
303,1092,4,1006261872
303,1120,3,1006262747
303,1928,5,1006263212
303,644,4,1006263237
303,374,4,1006264112
303,1230,4,1006264152
303,1420,3,1006264346
303,560,4,1006264897
303,1410,4,1006265327
303,1691,5,1006265738
303,342,4,1006266536
303,1467,3,1006266615
303,497,4,1006266800
303,371,5,1006266983
303,695,5,1006267198
303,1575,5,1006267804
303,1486,4,1006268489
303,980,4,1006268688
303,868,4,1006269366
303,415,5,1006270012
303,1654,5,1006270872
303,78,4,1006271336
303,1769,4,1006272151
303,1564,3,1006272938
303,1095,4,1006273720
303,1603,3,1006274220
304,837,5,1006274222
304,1406,3,1006274599
304,1984,4,1006275575
304,177,4,1006275825
304,245,5,1006276265
304,192,5,1006276339
304,1118,5,1006276929
304,415,4,1006277918
304,897,5,1006278506
304,567,3,1006279017
304,98,4,1006279541
304,1654,4,1006279770
304,1452,4,1006280235
304,1810,4,1006281186
304,423,5,1006281547
304,1537,4,1006282187
304,1742,5,1006282263
304,1588,5,1006282889
304,1108,3,1006283704
304,1274,5,1006284087
304,1963,3,1006284651
304,1396,3,1006285572
304,582,4,1006285811
304,411,4,1006285996
304,900,5,1006286733
304,107,4,1006286973
304,1901,4,1006287775
304,1191,4,1006288735
304,1977,3,1006289500
304,358,3,1006290443
304,795,4,1006290620
304,1813,4,1006291054
304,1362,5,1006291561
304,101,3,1006292515
304,1693,4,1006293453
304,435,5,1006293619
304,590,4,1006294080
304,1424,4,1006294360
304,1383,3,1006295068
305,837,5,1006296035
305,344,4,1006296278
305,404,3,1006296682
305,415,4,1006296762
305,1372,5,1006297372
305,1087,5,1006297397
305,423,3,1006297483
305,1408,4,1006297673
305,857,4,1006298418
305,1653,4,1006298889
305,1108,3,1006299812
305,143,4,1006299993
305,469,5,1006300514
305,1911,3,1006300595
305,694,4,1006300953
305,988,4,1006301846
305,1846,5,1006302449
305,314,4,1006302769
305,1891,5,1006303039
305,535,4,1006303729
305,1414,5,1006304043
305,749,4,1006304575
305,1751,4,1006304720
305,1201,5,1006305609
305,9,3,1006305656
305,1153,4,1006306386
305,769,3,1006307278
305,1789,5,1006307417
305,302,4,1006307663
305,733,4,1006308512
305,1508,4,1006308769
305,508,5,1006309737
305,712,3,1006309994
305,1532,4,1006310730
305,1467,4,1006310886
305,765,5,1006311098
305,943,4,1006311876
305,1140,5,1006312657
305,1754,3,1006313511
305,1345,4,1006313985
305,1200,5,1006314064
305,1618,4,1006314936
305,677,3,1006315768
305,901,5,1006316705
306,837,5,1006317484
306,1579,5,1006318295
306,1108,5,1006318977
306,78,4,1006319171
306,472,3,1006320018
306,979,4,1006320851
306,1194,4,1006321491
306,423,4,1006321841
306,1284,5,1006322696
306,695,4,1006323430
306,918,4,1006323785
306,582,4,1006324461
306,1654,5,1006325437
306,261,4,1006325463
306,1775,5,1006325808
306,429,4,1006325873
306,1065,4,1006326491
306,328,5,1006327203
306,1467,3,1006327669
306,1984,3,1006328069
306,677,4,1006328120
306,1824,5,1006328901
306,1474,5,1006329719
306,1918,4,1006330592
307,837,4,1006331202
307,1754,4,1006331767
307,671,5,1006332144
307,79,4,1006332319
307,488,5,1006332347
307,1132,4,1006332821
307,555,5,1006333376
307,983,4,1006333990
307,423,5,1006334891
307,1784,4,1006335887
307,1688,4,1006336086
307,1372,4,1006336438
307,1108,5,1006337430
307,1189,4,1006337510
307,737,4,1006337919
307,530,4,1006338058
307,1120,4,1006338300
307,1398,5,1006338739
307,1022,5,1006339484
307,1691,5,1006339936
308,1780,3,1006340025
308,837,4,1006340823
308,423,4,1006340958
308,920,3,1006340995
308,408,5,1006341262
308,415,5,1006341916
308,682,5,1006342429
308,394,4,1006342907
308,897,4,1006343401
308,1912,4,1006343751
308,956,5,1006344744
308,165,4,1006345602
308,1679,5,1006346586
308,1810,4,1006346690
308,1949,5,1006347484
308,922,4,1006347693
308,1870,3,1006348283
308,1451,5,1006348920
308,974,4,1006349648
308,1836,3,1006350032
308,1936,4,1006350404
308,1108,5,1006351090
308,1585,3,1006351690
308,1565,3,1006352251
308,1198,5,1006352371
308,976,4,1006352634
308,306,3,1006353147
308,1987,5,1006353949
309,837,5,1006354046
309,716,5,1006354505
309,423,5,1006354711
309,1108,5,1006355569
309,546,5,1006356023
309,1357,4,1006356502
309,1176,3,1006357231
309,594,5,1006357432
309,1595,5,1006358297
309,1296,5,1006358896
309,531,4,1006359661
309,1784,4,1006360580
309,1789,3,1006360930
309,1341,4,1006361891
309,542,3,1006362374
309,363,4,1006363257
309,350,4,1006363860
309,1472,4,1006363935
309,406,5,1006364445
309,604,4,1006364525
309,334,4,1006365035
309,1275,5,1006365621
309,1568,5,1006365645
309,581,4,1006366430
309,1607,5,1006366561
309,402,4,1006367286
309,754,4,1006367994
309,552,4,1006368077
309,1022,5,1006368994
309,1981,3,1006369238
310,837,4,1006370050
310,462,4,1006370439
310,415,4,1006370940
310,1105,5,1006371552
310,1467,5,1006372180
310,932,4,1006373000
310,452,4,1006373012
310,253,5,1006373622
310,1819,5,1006374229
310,1751,5,1006374831
310,22,3,1006375162
310,75,4,1006375497
310,1827,4,1006375626
310,919,4,1006376545
310,1316,4,1006377056
310,1132,4,1006377424
310,423,4,1006377549
310,570,4,1006377706
310,398,3,1006378071
310,1242,5,1006378539
310,1272,4,1006378927
310,632,4,1006379830
310,1780,5,1006380594
310,1559,5,1006381487
310,1468,3,1006381682
310,1661,4,1006381875
310,1360,5,1006382874
310,1108,3,1006383320
310,1861,3,1006383625
310,1630,4,1006384515
310,128,4,1006384663
310,1019,4,1006384981
310,1708,3,1006385460
310,185,5,1006386231
310,126,4,1006386907
310,1618,4,1006387314
310,1408,4,1006388106
310,357,5,1006388986
310,391,4,1006389792
310,1547,4,1006390059
310,505,4,1006390429
310,261,5,1006391295
310,1719,3,1006392266
310,1469,4,1006392475
310,833,5,1006392887
310,1120,5,1006393798
310,900,4,1006393976
310,593,3,1006394234
310,1956,5,1006394302
310,1165,4,1006394386
311,837,5,1006395141
311,704,4,1006395763
311,1279,5,1006396577
311,1329,5,1006396870
311,1727,3,1006397402
311,575,4,1006398018
311,1694,4,1006398354
311,1081,4,1006398690
311,1582,5,1006398898
311,1477,4,1006399213
311,722,3,1006399257
311,1986,4,1006399431
311,1789,5,1006400013
311,423,5,1006400856
311,1963,3,1006401174
311,733,4,1006401406
311,1108,4,1006402238
311,1164,4,1006402717
311,27,4,1006403601
311,843,4,1006403924
311,1402,3,1006404661
311,1172,4,1006405355
311,528,5,1006406277
311,1455,5,1006406496
311,416,4,1006407263
311,199,5,1006407266
311,1657,5,1006407273
311,443,5,1006408028
311,1012,3,1006408755
311,1858,3,1006409637
311,488,4,1006409919
311,1591,3,1006410817
311,1281,4,1006411255
311,918,4,1006411297
311,1032,4,1006411636
311,920,4,1006412098
312,1725,4,1006412259
312,674,3,1006412606
312,837,4,1006413447
312,1227,3,1006414301
312,1108,4,1006414568
312,32,4,1006414837
312,1781,4,1006415555
312,1674,4,1006416095
312,1497,3,1006416570
312,827,5,1006417301
312,1167,5,1006417891
312,494,4,1006418640
312,479,4,1006418874
312,1155,3,1006419786
312,706,3,1006420588
312,1438,3,1006421000
312,423,5,1006421931
312,947,4,1006422378
312,937,3,1006422977
312,1412,3,1006423919
312,1716,4,1006424779
312,1395,3,1006425458
312,412,5,1006425506
312,944,4,1006425854
312,1175,5,1006426062
312,330,5,1006426196
312,1385,4,1006426688
312,1464,4,1006426944
312,1534,4,1006427762
312,312,5,1006428404
312,1462,3,1006429240
312,871,5,1006429427
312,485,5,1006429794
312,1104,3,1006430167
312,1234,4,1006430803
313,1108,5,1006431530
313,236,5,1006431948
313,29,4,1006432683
313,837,5,1006432870
313,1508,5,1006433846
313,971,5,1006433948
313,1983,3,1006434790
313,1466,4,1006434941
313,423,4,1006435383
313,561,5,1006435834
313,1780,3,1006436475
313,1090,4,1006436945
313,1769,4,1006436993
313,1153,5,1006437404
313,1369,5,1006437820
313,273,4,1006437917
313,657,4,1006438098
313,176,4,1006438825
313,366,5,1006439692
313,923,3,1006440135
313,910,4,1006440155
313,1808,5,1006440502
313,332,3,1006440777
313,382,5,1006440853
313,1529,3,1006441400
313,50,4,1006441766
313,1346,5,1006442265
313,1513,5,1006442863
313,1320,4,1006442994
313,228,4,1006443791
313,1981,3,1006444675
314,1910,3,1006445637
314,1365,5,1006446297
314,1418,4,1006447137
314,1225,3,1006447845
314,837,4,1006448525
314,423,4,1006448709
314,1548,5,1006448891
314,1039,4,1006449368
314,235,5,1006449398
314,1108,4,1006450339
314,1467,4,1006450770
314,1416,3,1006451030
314,1474,4,1006451627
314,296,3,1006452236
314,381,4,1006452748
314,36,4,1006453618
314,1064,4,1006454081
314,982,5,1006455046
314,660,4,1006455451
314,120,4,1006455975
314,427,4,1006456450
314,410,5,1006456764
314,1623,3,1006457564
314,998,3,1006457949
314,1131,5,1006458444
314,1630,4,1006459347
314,813,4,1006460333
314,1948,4,1006460662
314,1056,4,1006460735
314,1134,4,1006461705
314,1829,5,1006462585
314,1880,3,1006462990
314,46,4,1006463359
314,409,4,1006463692
314,1148,3,1006463911
314,0,4,1006464819
314,524,5,1006465350
314,355,5,1006465889
314,1000,4,1006466724
314,1121,5,1006467184
314,345,3,1006467256
314,1011,3,1006467520
314,739,4,1006467962
314,1968,4,1006468329
315,837,5,1006468888
315,1079,4,1006469807
315,423,5,1006470612
315,1568,4,1006470732
315,299,5,1006471495
315,555,5,1006472110
315,1179,4,1006472782
315,1158,5,1006472867
315,1900,5,1006473377
315,1477,4,1006473584
315,1918,4,1006473944
315,295,3,1006474248
315,1720,5,1006474966
315,567,4,1006475892
315,1606,3,1006476441
315,1153,4,1006476955
315,1812,5,1006477516
315,1108,4,1006477660
315,1780,4,1006478185
315,429,4,1006478643
315,1232,4,1006478837
315,803,3,1006478855
315,515,4,1006479628
315,182,3,1006480073
315,659,4,1006480111
315,1413,3,1006481008
315,677,5,1006481365
315,1467,4,1006481391
315,1778,5,1006481696
316,252,5,1006481839
316,1156,3,1006482110
316,837,3,1006482348
316,189,4,1006483231
316,1402,4,1006483351
316,1442,4,1006483733
316,1467,5,1006484528
316,568,4,1006484698
316,1909,4,1006485479
316,1028,4,1006486092
316,1108,5,1006486253
316,27,3,1006486839
316,45,4,1006487564
316,950,4,1006488551
316,821,5,1006489141
316,1257,5,1006489711
316,1559,3,1006489903
316,423,3,1006490702
316,946,5,1006491036
316,702,4,1006491256
316,763,4,1006491638
316,40,4,1006491954
316,723,5,1006492176
316,761,3,1006493081
316,1162,5,1006493399
316,882,5,1006494236
316,383,5,1006494927
316,1135,5,1006495521
316,111,5,1006496296
316,656,4,1006497155
316,1202,4,1006497875
316,1216,3,1006498058
316,391,5,1006498282
316,664,3,1006499010
316,843,5,1006499855
316,773,3,1006500295
316,1347,5,1006500612
316,1448,4,1006501052
316,114,4,1006501247
316,1462,5,1006501907
316,1752,3,1006502316
317,837,5,1006502556
317,1464,5,1006503082
317,1303,5,1006503994
317,378,5,1006504275
317,1108,5,1006505232
317,1020,5,1006506089
317,1237,4,1006506285
317,1024,5,1006506826
317,942,4,1006507787
317,394,4,1006507859
317,1050,4,1006508023
317,1474,4,1006508883
317,168,4,1006509535
317,1695,5,1006509597
317,165,4,1006509899
317,331,4,1006510623
317,1642,3,1006510702
317,624,5,1006511636
317,855,3,1006512310
317,620,5,1006513100
317,254,3,1006513944
317,1213,4,1006514019
317,1467,4,1006514247
317,418,5,1006514778
317,1541,4,1006515113
317,268,4,1006515341
317,1594,4,1006516267
318,837,4,1006516854
318,580,4,1006516857
318,474,4,1006516892
318,463,5,1006517017
318,1056,4,1006517356
318,256,4,1006518074
318,1388,5,1006518529
318,1108,3,1006518617
318,942,4,1006518926
318,45,4,1006519313
318,591,5,1006520223
318,826,5,1006520639
318,1070,4,1006520835
318,255,4,1006521794
318,135,3,1006522098
318,1234,5,1006523079
318,412,5,1006523336
318,1443,5,1006523432
318,735,5,1006524379
318,1467,3,1006525039
318,1394,4,1006525523
318,405,5,1006525897
318,423,3,1006526862
318,949,4,1006527335
318,1464,5,1006527583
318,951,5,1006528427
318,1703,5,1006528849
318,1704,4,1006528993
318,1272,5,1006529594
318,220,4,1006530329
318,1175,4,1006530807
318,1531,4,1006531307
318,923,4,1006532000
318,534,4,1006532291
318,1717,4,1006533110
318,790,4,1006533409
318,1802,4,1006534404
319,1170,4,1006535324
319,1898,4,1006536125
319,1197,5,1006536778
319,364,5,1006537004
319,593,4,1006537449
319,837,3,1006538403
319,960,3,1006539019
319,873,5,1006539036
319,423,3,1006539989
319,976,5,1006540801
319,761,4,1006541399
319,368,5,1006541561
319,1242,3,1006542009
319,557,4,1006542999
319,645,4,1006543632
319,1572,3,1006544258
319,1108,5,1006544549
319,1184,5,1006544800
319,180,5,1006545664
319,1770,4,1006546052
319,1408,4,1006546117
319,816,4,1006546160
319,1533,3,1006546494
319,508,3,1006546575
319,1995,5,1006546715
319,1360,4,1006547179
319,1796,3,1006548109
319,213,5,1006548949
319,790,4,1006549170
319,648,4,1006549555
319,1956,5,1006550218
319,322,4,1006550363
319,1468,5,1006551018
319,1285,4,1006551978
319,1705,4,1006552501
319,1966,5,1006552652
319,1595,4,1006553067
319,527,5,1006554043
319,1661,5,1006554929
320,1843,5,1006555483
320,837,5,1006556053
320,1994,4,1006556436
320,1031,5,1006557380
320,1424,4,1006557957
320,831,4,1006558758
320,1969,3,1006558759
320,1735,4,1006559488
320,1541,4,1006560213
320,1078,4,1006560216
320,1281,5,1006560415
320,280,4,1006560722
320,199,3,1006561084
320,885,4,1006561352
320,1108,5,1006562104
320,924,4,1006562623
320,1634,4,1006562749
320,423,5,1006562805
320,1446,5,1006563607
320,255,4,1006564511
320,1230,4,1006565140
320,587,4,1006565163
320,818,3,1006565933
320,1467,5,1006566609
320,421,5,1006566839
320,1888,5,1006567575
320,1238,5,1006567885
320,32,5,1006568315
320,550,3,1006568958
320,735,4,1006569162
320,1720,4,1006569313
320,1539,4,1006569751
320,667,4,1006570209
320,1601,5,1006570651
320,1657,5,1006570982
320,1003,5,1006571209
320,1001,4,1006571839
320,374,3,1006572249
320,1481,5,1006572784
320,1714,3,1006573494
320,1675,3,1006573880
321,1765,5,1006574723
321,837,5,1006575628
321,168,5,1006575966
321,1108,5,1006576687
321,493,5,1006577373
321,1687,4,1006577710
321,427,4,1006577781
321,1034,5,1006578455
321,423,4,1006579330
321,1163,4,1006579691
321,165,3,1006579750
321,1439,5,1006580259
321,1213,4,1006580788
321,1467,5,1006581155
321,948,5,1006581889
321,1878,4,1006581917
321,99,4,1006582067
321,1181,3,1006582205
321,1944,4,1006582502
321,1548,4,1006583272
321,1011,4,1006584013
321,1780,3,1006584385
321,549,4,1006584931
321,1638,4,1006585794
321,142,4,1006586036
321,193,3,1006586631
321,1666,4,1006586933
321,560,5,1006587392
321,342,5,1006587433
321,1148,4,1006587471
321,433,4,1006588141
321,1953,4,1006588276
321,1630,5,1006588392
321,1775,5,1006588641
321,1643,5,1006589452
322,428,3,1006590130
322,837,4,1006590137
322,1108,5,1006590261
322,203,4,1006590532
322,1618,4,1006591274
322,423,3,1006591914
322,230,4,1006592743
322,1022,4,1006593423
322,1727,3,1006593577
322,1711,4,1006594540
322,535,5,1006594991
322,1574,4,1006595052
322,1549,5,1006595713
322,511,3,1006596440
322,1632,4,1006597168
322,740,4,1006597443
322,1430,4,1006597901
322,1365,4,1006598160
322,904,4,1006598883
322,1308,5,1006599469
322,1159,4,1006599791
322,1831,5,1006600756
322,881,4,1006600846
322,1608,4,1006601639
322,1683,5,1006602143
322,1925,5,1006602521
322,913,4,1006602856
322,1186,5,1006603478
322,1630,4,1006604049
322,1089,4,1006604544
322,879,4,1006604813
322,121,3,1006605631
322,429,4,1006605832
322,741,5,1006605973
322,857,4,1006606456
322,1508,5,1006606847
322,348,4,1006607362
322,137,5,1006608230
322,1177,4,1006608614
322,4,4,1006609066
322,1844,4,1006609747
322,542,4,1006610245
322,1620,4,1006610315
322,846,3,1006611074
322,1981,4,1006611489
322,1057,4,1006612403
322,1905,4,1006612623
322,998,5,1006613099
322,1428,5,1006613599
323,14,4,1006613906
323,732,4,1006614687
323,258,4,1006615673
323,1108,4,1006615861
323,1467,4,1006616300
323,837,4,1006617152
323,302,5,1006617381
323,1825,4,1006617417
323,625,4,1006617741
323,263,4,1006618206
323,1365,4,1006618419
323,458,5,1006618476
323,415,4,1006618981
323,1883,3,1006619316
323,226,4,1006619516
323,1607,4,1006619871
323,1814,4,1006620302
323,756,4,1006620586
323,1832,4,1006620623
323,62,5,1006620742
323,1037,5,1006621701
323,1401,5,1006622634
323,298,3,1006623293
323,240,5,1006623364
323,1231,4,1006623896
323,440,5,1006624178
323,1239,5,1006624392
323,317,4,1006625069
323,1546,3,1006625592
323,478,5,1006626497
323,504,4,1006626602
323,334,5,1006626896
323,385,4,1006627105
323,1039,5,1006627790
323,1027,5,1006628585
323,1596,5,1006628695
323,1137,3,1006629667
323,757,5,1006630441
323,37,5,1006630785
323,1313,5,1006631681
323,970,4,1006632125
323,421,4,1006632666
324,1110,5,1006633037
324,583,3,1006633140
324,837,4,1006633934
324,1196,3,1006634520
324,423,3,1006635303
324,1467,5,1006635890
324,1127,4,1006636867
324,130,4,1006637742
324,957,3,1006637751
324,1319,4,1006638656
324,86,5,1006638800
324,1078,3,1006639636
324,503,4,1006640011
324,832,5,1006640352
324,415,4,1006640423
324,591,4,1006640868
324,296,3,1006641106
324,1996,5,1006642089
324,1340,5,1006642113
324,1095,5,1006642620
324,480,3,1006643536
324,440,5,1006643818
324,1108,4,1006644791
324,220,4,1006645210
324,243,5,1006645942
324,1191,5,1006646108
324,1265,5,1006646932
324,845,4,1006647044
324,1913,4,1006647939
324,1838,4,1006648895
324,613,3,1006649565
324,1519,4,1006649631
324,1556,4,1006650207
324,1520,5,1006651203
324,767,3,1006651927
324,842,3,1006652756
324,1214,4,1006653551
324,595,5,1006653636
324,1147,4,1006654484
324,1786,5,1006654526
324,944,3,1006655345
324,396,5,1006655581
324,1106,3,1006655966
324,1330,4,1006656500
324,1060,4,1006657126
324,48,3,1006657190
324,1387,4,1006657608
324,73,4,1006658468
324,902,4,1006659329
324,892,3,1006659365
324,1681,3,1006660071
324,1739,3,1006661007
324,1573,3,1006661556
324,1637,5,1006661628
324,421,4,1006662345
324,1492,5,1006662615
324,1531,5,1006662998
325,837,4,1006663767
325,1108,5,1006663855
325,210,4,1006663987
325,1429,4,1006664086
325,981,5,1006664800
325,1131,5,1006665214
325,1467,4,1006665964
325,1264,5,1006666005
325,1181,4,1006666056
325,424,3,1006666725
325,822,4,1006667479
325,417,3,1006668394
325,337,5,1006668485
325,1104,4,1006668570
325,1402,4,1006668646
325,1213,5,1006668898
325,1442,4,1006669464
325,792,4,1006669957
325,1602,5,1006670312
325,1486,3,1006670495
325,1412,3,1006670971
325,1523,3,1006671026
325,423,5,1006671892
326,1603,4,1006672317
326,1688,4,1006672459
326,1725,4,1006672501
326,423,5,1006672568
326,999,4,1006672697
326,837,4,1006673437
326,117,3,1006673532
326,915,4,1006673534
326,977,5,1006674133
326,859,5,1006674249
326,744,4,1006674858
326,451,5,1006675818
326,505,5,1006676572
326,979,5,1006677407
326,537,5,1006678068
326,66,4,1006678367
326,624,4,1006679285
326,369,5,1006680252
326,1108,5,1006680837
326,1178,4,1006681816
326,352,5,1006682762
326,415,5,1006682971
326,630,4,1006683460
326,1149,4,1006684351
326,1792,4,1006684654
326,1120,5,1006685492
326,1155,4,1006685915
326,1269,3,1006686637
326,975,3,1006687314
326,1922,4,1006688086
326,801,5,1006688319
326,1861,5,1006689254
326,1651,5,1006690010
326,1041,5,1006690702
326,1051,4,1006691365
326,1726,5,1006691367
326,1226,4,1006691385
327,292,5,1006691668
327,893,5,1006692601
327,947,4,1006693416
327,1378,5,1006693695
327,837,4,1006694506
327,231,4,1006694898
327,423,4,1006694947
327,256,5,1006695355
327,1497,4,1006695907
327,1108,4,1006696254
327,1314,4,1006696967
327,1575,4,1006697287
327,1639,3,1006697992
327,1758,5,1006698421
327,78,5,1006698987
327,177,5,1006699336
327,1624,3,1006699689
327,1467,3,1006699701
327,261,4,1006700371
327,763,4,1006701256
327,407,3,1006702047
327,521,4,1006702092
327,1164,4,1006702964
327,792,4,1006703667
327,79,5,1006703684
327,1663,4,1006704490
327,1370,5,1006704552
327,1897,4,1006705300
327,1567,4,1006705542
327,1147,3,1006705703
327,1019,5,1006706043
327,1861,5,1006706079
327,944,5,1006706129
327,1113,5,1006706776
327,767,5,1006706944
327,640,5,1006707630
327,1648,5,1006707693
327,582,5,1006707968
327,387,4,1006708834
327,1438,4,1006709114
327,1637,4,1006709785
327,1808,3,1006710179
327,1366,4,1006711022
327,822,3,1006711668
327,1077,5,1006712144
327,438,3,1006712828
327,517,3,1006713226
328,837,4,1006713664
328,1121,3,1006714380
328,554,4,1006714589
328,1617,3,1006714724
328,229,5,1006714973
328,397,4,1006715556
328,1620,5,1006716468
328,1115,5,1006717411
328,778,4,1006717578
328,923,5,1006718215
328,724,5,1006718705
328,1427,4,1006718779
328,1502,5,1006718839
328,628,4,1006719386
328,423,3,1006719921
328,1056,4,1006720864
328,846,4,1006720872
328,1040,5,1006720880
328,453,5,1006721109
328,1365,3,1006721283
328,1000,5,1006721471
328,1074,5,1006721540
328,1809,5,1006722459
328,1108,3,1006722950
328,1558,3,1006723878
328,1698,4,1006724141
328,1368,4,1006724183
328,299,3,1006724449
328,240,4,1006725018
328,973,5,1006725209
328,140,4,1006726098
329,1108,3,1006726348
329,1724,3,1006726606
329,577,4,1006727364
329,32,3,1006727503
329,407,5,1006727942
329,1191,5,1006728031
329,280,4,1006728110
329,1091,5,1006728425
329,837,4,1006728515
329,1049,4,1006728564
329,1240,4,1006728973
329,423,5,1006729382
329,1008,5,1006729484
329,1630,4,1006729953
329,528,5,1006730573
329,1077,4,1006731114
329,735,5,1006731175
329,166,5,1006731751
329,1541,4,1006731797
329,712,5,1006732433
329,1171,5,1006733406
329,640,3,1006734397
329,1973,4,1006735290
329,415,4,1006735966
329,843,3,1006735978
329,1081,5,1006736623
329,349,5,1006737336
329,1056,4,1006737630
329,1842,4,1006738485
329,1044,5,1006738535
329,1707,5,1006738815
329,988,5,1006739432
329,1882,3,1006740013
329,1667,4,1006740056
329,115,4,1006741038
329,1210,4,1006741263
329,314,4,1006742235
329,1891,4,1006742600
329,1446,5,1006742739
329,931,4,1006743735
329,1923,3,1006744122
329,742,4,1006744473
329,916,5,1006744713
329,802,4,1006745302
329,302,3,1006745472
329,321,4,1006745716
329,1270,4,1006745966
329,198,4,1006746961
329,1875,4,1006747293
329,727,4,1006747352
329,713,5,1006747873
329,308,3,1006747889
329,760,4,1006748687
329,1462,3,1006748789
329,1914,4,1006749600
330,570,5,1006750223
330,837,3,1006750411
330,1005,4,1006750897
330,1171,5,1006751799
330,1228,5,1006752300
330,1835,5,1006752825
330,1388,4,1006753406
330,779,5,1006753744
330,1046,4,1006754124
330,423,5,1006754423
330,1618,4,1006754642
330,80,5,1006755098
330,1467,4,1006755657
330,1780,5,1006756489
330,558,4,1006757250
330,853,5,1006758246
330,1831,4,1006758443
330,185,3,1006759380
330,1934,3,1006759692
330,1891,5,1006759896
330,56,4,1006760409
330,1448,5,1006760486
330,336,4,1006760763
330,807,5,1006760936
330,1200,4,1006761099
330,159,5,1006761927
330,1498,4,1006762409
330,1562,5,1006763389
330,1067,4,1006763918
330,1108,3,1006764285
330,195,5,1006765179
330,851,4,1006765713
330,1630,4,1006766107
330,175,3,1006766259
331,1115,4,1006766464
331,837,3,1006766767
331,1108,5,1006766861
331,415,5,1006767706
331,536,4,1006768680
331,283,4,1006769044
331,1766,3,1006769223
331,557,5,1006769723
331,135,5,1006770638
331,205,4,1006771273
331,1698,4,1006772129
331,1500,4,1006772356
331,738,5,1006773190
331,1618,4,1006773862
331,1511,4,1006774187
331,248,4,1006775168
331,143,3,1006775352
331,388,4,1006776294
331,1595,3,1006776669
331,476,3,1006777035
331,731,5,1006777788
331,1162,5,1006777998
331,1283,4,1006778022
331,783,4,1006778893
331,869,4,1006779683
332,1005,3,1006780184
332,837,5,1006780610
332,1618,5,1006781489
332,2,3,1006781745
332,472,4,1006781836
332,345,4,1006782226
332,1944,4,1006783215
332,747,4,1006783488
332,76,3,1006784454
332,721,5,1006784621
332,564,4,1006785577
332,1108,4,1006785708
332,1272,4,1006786324
332,1358,4,1006786940
332,3,5,1006787111
332,219,3,1006788080
332,423,5,1006788534
332,772,5,1006789227
332,1653,5,1006789527
332,1304,4,1006789825
332,143,4,1006790173
332,55,5,1006790794
332,1249,3,1006791537
332,1877,4,1006792449
332,522,4,1006792453
332,1523,4,1006793039
332,951,5,1006793192
332,476,5,1006793975
332,1467,3,1006794511
332,391,5,1006794673
332,106,4,1006794781
332,960,3,1006795233
332,90,3,1006796078
332,1525,5,1006796786
332,1945,3,1006797631
332,1886,4,1006797692
332,322,5,1006797829
332,1859,4,1006798041
332,244,3,1006799014
332,711,4,1006799483
332,163,4,1006799798
332,1578,5,1006799862
332,454,5,1006800114
332,1354,5,1006800444
332,1474,5,1006800542
332,752,5,1006801509
332,1521,4,1006802043
332,655,5,1006802395
332,887,4,1006803083
332,1388,4,1006803301
333,837,4,1006803966
333,131,3,1006804616
333,32,3,1006804727
333,578,4,1006805499
333,1692,5,1006806187
333,1511,4,1006806575
333,1852,4,1006806724
333,368,5,1006807268
333,423,4,1006807652
333,1938,3,1006808129
333,1287,4,1006808861
333,1764,4,1006809130
333,1108,5,1006809386
333,1720,4,1006810059
333,975,5,1006810081
333,1636,4,1006810625
333,885,4,1006810863
333,1283,4,1006811411
333,897,3,1006812384
333,1467,4,1006812447
333,1176,3,1006812633
333,461,3,1006813545
333,1383,5,1006814060
333,72,3,1006814680
333,1679,3,1006815177
333,1813,3,1006815922
333,260,5,1006816904
334,306,4,1006817840
334,837,5,1006818716
334,1079,5,1006819298
334,924,3,1006819708
334,423,4,1006820384
334,1138,4,1006821148
334,1828,4,1006821748
334,1635,3,1006822268
334,415,5,1006823212
334,1476,4,1006823825
334,733,3,1006824607
334,1807,3,1006825236
334,1632,5,1006825800
334,1586,4,1006826616
334,227,4,1006826902
334,1183,4,1006827384
334,810,5,1006827403
334,1722,3,1006828315
334,89,4,1006828523
334,667,4,1006829280
334,87,4,1006829817
334,1108,4,1006830108
334,751,4,1006830518
334,1298,4,1006830928
334,225,4,1006831400
334,1732,5,1006831839
334,1467,3,1006831840
334,1201,5,1006832577
334,91,5,1006832784
334,25,4,1006833315
334,1778,4,1006834306
334,1372,5,1006835137
334,4,5,1006835971
334,1336,4,1006836853
334,807,3,1006837402
334,332,5,1006837882
334,1631,5,1006838077
334,1224,3,1006838194
334,1480,4,1006838670
334,411,5,1006839205
334,299,3,1006839332
334,1096,4,1006839895
335,1601,5,1006840013
335,837,3,1006840016
335,236,4,1006840918
335,150,4,1006841851
335,293,3,1006842733
335,282,5,1006842746
335,301,3,1006842916
335,1108,3,1006843293
335,436,4,1006843791
335,1780,3,1006843909
335,344,5,1006844306
335,703,5,1006844927
335,555,4,1006845093
335,1895,4,1006845553
335,1167,4,1006845900
335,1745,4,1006846634
335,698,4,1006846717
335,1564,5,1006846749
335,1933,4,1006846854
335,1619,3,1006847526
335,1370,3,1006847731
335,980,4,1006848556
335,122,3,1006848794
335,52,3,1006849067
335,289,5,1006849612
335,861,5,1006850309
335,73,4,1006850874
335,415,4,1006851827
335,1931,4,1006852032
335,941,5,1006852438
335,1873,4,1006853062
335,423,5,1006853895
335,741,3,1006853992
335,1384,5,1006854140
335,1988,5,1006854934
336,1462,4,1006855513
336,837,4,1006855840
336,630,5,1006856112
336,1434,4,1006856422
336,134,5,1006856713
336,827,4,1006857481
336,942,4,1006858145
336,1051,5,1006858469
336,1108,4,1006858889
336,305,4,1006859001
336,849,4,1006859356
336,766,4,1006859681
336,1049,4,1006860299
336,1590,5,1006860492
336,1915,4,1006860827
336,1311,4,1006861737
336,1483,4,1006862098
336,1563,4,1006862481
336,569,4,1006862773
336,971,3,1006862908
336,612,5,1006863460
336,673,5,1006863666
336,1210,4,1006864382
336,1718,4,1006865057
336,1667,5,1006865908
336,635,5,1006866536
336,1467,4,1006867304
336,1091,3,1006867450
336,1762,5,1006867999
336,423,5,1006868373
336,1627,5,1006868403
336,1731,4,1006868660
336,1464,5,1006869405
336,923,5,1006869413
336,264,5,1006869891
336,407,3,1006870185
336,1577,5,1006870682
336,1295,5,1006871222
337,602,5,1006871457
337,182,4,1006872432
337,837,4,1006873201
337,1936,4,1006873794
337,1284,4,1006873910
337,1857,4,1006874091
337,637,4,1006874938
337,1560,3,1006874984
337,1038,4,1006875252
337,1794,5,1006875416
337,325,3,1006876013
337,427,4,1006876281
337,109,5,1006876707
337,328,5,1006876928
337,36,4,1006877241
337,555,5,1006877912
337,1380,5,1006878019
337,1623,4,1006878395
337,1540,5,1006878801
337,1473,5,1006879231
337,694,5,1006879782
337,1020,4,1006880183
337,918,4,1006880626
337,180,5,1006881113
337,423,5,1006881205
337,1169,4,1006882172
337,1302,4,1006883121
337,733,5,1006883638
337,535,5,1006884162
337,1125,4,1006885161
337,1247,4,1006885749
337,1397,4,1006886091
337,1548,4,1006886420
337,1116,5,1006887411
337,784,5,1006887833
337,678,5,1006888247
337,99,4,1006888621
337,891,3,1006889213
338,837,3,1006890169
338,561,5,1006890778
338,1308,4,1006891489
338,1467,3,1006891717
338,1884,4,1006892090
338,690,5,1006892361
338,1722,5,1006892423
338,1704,3,1006892897
338,1586,3,1006893144
338,1981,3,1006893716
338,558,3,1006893960
338,1207,5,1006894269
338,807,4,1006895214
338,1114,3,1006895721
338,694,4,1006895903
338,941,3,1006896128
338,1915,3,1006896796
338,1351,5,1006896957
338,404,3,1006897645
338,751,4,1006898076
338,588,3,1006898127
338,535,4,1006899014
338,423,5,1006899673
338,1696,4,1006900655
338,1965,4,1006901305
339,151,4,1006901491
339,423,4,1006902292
339,1108,4,1006903112
339,837,3,1006903647
339,823,4,1006904413
339,1800,3,1006904667
339,130,5,1006905003
339,736,5,1006905029
339,1054,4,1006905703
339,606,5,1006906242
339,210,5,1006906620
339,654,4,1006906863
339,1848,4,1006907401
339,595,3,1006908268
339,1070,5,1006908352
339,1833,5,1006908903
339,1036,4,1006909252
339,944,4,1006909380
339,965,3,1006909827
339,1032,4,1006910092
339,1349,5,1006911071
339,1295,4,1006911482
339,1780,4,1006911730
339,1962,4,1006911884
339,1060,4,1006912191
339,1294,4,1006913189
339,591,3,1006914025
339,1660,5,1006914644
339,1442,3,1006914861
339,1834,4,1006915454
339,242,4,1006916102
339,774,5,1006916508
339,1077,4,1006916865
339,650,4,1006917827
340,1538,5,1006918077
340,1325,4,1006918149
340,621,3,1006919001
340,1780,5,1006919365
340,1950,5,1006920181
340,1312,3,1006920476
340,837,5,1006920770
340,896,4,1006921287
340,366,4,1006921337
340,1680,4,1006921971
340,735,3,1006921989
340,1053,5,1006922907
340,1280,4,1006923149
340,1843,4,1006923666
340,1356,5,1006924634
340,1348,4,1006925275
340,994,4,1006925313
340,183,5,1006926199
340,1859,4,1006926269
340,1274,4,1006926658
340,1946,4,1006927251
340,705,5,1006927982
340,475,3,1006928906
340,423,3,1006929866
340,968,5,1006930328
340,1362,5,1006930657
340,1587,5,1006931181
340,1466,3,1006931804
340,340,5,1006931903
340,1236,4,1006932700
340,1398,4,1006933212
340,1504,4,1006933816
340,1415,5,1006934282
340,1254,4,1006934775
341,837,4,1006935381
341,154,4,1006935890
341,1675,3,1006936476
341,1999,4,1006937258
341,576,5,1006937614
341,770,5,1006938209
341,1890,4,1006939162
341,1395,5,1006939233
341,1108,5,1006939802
341,1462,5,1006940641
341,1467,4,1006941386
341,1902,5,1006942071
341,861,3,1006942940
341,1522,4,1006943211
341,1914,4,1006943809
341,562,4,1006944160
341,197,5,1006944809
341,475,4,1006945548
341,1758,3,1006946524
341,966,5,1006947243
341,173,4,1006947384
341,1743,4,1006947419
341,1330,3,1006947762
341,412,5,1006947935
341,685,5,1006948582
341,27,3,1006949553
341,672,4,1006949971
341,556,4,1006950267
341,1353,3,1006950533
341,491,4,1006950887
341,1618,4,1006951463
341,486,4,1006951476
341,423,5,1006951761
341,957,4,1006952236
341,1280,4,1006952325
341,1726,5,1006953086
341,1590,5,1006953754
341,1003,5,1006954097
341,1932,5,1006954836
341,494,4,1006955068
341,1996,5,1006955907
341,735,5,1006956632
341,424,3,1006956959
342,1056,5,1006957277
342,837,5,1006957712
342,1590,5,1006957790
342,1462,4,1006958149
342,722,3,1006958758
342,441,4,1006958846
342,1108,4,1006958856
342,293,4,1006958908
342,302,4,1006959241
342,1064,5,1006959248
342,966,5,1006959665
342,306,5,1006960044
342,1467,5,1006960331
342,468,5,1006961128
342,335,4,1006961447
342,1571,3,1006962017
342,407,5,1006962417
342,1074,5,1006963392
342,1227,4,1006963923
342,1010,3,1006964567
342,101,4,1006964849
342,1591,5,1006965169
342,423,4,1006965675
342,1809,4,1006966280
342,1679,5,1006967234
342,1986,5,1006968088
342,880,4,1006968334
342,311,4,1006968730
342,27,4,1006969264
342,1399,4,1006969456
342,1639,4,1006970108
342,739,3,1006970778
342,728,4,1006971749
342,187,5,1006972174
342,1960,4,1006972692
342,992,4,1006973545
342,1558,5,1006974003
342,1917,5,1006974420
342,1630,5,1006974664
342,823,3,1006975141
342,1225,5,1006975371
342,1271,3,1006976283
342,1842,4,1006976868
342,312,5,1006977543
343,1285,3,1006977795
343,1108,4,1006978016
343,837,5,1006978182
343,1757,4,1006978362
343,1681,3,1006978744
343,1309,4,1006978791
343,423,4,1006979575
343,1544,4,1006979721
343,1865,4,1006980010
343,711,4,1006980429
343,591,5,1006981011
343,1408,3,1006981920
343,45,5,1006982792
343,502,4,1006983241
343,1649,5,1006983526
343,1438,3,1006983696
343,779,5,1006983783
343,1793,5,1006984127
343,506,5,1006984687
343,1598,4,1006985577
343,1804,3,1006986174
343,420,4,1006986610
343,425,3,1006986740
343,159,4,1006987520
343,650,3,1006987819
343,965,4,1006988744
343,186,4,1006989694
344,507,5,1006990629
344,258,3,1006991169
344,837,4,1006991514
344,1050,5,1006991631
344,611,5,1006992301
344,948,5,1006992615
344,162,5,1006993372
344,1854,4,1006994305
344,1763,5,1006994824
344,662,4,1006995332
344,809,5,1006995335
344,1587,5,1006995609
344,423,5,1006995648
344,415,5,1006996478
344,1767,3,1006997002
344,0,3,1006997237
344,1535,3,1006998180
344,814,5,1006998948
344,235,5,1006999472
344,1577,5,1007000014
344,165,4,1007000564
344,1268,3,1007000861
344,684,5,1007001711
344,1439,5,1007002437
344,1920,4,1007003317
344,569,3,1007003784
344,855,3,1007004730
344,1108,5,1007005629
344,193,5,1007006028
344,408,5,1007006380
345,436,3,1007006874
345,908,5,1007006933
345,837,4,1007007021
345,967,4,1007007168
345,1386,5,1007007479
345,980,4,1007007543
345,1190,4,1007007619
345,275,5,1007007658
345,1108,4,1007008070
345,1630,5,1007008252
345,1996,4,1007009052
345,1029,4,1007010025
345,423,5,1007010891
345,1330,3,1007010945
345,1318,5,1007011410
345,1153,5,1007011870
345,1125,3,1007012836
345,918,5,1007013131
345,542,4,1007013621
345,1467,5,1007014030
345,1177,4,1007014548
345,804,3,1007014823
345,1734,4,1007015013
345,913,5,1007015456
345,148,5,1007015971
345,1290,5,1007016792
345,1260,3,1007016855
345,1436,4,1007016863
345,592,4,1007016878
345,367,4,1007017329
345,1057,5,1007017646
345,964,4,1007018555
345,1393,5,1007019231
345,1106,3,1007020119
345,1027,4,1007020282
345,1078,3,1007021269
345,1759,4,1007021502
345,361,4,1007022325
345,25,3,1007022874
345,440,4,1007023679
345,698,5,1007024329
345,1289,5,1007024459
345,1722,5,1007024707
345,1481,4,1007025419
345,1994,5,1007025680
345,1,4,1007026485
346,1390,4,1007027028
346,423,5,1007027699
346,197,4,1007028004
346,837,4,1007028635
346,1294,5,1007029209
346,1618,3,1007029515
346,1550,5,1007029531
346,1541,4,1007029819
346,349,4,1007029846
346,1855,5,1007030496
346,11,5,1007031110
346,272,3,1007031429
346,475,5,1007031709
346,107,5,1007032535
346,280,3,1007032579
346,210,4,1007032829
346,1999,4,1007033314
346,1270,3,1007033693
346,1689,3,1007034258
346,1462,5,1007035240
346,606,4,1007035793
346,90,5,1007036260
346,1164,4,1007036759
346,1758,3,1007037028
346,744,5,1007037414
346,1648,3,1007038130
346,1332,3,1007038198
346,1315,4,1007038354
346,1405,3,1007038547
346,1108,4,1007038794
346,1354,3,1007039206
346,1522,4,1007039690
346,1149,5,1007039746
346,133,3,1007039785
346,1701,3,1007040392
346,27,5,1007040855
346,166,5,1007041042
346,789,5,1007042001
346,1582,3,1007042523
347,837,4,1007042919
347,1415,5,1007043657
347,423,4,1007044087
347,68,4,1007044626
347,539,4,1007045552
347,183,5,1007045977
347,1108,5,1007046835
347,29,3,1007047368
347,747,3,1007048021
347,508,5,1007048790
347,1671,5,1007049724
347,1950,4,1007050594
347,413,5,1007050629
347,1467,4,1007050752
347,1618,3,1007051558
347,228,5,1007051587
347,657,5,1007052517
347,1865,4,1007053350
347,1315,5,1007053477
347,1355,5,1007054109
347,1559,5,1007054625
347,489,5,1007054976
347,1140,4,1007054993
347,1364,5,1007055621
347,622,3,1007056440
347,769,5,1007057218
347,1360,5,1007057263
347,1561,4,1007057987
347,717,4,1007058578
347,1262,4,1007058587
347,1326,5,1007058892
347,1821,4,1007059348
347,1536,4,1007059958
347,415,5,1007060330
347,1911,4,1007060998
348,1143,3,1007061785
348,1202,4,1007061929
348,1483,5,1007062678
348,1108,3,1007062796
348,837,3,1007063292
348,415,3,1007063440
348,423,4,1007064321
348,64,5,1007065244
348,663,5,1007065548
348,1399,4,1007065871
348,836,3,1007066563
348,1892,3,1007067068
348,1439,5,1007067129
348,1771,3,1007067172
348,1224,5,1007067775
348,195,4,1007068703
348,1831,3,1007068780
348,934,4,1007069135
348,206,3,1007069584
348,1953,5,1007069796
348,379,4,1007070722
348,331,4,1007070892
348,215,4,1007071678
348,851,3,1007072605
348,921,4,1007072831
348,1186,5,1007073323
348,168,4,1007074068
348,418,4,1007074402
348,1467,5,1007074848
348,701,4,1007075508
348,495,5,1007075658
348,87,5,1007075899
348,1746,4,1007076448
348,1707,5,1007076798
348,165,4,1007077719
348,640,4,1007078264
348,437,4,1007078270
348,433,4,1007079169
348,529,4,1007079410
348,620,3,1007079446
348,1914,4,1007080306
348,132,4,1007080811
348,690,4,1007081443
348,1412,4,1007082120
348,370,5,1007082298
348,1294,4,1007083281
348,349,5,1007083544
349,1747,4,1007083674
349,328,3,1007084159
349,1467,3,1007084451
349,609,4,1007084516
349,837,4,1007084705
349,423,5,1007084885
349,501,4,1007085882
349,222,3,1007086261
349,496,3,1007086610
349,929,4,1007087598
349,877,4,1007087980
349,910,4,1007088925
349,415,3,1007089319
349,671,4,1007090034
349,1108,5,1007090425
349,212,5,1007091005
349,979,4,1007091684
349,1625,4,1007092310
349,1623,5,1007092417
349,1282,3,1007093350
349,689,5,1007093947
349,1011,4,1007094918
349,1269,5,1007095819
349,1507,4,1007096476
349,1808,3,1007096713
349,995,4,1007097636
349,1715,5,1007098213
349,1223,3,1007099156
349,1473,5,1007099551
349,1663,5,1007100417
349,1906,5,1007100560
349,1765,5,1007101022
349,1396,4,1007101118
349,1583,4,1007101877
349,1304,3,1007102530
349,632,5,1007102736
349,1618,4,1007103437
349,457,4,1007104028
349,891,4,1007104352
349,666,5,1007105091
349,352,4,1007105609
349,1587,4,1007105689
349,961,5,1007105808
349,1088,5,1007105832
349,1035,5,1007105870
349,1389,5,1007106283
349,354,5,1007106656
349,516,4,1007107392
349,1941,4,1007107646
349,78,4,1007108199
349,1837,4,1007108853
349,178,4,1007108880
349,1769,5,1007109305
349,1268,4,1007109772
349,637,4,1007110286
350,139,4,1007110608
350,837,3,1007110657
350,857,5,1007111005
350,1938,4,1007111238
350,527,4,1007112103
350,1622,5,1007112550
350,597,4,1007113128
350,1683,5,1007113864
350,1108,5,1007114061
350,161,4,1007114072
350,604,4,1007114090
350,923,5,1007114276
350,1992,4,1007115161
350,138,5,1007115520
350,1172,4,1007115920
350,1467,4,1007116229
350,1165,3,1007116722
350,423,4,1007117121
350,854,5,1007118015
350,555,5,1007118295
350,1153,3,1007119048
350,109,5,1007119504
350,1664,4,1007119905
350,1987,5,1007119954
350,740,5,1007119975
350,1990,4,1007120726
350,1079,4,1007121306
350,1867,4,1007121805
350,1595,5,1007122035
350,1705,5,1007122854
350,324,4,1007123637
350,1574,4,1007123891
350,540,5,1007124596
350,1514,4,1007125370
350,538,4,1007125952
350,1801,4,1007126272
350,1142,5,1007126518
350,1018,4,1007127487
350,363,5,1007128214
350,1989,4,1007128775
350,1493,4,1007128899
350,1532,5,1007129682
350,1628,3,1007130299
350,1221,5,1007130365
351,423,5,1007131061
351,1046,5,1007131549
351,837,5,1007131617
351,1336,3,1007131863
351,1278,5,1007131967
351,1108,4,1007132956
351,1705,4,1007133500
351,972,4,1007133515
351,1182,4,1007134398
351,71,5,1007135320
351,1935,5,1007136310
351,511,5,1007136848
351,1252,5,1007137714
351,1467,3,1007138526
351,682,5,1007139332
351,215,4,1007139939
351,1518,5,1007140820
351,1373,4,1007141722
351,1083,3,1007142346
351,487,4,1007142589
351,1555,4,1007143247
351,144,3,1007144050
351,1978,5,1007144951
351,1439,5,1007145489
351,495,4,1007146057
351,1797,4,1007146874
351,1176,4,1007146929
351,1097,4,1007147428
351,141,4,1007148163
351,165,4,1007148471
351,1255,4,1007149373
351,1677,4,1007150025
351,1599,4,1007150829
351,1908,4,1007151641
351,1085,4,1007152255
351,1308,4,1007153114
351,1335,4,1007153155
351,753,5,1007153225
351,1,5,1007153242
352,106,4,1007154158
352,838,4,1007154286
352,322,3,1007154517
352,1524,4,1007155072
352,1151,5,1007155820
352,1040,5,1007156808
352,1365,3,1007157759
352,423,5,1007158155
352,837,4,1007158311
352,656,4,1007159176
352,1096,3,1007159622
352,1471,5,1007160361
352,105,3,1007160950
352,1287,3,1007161647
352,1408,5,1007162584
352,1108,3,1007162642
352,1512,4,1007163381
352,786,4,1007163901
352,104,4,1007163967
352,1469,4,1007164662
352,1118,5,1007165587
352,1917,4,1007165925
352,355,4,1007166415
352,174,3,1007166672
352,846,4,1007167594
352,492,5,1007168359
352,567,4,1007168646
352,415,4,1007169276
352,1443,3,1007170152
352,1653,5,1007170331
352,907,4,1007171261
352,906,5,1007172240
352,303,5,1007172786
352,1414,5,1007173402
352,1137,4,1007174241
352,126,4,1007175216
352,783,4,1007175535
352,452,4,1007176211
352,798,3,1007176676
352,240,4,1007177503
352,1191,4,1007178234
352,1156,3,1007178550
352,777,5,1007179053
352,1430,3,1007179981
352,1638,3,1007180441
352,831,3,1007180767
352,878,4,1007180820
352,1795,4,1007181244
352,1183,4,1007181915
352,1000,5,1007182206
352,1467,3,1007182320
352,659,4,1007183195
352,92,5,1007183495
352,1383,5,1007183638
352,1272,5,1007184008
352,873,5,1007184668
352,111,5,1007184836
352,1852,3,1007184938
352,1458,4,1007185130
353,1928,4,1007185173
353,716,3,1007185250
353,837,5,1007186076
353,1759,4,1007186237
353,289,3,1007186769
353,957,4,1007187195
353,1598,4,1007187458
353,12,4,1007188003
353,73,4,1007188720
353,1563,4,1007189275
353,1423,5,1007190087
353,334,5,1007190105
353,298,5,1007190679
353,1108,4,1007191251
353,353,3,1007191665
353,1994,4,1007191910
353,158,4,1007192437
353,1772,5,1007192941
353,415,3,1007193126
353,52,5,1007193693
353,1669,3,1007194474
353,407,4,1007194921
354,1842,4,1007195355
354,837,5,1007195368
354,1108,4,1007195447
354,574,4,1007195736
354,1055,3,1007196165
354,15,5,1007196748
354,1860,3,1007197458
354,1026,4,1007198247
354,415,4,1007198516
354,1803,4,1007198577
354,233,5,1007199574
354,1054,4,1007199929
354,1700,4,1007200134
354,780,4,1007200327
354,584,5,1007201261
354,423,4,1007201636
354,1332,4,1007201712
354,1270,5,1007202512
354,736,4,1007202803
354,1250,4,1007203357
354,654,5,1007203918
354,1707,4,1007204766
354,1467,5,1007204870
354,210,5,1007205444
354,151,5,1007205679
354,100,3,1007206043
354,84,5,1007206274
354,945,4,1007207178
354,334,5,1007208136
354,1390,4,1007208537
354,916,5,1007208745
354,202,5,1007208912
354,18,3,1007209216
354,120,5,1007209547
354,1044,4,1007209926
354,1204,5,1007210587
355,423,5,1007211288
355,837,4,1007211500
355,949,5,1007212091
355,1108,4,1007212357
355,1278,5,1007212544
355,1013,4,1007212962
355,1467,3,1007213270
355,1209,5,1007214181
355,1528,4,1007214444
355,1145,4,1007214805
355,1689,4,1007214977
355,520,5,1007215759
355,415,3,1007216695
355,1478,5,1007217159
355,592,4,1007217449
355,1716,4,1007217566
355,746,4,1007217922
355,558,5,1007218891
355,451,3,1007219802
355,1733,5,1007220515
355,134,4,1007221192
355,360,4,1007221802
355,72,4,1007222673
355,690,5,1007223647
355,1595,4,1007224631
355,227,4,1007225346
355,1713,5,1007225876
355,538,4,1007226835
355,511,5,1007227045
355,556,4,1007227450
355,482,5,1007228253
355,610,5,1007228412
355,935,4,1007228425
355,1817,5,1007229111
355,789,5,1007230052
355,692,5,1007230101
355,1843,4,1007230353
355,745,5,1007230595
355,305,5,1007231042
355,1308,3,1007231521
355,672,4,1007232161
355,1143,3,1007233120
355,1604,5,1007233244
355,1210,3,1007233296
355,1674,4,1007233888
355,785,3,1007234788
355,412,5,1007235075
355,898,3,1007235461
355,931,4,1007235615
355,1533,3,1007236275
355,1454,4,1007236987
355,731,4,1007237142
355,1885,3,1007238044
355,635,4,1007238106
355,1995,5,1007238966
355,71,3,1007239668
355,1435,3,1007239747
355,1266,4,1007239982
356,837,4,1007240463
356,423,3,1007241051
356,1523,4,1007241813
356,1962,3,1007242021
356,402,4,1007242163
356,719,4,1007242640
356,1593,4,1007243259
356,1775,4,1007244251
356,1108,4,1007244721
356,365,4,1007245174
356,196,5,1007245432
356,841,4,1007246300
356,392,4,1007246567
356,1237,5,1007247479
356,315,5,1007248221
356,750,3,1007248689
356,1490,5,1007248992
356,1472,5,1007249021
356,1800,5,1007249895
356,250,3,1007250646
356,1798,5,1007251008
356,912,4,1007251592
356,757,4,1007252241
356,1302,3,1007252930
356,1418,4,1007253928
356,249,4,1007254213
356,830,5,1007254604
356,373,4,1007255118
356,215,5,1007255825
356,1255,4,1007256561
356,1429,5,1007256987
356,434,4,1007257420
356,15,4,1007258294
356,1944,5,1007258343
356,903,5,1007259014
356,1371,3,1007259265
356,152,4,1007260179
357,147,3,1007260335
357,837,5,1007260828
357,37,4,1007260897
357,415,5,1007261776
357,1097,4,1007262763
357,1343,3,1007263011
357,211,4,1007263791
357,1296,4,1007264354
357,1108,3,1007264831
357,594,4,1007265610
357,1800,4,1007266100
357,1396,5,1007266793
357,1366,4,1007267701
357,1266,4,1007268485
357,774,3,1007269100
357,1184,4,1007269760
357,423,4,1007269811
357,310,5,1007269933
357,1361,5,1007269996
357,993,5,1007270544
357,605,5,1007271261
357,1799,3,1007272067
357,830,5,1007272154
357,566,4,1007272424
357,548,5,1007272624
357,1688,5,1007272999
357,1764,5,1007273585
357,833,5,1007273692
357,546,5,1007274282
358,837,4,1007275195
358,1108,5,1007275497
358,1716,5,1007276012
358,1714,5,1007276019
358,770,4,1007276226
358,645,4,1007276364
358,768,4,1007277351
358,14,3,1007278140
358,1168,5,1007278901
358,482,3,1007279195
358,556,3,1007279738
358,317,3,1007279876
358,1467,4,1007279923
358,1699,3,1007280525
358,157,3,1007281232
358,540,4,1007281423
358,1397,5,1007282237
358,213,5,1007282950
358,1563,5,1007283045
358,1564,4,1007283432
358,908,4,1007283580
358,976,4,1007284546
358,526,5,1007284680
358,1701,4,1007285193
358,969,5,1007285923
358,161,3,1007286384
358,423,3,1007286651
358,519,3,1007287465
358,1447,3,1007287807
358,706,5,1007287809
358,678,4,1007288165
358,827,3,1007288967
358,791,5,1007289901
358,1400,4,1007290155
358,1263,3,1007290291
358,1479,4,1007291218
358,1454,5,1007291629
358,471,4,1007291736
358,17,5,1007292491
358,1188,3,1007293432
358,35,3,1007293596
358,180,3,1007293710
358,96,3,1007293956
358,1106,5,1007294339
358,1661,5,1007294642
358,775,3,1007295181
359,809,4,1007296174
359,1208,5,1007296974
359,1809,4,1007297596
359,837,5,1007297645
359,1771,3,1007298436
359,423,5,1007298984
359,643,4,1007299706
359,331,3,1007299727
359,541,3,1007299839
359,919,4,1007300466
359,1861,4,1007300832
359,1539,4,1007301787
359,1984,5,1007302297
359,545,5,1007302684
359,1120,5,1007303567
359,1695,5,1007304399
359,831,5,1007304692
359,1939,4,1007305640
359,1108,4,1007306587
359,500,4,1007307132
359,1618,4,1007307584
359,1748,5,1007307690
359,1594,4,1007308116
359,392,4,1007308944
359,995,4,1007309348
359,1978,5,1007309520
359,1710,4,1007309529
359,1836,4,1007310192
359,177,3,1007310430
359,923,4,1007310670
359,1557,5,1007310948
359,347,4,1007311523
359,1551,4,1007311767
359,679,4,1007311899
359,1735,5,1007312612
359,860,4,1007313139
359,501,5,1007314003
359,1808,5,1007314841
359,1458,4,1007315104
359,1901,4,1007315302
359,1220,4,1007315870
359,1191,4,1007316408
359,737,4,1007316643
359,1643,4,1007317012
360,837,4,1007317394
360,1869,4,1007317909
360,113,4,1007317923
360,662,5,1007318319
360,1666,5,1007318901
360,1056,4,1007319824
360,340,4,1007320328
360,1154,4,1007320956
360,1379,3,1007321346
360,1465,3,1007322045
360,423,4,1007322960
360,29,3,1007323581
360,1925,3,1007323748
360,775,4,1007324620
360,684,5,1007325076
360,549,5,1007325900
360,1780,4,1007326584
360,987,5,1007327094
360,13,4,1007327296
360,1263,3,1007327782
360,1108,4,1007328553
360,1450,4,1007328784
360,1326,5,1007329123
360,1801,5,1007329387
360,817,5,1007330211
360,1587,5,1007330303
360,527,5,1007331114
360,1170,4,1007332107
360,976,5,1007332867
360,203,4,1007333190
360,971,4,1007333693
360,398,5,1007333708
360,1058,3,1007334531
360,68,5,1007334859
360,984,5,1007335298
361,837,4,1007335813
361,852,3,1007336058
361,1809,4,1007336960
361,1958,5,1007337071
361,921,4,1007337267
361,299,5,1007337366
361,848,5,1007337971
361,1835,3,1007338954
361,508,4,1007339793
361,539,4,1007339870
361,140,4,1007339951
361,1865,5,1007340816
361,419,4,1007341437
361,1352,4,1007341856
361,550,5,1007342509
361,807,5,1007342947
361,1828,5,1007343557
361,1135,3,1007344346
361,1565,5,1007345255
361,439,4,1007345493
361,798,3,1007345945
361,106,5,1007346063
361,769,4,1007346171
361,423,4,1007347019
361,1443,3,1007347047
361,1345,4,1007347194
361,1586,5,1007347995
361,361,3,1007348276
361,701,5,1007348864
361,1259,3,1007349411
361,511,4,1007349784
361,452,4,1007350338
361,785,5,1007350938
361,1067,4,1007351174
361,225,4,1007351382
361,416,5,1007351428
361,51,5,1007351910
361,1108,5,1007352599
361,1591,3,1007352896
361,1570,4,1007353067
361,786,4,1007353145
361,1307,5,1007353590
361,1955,5,1007353922
361,923,4,1007354177
361,1807,4,1007354442
361,1498,5,1007355157
361,415,3,1007356084
361,992,4,1007357067
361,1821,5,1007357955
361,391,4,1007358652
361,112,4,1007359170
361,607,4,1007359402
361,3,4,1007360118
361,288,4,1007360162
361,924,4,1007360836
361,1469,5,1007361126
361,459,4,1007361482
361,1653,5,1007361547
361,1025,3,1007361670
361,1963,5,1007361879
362,1108,4,1007362710
362,837,4,1007362718
362,584,4,1007363632
362,1618,4,1007364294
362,917,4,1007364904
362,1256,4,1007365000
362,1656,3,1007365121
362,436,4,1007365982
362,25,3,1007366422
362,155,4,1007366682
362,1467,4,1007367461
362,187,4,1007368369
362,415,5,1007368881
362,1125,4,1007369839
362,1754,4,1007370362
362,523,5,1007371111
362,1436,4,1007371736
362,615,5,1007371847
362,1384,4,1007372625
362,1127,3,1007373622
362,841,4,1007374398
362,429,4,1007375369
362,69,5,1007376223
362,1598,4,1007376476
362,236,4,1007376727
362,642,3,1007377700
363,1899,5,1007378204
363,1132,3,1007379143
363,665,4,1007379966
363,1108,4,1007380319
363,837,3,1007380896
363,119,5,1007381688
363,1431,5,1007381889
363,1579,4,1007382146
363,1766,5,1007382331
363,1427,4,1007382879
363,1561,4,1007383549
363,1269,5,1007384331
363,430,4,1007385167
363,1900,5,1007385215
363,995,5,1007386092
363,103,5,1007386742
363,490,5,1007387217
363,423,5,1007387374
363,1731,3,1007388303
363,1409,4,1007388332
363,1452,5,1007389002
363,1663,5,1007389882
363,1208,5,1007390657
363,1124,3,1007391131
363,339,5,1007391447
363,228,4,1007392426
363,1516,5,1007392740
363,1906,5,1007392883
363,516,4,1007393519
363,67,4,1007394509
363,1325,4,1007395103
363,997,5,1007395480
363,1603,4,1007395847
363,875,5,1007395976
363,413,4,1007396556
363,224,5,1007396830
363,1282,4,1007397474
363,261,5,1007397989
363,928,5,1007398060
363,870,5,1007398225
363,553,3,1007399203
363,1747,3,1007399305
363,1449,4,1007399407
363,1056,4,1007400142
363,876,4,1007400813
363,737,4,1007401541
363,849,4,1007401610
363,1682,5,1007402460
363,13,4,1007403455
363,1792,4,1007403978
363,1178,4,1007404296
363,354,5,1007405026
363,257,5,1007405447
363,801,4,1007405994
363,1223,4,1007406542
364,287,4,1007407272
364,837,3,1007407788
364,1908,5,1007408510
364,1608,3,1007409147
364,1915,5,1007409556
364,112,5,1007409906
364,459,4,1007410648
364,1108,4,1007411028
364,404,4,1007411716
364,1630,4,1007412358
364,917,3,1007412739
364,898,4,1007413591
364,1372,4,1007414402
364,857,3,1007414754
364,423,4,1007415413
364,195,3,1007416240
364,1540,5,1007416504
364,1922,4,1007416573
364,776,3,1007417115
364,918,4,1007417654
364,1632,3,1007418168
364,507,5,1007418292
364,1789,3,1007418819
364,1357,5,1007419253
364,137,4,1007419310
364,1906,5,1007419380
364,657,3,1007419534
364,512,5,1007419800
364,1774,4,1007420484
365,1876,4,1007420738
365,837,4,1007421034
365,1254,5,1007421684
365,1213,3,1007422311
365,1521,4,1007422498
365,811,4,1007422953
365,423,4,1007423743
365,1249,3,1007423884
365,655,4,1007424590
365,1467,3,1007424616
365,371,4,1007425246
365,323,4,1007425912
365,530,3,1007425937
365,42,5,1007426033
365,1108,3,1007426618
365,1761,5,1007426651
365,887,4,1007427262
365,1548,3,1007427429
365,198,5,1007427859
365,1775,5,1007428094
365,1348,4,1007428147
365,923,4,1007428336
365,1592,4,1007428581
365,1630,4,1007429213
365,55,5,1007429253
365,341,5,1007430199
365,1881,4,1007431007
365,1133,4,1007431915
365,76,3,1007432045
365,1946,3,1007432354
365,1407,5,1007432827
365,509,4,1007433736
365,547,4,1007433772
365,1730,3,1007434432
365,90,5,1007434585
365,415,5,1007435027
365,279,5,1007435155
365,1415,4,1007435759
365,712,3,1007435935
365,1874,5,1007436199
365,1611,4,1007437024
365,1972,5,1007437479
365,551,4,1007438062
365,853,4,1007438490
365,1300,5,1007439144
365,1959,5,1007439584
366,837,4,1007440328
366,145,3,1007441129
366,1585,4,1007441371
366,810,5,1007441436
366,491,3,1007442328
366,1930,3,1007443179
366,1813,5,1007443946
366,367,4,1007444285
366,1467,4,1007444502
366,768,5,1007444724
366,1108,5,1007445085
366,74,3,1007445573
366,423,4,1007446300
366,778,5,1007446628
366,1786,4,1007447454
366,53,4,1007447649
366,848,4,1007448264
366,275,5,1007449162
366,764,4,1007449473
366,214,5,1007450356
366,1646,3,1007451274
366,154,4,1007451351
366,1093,5,1007451571
366,356,4,1007452263
366,229,3,1007452322
366,980,4,1007452330
367,837,4,1007453032
367,423,3,1007453298
367,1108,3,1007454085
367,564,4,1007455033
367,1630,5,1007455335
367,1254,4,1007456133
367,105,4,1007456638
367,786,3,1007456892
367,143,5,1007457262
367,906,5,1007457371
367,1821,5,1007458197
367,1911,4,1007458467
367,1154,4,1007458615
367,817,5,1007459125
367,245,4,1007459324
367,551,3,1007459572
367,1588,5,1007459767
367,1859,3,1007460426
367,1620,5,1007460909
367,465,5,1007461014
367,1751,5,1007461401
367,92,5,1007462370
367,617,4,1007463312
367,1162,4,1007463774
367,1363,4,1007463862
367,1137,4,1007464220
367,126,4,1007464350
367,272,4,1007464377
367,1886,3,1007464599
367,1617,4,1007465411
367,1898,3,1007465706
367,1717,4,1007466066
367,85,5,1007467022
367,192,3,1007467431
367,1216,3,1007468428
367,454,4,1007469258
367,994,3,1007469888
367,1544,3,1007470537
367,1825,4,1007471070
367,691,4,1007471344
367,1559,3,1007471975
367,955,5,1007472946
367,1276,3,1007473837
367,238,5,1007474781
367,123,4,1007475613
367,1467,4,1007476611
367,1151,5,1007476909
367,1524,5,1007477668
367,226,3,1007477955
367,341,5,1007478303
367,1273,4,1007478751
367,821,4,1007479091
367,258,5,1007480065
367,42,4,1007480524
368,837,5,1007480994
368,1299,5,1007481682
368,1647,4,1007482166
368,1353,3,1007483031
368,1504,4,1007483149
368,908,5,1007483252
368,986,3,1007484076
368,1358,4,1007484597
368,1108,4,1007485092
368,1888,5,1007485441
368,770,4,1007486198
368,1362,4,1007487190
368,367,4,1007488124
368,1460,4,1007488308
368,1835,4,1007489160
368,1569,5,1007489487
368,1230,4,1007490010
368,1828,4,1007490670
368,874,3,1007490819
368,122,5,1007491324
369,837,4,1007492191
369,1667,4,1007492652
369,480,5,1007493134
369,423,3,1007493578
369,311,5,1007493631
369,1108,5,1007494628
369,1713,4,1007494935
369,883,5,1007495569
369,1467,5,1007496087
369,1627,5,1007496935
369,1056,5,1007497573
369,1856,5,1007497637
369,1064,4,1007497843
369,415,5,1007498740
369,1772,4,1007499273
369,27,5,1007499878
369,575,5,1007500422
369,745,4,1007500630
369,1164,4,1007500915
369,1946,4,1007501207
369,1280,5,1007502134
369,1758,4,1007502317
369,384,3,1007502844
369,584,3,1007503548
369,1750,3,1007504451
369,923,5,1007504613
369,1851,5,1007504760
369,916,5,1007505253
369,1780,5,1007505840
369,1149,5,1007506086
369,624,4,1007506751
369,349,4,1007506837
369,975,4,1007507283
369,84,4,1007507743
369,704,4,1007508609
370,445,4,1007508965
370,837,4,1007509685
370,879,5,1007510382
370,1445,3,1007511333
370,1807,5,1007512235
370,1815,4,1007513177
370,1574,5,1007513715
370,1933,5,1007514496
370,1756,4,1007515280
370,1056,4,1007515793
370,918,4,1007516061
370,917,5,1007516403
370,1108,4,1007516967
370,804,5,1007517377
370,1568,5,1007518043
370,1190,5,1007518687
370,1373,3,1007519678
370,1618,5,1007520594
370,1565,3,1007521405
370,520,4,1007522019
370,764,4,1007522616
370,1111,5,1007523002
370,466,3,1007523877
370,1539,3,1007524736
370,439,5,1007524839
370,608,4,1007524973
371,1360,4,1007525072
371,837,4,1007525107
371,536,5,1007525401
371,607,4,1007525590
371,476,4,1007526440
371,1257,5,1007526671
371,1412,5,1007527121
371,1162,5,1007527409
371,1940,5,1007528216
371,752,4,1007528271
371,473,5,1007528421
371,1752,3,1007529114
371,777,5,1007529292
371,1707,3,1007529769
371,564,4,1007530549
371,1364,3,1007530963
371,1390,4,1007531005
371,1049,4,1007531671
371,823,5,1007532375
371,1164,3,1007532863
371,923,4,1007532887
371,1512,5,1007533802
371,175,4,1007534533
371,1758,3,1007535085
371,1036,3,1007535642
371,993,3,1007536332
371,711,5,1007536348
371,423,5,1007536403
371,1067,5,1007537044
372,118,4,1007537735
372,552,5,1007537839
372,74,3,1007538308
372,1021,5,1007539156
372,837,4,1007539998
372,423,5,1007540719
372,1502,4,1007540764
372,1108,4,1007541565
372,1766,4,1007541829
372,1467,4,1007542042
372,1822,3,1007542935
372,1300,4,1007543578
372,1530,5,1007544510
372,1823,5,1007544761
372,876,4,1007544941
372,604,5,1007545057
372,928,5,1007545595
372,319,3,1007545894
372,840,4,1007546361
372,295,4,1007546749
372,248,5,1007547131
372,1602,4,1007547921
372,72,5,1007548512
372,1181,5,1007548976
372,676,4,1007549664
372,1266,4,1007549724
372,1457,5,1007549953
372,499,5,1007550261
372,1511,4,1007550418
372,687,5,1007551263
372,1665,3,1007552253
372,1515,4,1007552486
372,709,5,1007553152
372,470,5,1007553562
372,724,3,1007553669
372,692,4,1007554051
372,1944,5,1007554994
372,1304,5,1007555355
372,1418,5,1007555394
372,560,5,1007555615
372,738,3,1007556151
372,1052,3,1007556504
372,1968,5,1007557152
372,1429,4,1007557771
372,342,4,1007558068
372,1990,4,1007558841
372,543,5,1007559102
372,1301,4,1007559142
372,1812,4,1007559992
373,856,4,1007560868
373,285,5,1007561383
373,252,4,1007562281
373,837,5,1007562371
373,300,4,1007563176
373,509,4,1007563471
373,1724,4,1007563868
373,128,4,1007564235
373,793,5,1007565197
373,204,5,1007565282
373,835,4,1007566060
373,94,4,1007566245
373,147,3,1007566817
373,577,4,1007567709
373,109,5,1007568043
373,650,3,1007568533
373,1316,5,1007569386
373,49,4,1007569910
373,334,3,1007570032
373,194,5,1007570122
373,357,4,1007570422
373,734,3,1007571165
373,124,5,1007571274
373,1592,5,1007571820
373,865,4,1007572230
373,853,4,1007572732
373,1291,5,1007573239
373,1467,3,1007573667
373,426,4,1007574502
373,568,5,1007575207
373,398,5,1007575490
373,974,4,1007576239
373,1598,4,1007576532
373,1108,4,1007577435
373,605,3,1007578366
373,716,3,1007578385
373,1263,4,1007579115
373,990,5,1007579861
373,1080,4,1007580374
373,1423,5,1007581171
373,1248,5,1007581347
373,1198,4,1007582069
373,1857,4,1007582490
373,1433,3,1007582901
374,1458,4,1007583435
374,98,4,1007584034
374,1108,3,1007584852
374,423,5,1007585399
374,51,5,1007585896
374,71,5,1007586200
374,837,4,1007586441
374,1301,5,1007587029
374,1719,4,1007587531
374,594,4,1007588099
374,1025,3,1007588856
374,1911,5,1007589028
374,746,5,1007589061
374,1467,5,1007589656
374,692,4,1007590639
374,545,4,1007591134
374,1216,4,1007591343
374,1958,5,1007591383
374,1067,3,1007591760
374,1160,5,1007592213
374,1118,5,1007592717
374,1634,4,1007592758
374,950,4,1007593248
374,1989,3,1007593281
374,510,5,1007593410
374,487,4,1007593623
374,1591,4,1007593750
374,1283,5,1007594598
374,1751,5,1007595581
374,1388,4,1007596349
374,21,4,1007597019
374,1382,4,1007597215
374,454,3,1007597399
374,897,3,1007598059
374,1414,4,1007598962
374,1345,4,1007599092
374,778,3,1007599577
374,1457,4,1007600093
374,1909,5,1007601078
374,508,4,1007601565
374,309,4,1007602291
374,346,5,1007602968
374,920,5,1007603503
374,607,3,1007604100
374,951,4,1007604403
374,216,4,1007604676
374,538,4,1007605152
374,728,5,1007605889
374,1867,5,1007606840
374,126,4,1007606920
374,638,3,1007607879
374,1901,5,1007608243
375,837,4,1007608695
375,982,3,1007609330
375,553,4,1007610055
375,318,4,1007610915
375,662,5,1007611573
375,1594,4,1007612298
375,1325,5,1007613190
375,1108,4,1007613838
375,415,5,1007614723
375,493,5,1007615578
375,188,5,1007616093
375,1677,4,1007616620
375,1695,5,1007617582
375,1728,5,1007617737
375,68,3,1007617751
375,83,5,1007617978
375,228,4,1007618352
375,394,4,1007618431
375,815,4,1007619095
375,492,5,1007619335
375,1467,4,1007620180
375,141,4,1007620635
375,675,5,1007621355
375,1671,4,1007621399
375,1535,4,1007622126
375,1321,5,1007623027
375,423,4,1007623210
375,1337,4,1007623888
375,1771,5,1007624070
375,973,4,1007624191
375,365,4,1007624874
375,1191,4,1007625613
375,1549,5,1007625849
375,1746,4,1007625891
375,814,4,1007626780
375,549,5,1007627500
375,1404,5,1007627896
375,467,3,1007628465
375,458,4,1007628507
375,376,5,1007628747
375,801,3,1007629279
376,833,4,1007630023
376,837,4,1007630185
376,259,4,1007630466
376,1492,5,1007630531
376,1094,5,1007631194
376,1108,5,1007631826
376,1056,4,1007631931
376,423,3,1007632903
376,1013,5,1007633740
376,184,4,1007634275
376,541,5,1007634650
376,1750,3,1007635099
376,428,5,1007635991
376,1603,5,1007636648
376,800,3,1007637518
376,725,4,1007638248
376,100,4,1007639235
376,927,5,1007639641
376,660,5,1007639979
376,441,5,1007640560
376,1071,5,1007641458
376,1579,4,1007642146
376,1575,3,1007642440
376,671,5,1007642539
376,401,5,1007642589
376,1808,3,1007643545
376,59,5,1007644325
376,1467,3,1007645320
376,243,5,1007645632
376,1289,4,1007646189
376,361,4,1007647038
376,1734,4,1007647991
376,78,3,1007648752
376,592,5,1007648913
376,1556,4,1007649771
376,1103,5,1007650099
376,845,4,1007650613
376,867,5,1007650813
376,995,5,1007651431
376,1984,4,1007652371
376,1308,5,1007652721
376,972,5,1007652847
376,643,4,1007653467
376,1828,5,1007654182
377,837,5,1007655090
377,1217,3,1007655354
377,1498,5,1007655480
377,473,4,1007656278
377,1140,3,1007656497
377,1500,5,1007656724
377,1285,3,1007657043
377,159,4,1007657650
377,572,4,1007658386
377,1108,5,1007659216
377,474,5,1007660060
377,1120,4,1007660207
377,423,5,1007660834
377,19,4,1007661138
377,12,4,1007661532
377,502,5,1007662127
377,79,4,1007662499
377,757,3,1007662811
377,1467,5,1007663510
377,151,5,1007664431
377,124,4,1007664490
377,1769,3,1007665363
377,1216,5,1007665617
377,1162,4,1007665688
377,1396,3,1007665923
377,37,5,1007666200
377,460,4,1007666770
377,1226,5,1007666867
377,1361,3,1007667845
377,1206,4,1007668468
377,777,3,1007669065
377,1099,4,1007669402
377,1343,5,1007669578
377,774,3,1007670478
377,1043,4,1007671445
377,155,3,1007671619
377,334,4,1007671936
377,1470,3,1007671957
377,736,3,1007672089
377,1496,4,1007672636
377,1272,4,1007672679
377,689,4,1007672738
377,1469,4,1007673086
377,221,3,1007673169
377,310,4,1007673203
377,1239,5,1007674028
377,590,4,1007674740
377,642,4,1007675449
377,1685,4,1007675741
377,1793,4,1007676170
378,1661,3,1007676279
378,32,4,1007676413
378,735,5,1007676491
378,942,4,1007676770
378,1351,4,1007676771
378,837,3,1007677698
378,1779,5,1007677957
378,423,4,1007678801
378,1108,5,1007679433
378,1091,5,1007679504
378,1979,4,1007679647
378,935,3,1007680644
378,931,4,1007680802
378,569,3,1007681180
378,1541,5,1007682017
378,1280,3,1007682291
378,744,4,1007682884
378,483,5,1007683035
378,162,4,1007683319
378,1355,4,1007684259
378,1114,4,1007685157
378,1331,4,1007686122
378,1987,4,1007686716
378,990,4,1007687409
378,684,3,1007687455
378,561,5,1007687943
378,157,3,1007688740
378,1376,4,1007689087
378,949,4,1007689477
378,849,5,1007690120
378,65,4,1007690575
378,789,4,1007691418
378,390,4,1007692254
378,94,4,1007692821
378,818,5,1007693654
378,1672,5,1007694181
378,1731,5,1007695134
378,475,5,1007695330
378,553,5,1007696187
378,213,4,1007696466
378,1773,5,1007697074
378,1801,3,1007697301
378,1326,5,1007697716
378,1587,4,1007698403
378,457,4,1007699168
378,1236,4,1007699503
378,246,5,1007700456
378,1380,5,1007701029
378,1222,4,1007701993
378,1337,4,1007702542
378,1927,3,1007702593
378,1023,4,1007703188
378,1149,4,1007703801
378,173,3,1007704310
378,228,5,1007705229
378,398,5,1007705659
378,302,5,1007706483
379,1106,3,1007707026
379,1467,4,1007707391
379,361,3,1007708176
379,837,4,1007708960
379,1336,5,1007709374
379,415,5,1007710020
379,423,4,1007710437
379,1093,3,1007710706
379,701,4,1007711011
379,1460,4,1007711190
379,137,5,1007711379
379,852,4,1007711798
379,1516,5,1007712797
379,1955,4,1007713335
379,869,4,1007714295
379,360,3,1007714367
379,338,5,1007714523
379,1173,4,1007714699
379,1786,5,1007714958
379,20,4,1007715360
379,343,5,1007716196
379,1322,4,1007716644
379,1159,4,1007717091
379,1899,3,1007717951
379,1853,3,1007718728
379,1413,5,1007719465
379,421,4,1007720376
379,317,3,1007720908
379,1461,3,1007721052
379,73,5,1007721689
379,958,3,1007721972
379,1330,5,1007722497
379,275,4,1007722634
379,481,4,1007723192
379,287,3,1007723408
379,52,3,1007723916
379,1006,4,1007724545
379,1078,4,1007724644
379,1883,4,1007725095
379,1431,5,1007726013
379,1908,4,1007726892
379,1491,3,1007727458
379,1931,5,1007727731
379,563,4,1007728055
379,329,4,1007728189
379,876,3,1007728252
379,1062,4,1007728521
379,1618,4,1007728794
379,1108,5,1007729542
379,1888,3,1007729569
379,665,5,1007729985
379,1289,4,1007730859
380,1979,4,1007731494
380,896,3,1007732301
380,837,5,1007733107
380,1343,4,1007733977
380,212,3,1007733996
380,1108,5,1007734444
380,257,3,1007734689
380,423,4,1007734954
380,500,3,1007735156
380,1389,5,1007735986
380,1090,3,1007736588
380,1650,4,1007736596
380,1222,5,1007736602
380,983,5,1007737599
380,1949,4,1007738534
380,22,5,1007739496
380,996,5,1007739923
380,415,5,1007740398
380,456,5,1007740582
380,1235,5,1007741552
380,446,5,1007742452
380,516,3,1007742883
380,548,4,1007743784
380,1016,4,1007744643
380,1748,5,1007745536
380,537,4,1007745891
380,834,4,1007745942
380,961,4,1007746136
380,467,4,1007746215
380,726,5,1007747053
380,651,5,1007747296
380,1117,4,1007747489
380,1396,5,1007747529
380,1678,5,1007747867
380,1663,4,1007747971
380,1056,4,1007748004
380,144,5,1007748722
380,392,5,1007748961
380,7,4,1007749135
380,390,5,1007749421
380,63,4,1007749689
380,1475,3,1007750177
380,1178,5,1007750486
380,66,4,1007750924
380,1326,4,1007751383
380,1645,4,1007752141
380,59,3,1007752696
380,270,4,1007753204
380,1014,4,1007753290
380,68,4,1007754157
380,43,3,1007755140
380,1255,5,1007755505
381,208,3,1007755550
381,744,4,1007756246
381,837,4,1007756417
381,403,4,1007756906
381,1946,5,1007757314
381,852,5,1007757965
381,1976,4,1007758051
381,305,4,1007758423
381,1740,5,1007758979
381,1630,4,1007759814
381,1476,4,1007760489
381,1108,4,1007760613
381,898,5,1007761441
381,386,5,1007761521
381,652,4,1007761897
381,1704,5,1007762252
381,475,4,1007762745
381,1046,4,1007763502
381,428,3,1007763727
381,8,4,1007764039
381,1534,3,1007764318
381,1386,4,1007765148
381,1799,4,1007765603
381,1056,5,1007765645
382,1946,4,1007765863
382,1324,3,1007766851
382,1766,5,1007767345
382,194,4,1007767927
382,1750,3,1007768314
382,1359,4,1007769211
382,837,4,1007769827
382,453,4,1007770693
382,389,3,1007771428
382,1853,4,1007771964
382,1712,4,1007772770
382,1467,5,1007773564
382,423,5,1007773888
382,1526,5,1007774316
382,581,4,1007775129
382,845,5,1007775836
382,1472,4,1007776253
382,1108,4,1007776790
382,514,3,1007777496
382,1793,4,1007777852
382,1423,3,1007778161
382,1193,3,1007778494
382,1004,3,1007778914
382,1834,4,1007778973
382,574,5,1007779180
382,1484,4,1007779361
382,1305,5,1007779824
382,1618,5,1007780598
383,837,4,1007781249
383,1086,5,1007781543
383,712,3,1007781960
383,1108,4,1007782215
383,577,5,1007782411
383,1245,5,1007782754
383,1697,4,1007783002
383,198,4,1007783830
383,724,4,1007784133
383,1812,4,1007784884
383,1448,5,1007785304
383,959,5,1007785846
383,670,5,1007786539
383,55,5,1007786609
383,696,4,1007787036
383,1413,5,1007787569
383,1859,4,1007788164
383,1322,3,1007788285
383,192,5,1007788792
383,1427,3,1007789341
383,515,3,1007789379
383,26,4,1007790215
383,926,5,1007790841
383,727,5,1007791319
383,759,3,1007791912
383,1133,4,1007792322
383,1516,3,1007792733
383,423,5,1007793190
383,1964,5,1007793572
383,200,4,1007794177
383,1899,4,1007795079
383,985,5,1007795453
383,1381,4,1007796331
383,717,4,1007796932
383,579,5,1007797017
383,237,4,1007797860
383,448,4,1007797861
383,930,4,1007798013
383,1670,4,1007798801
383,189,5,1007798986
383,1467,4,1007799657
383,1219,3,1007800011
383,1173,3,1007800183
383,1461,4,1007801071
383,30,3,1007801186
383,2,3,1007801823
383,314,5,1007802605
383,1971,4,1007803310
383,551,5,1007803324
383,431,3,1007804211
383,835,5,1007805083
383,825,4,1007805799
383,321,4,1007806550
383,702,4,1007807408
383,323,3,1007807775
384,423,5,1007807981
384,837,3,1007808104
384,922,5,1007808671
384,1141,3,1007809306
384,1904,5,1007810111
384,1921,3,1007810774
384,753,4,1007811255
384,277,3,1007811642
384,688,4,1007812353
384,1467,4,1007812453
384,1108,5,1007813084
384,1370,5,1007814037
384,1490,3,1007814319
384,1630,4,1007815090
384,857,5,1007815221
384,1892,4,1007816000
384,1748,5,1007816744
384,418,4,1007817445
384,542,5,1007818115
384,1087,5,1007818894
384,1784,5,1007819779
384,876,5,1007819911
384,1707,5,1007820749
384,197,3,1007821014
384,1643,5,1007821274
384,1560,4,1007822213
384,1914,3,1007822830
384,1988,5,1007823690
384,1557,4,1007823816
384,1844,5,1007824421
384,434,4,1007825071
384,1100,5,1007825098
384,1483,3,1007825669
384,562,4,1007825782
384,917,4,1007826777
384,408,4,1007827115
384,1849,4,1007827560
384,1508,4,1007827946
384,138,5,1007828156
384,63,3,1007828344
384,880,3,1007828743
384,1295,4,1007829715
384,1895,3,1007829860
385,747,4,1007830662
385,313,4,1007831084
385,837,3,1007831786
385,1591,3,1007832162
385,1634,5,1007832751
385,1245,5,1007833148
385,423,4,1007833586
385,416,4,1007833596
385,107,5,1007833992
385,686,4,1007834963
385,1130,4,1007835119
385,435,5,1007835141
385,861,4,1007835529
385,728,3,1007836300
385,1455,4,1007836803
385,1315,4,1007836959
385,1785,5,1007837757
385,1733,3,1007838296
385,439,5,1007838648
385,272,4,1007838742
385,1074,5,1007839308
385,617,5,1007840116
385,550,5,1007840940
385,197,4,1007841318
385,1179,4,1007841898
385,1809,5,1007842890
385,1108,3,1007843071
385,1081,4,1007843173
385,1056,4,1007844060
385,1504,4,1007844974
385,76,3,1007844982
385,1886,5,1007845315
385,1010,4,1007845500
385,1618,4,1007845662
385,1697,3,1007845673
385,899,5,1007845723
385,1287,4,1007846638
385,708,3,1007847334
385,485,5,1007847575
385,924,5,1007847868
385,718,4,1007847989
385,90,4,1007848720
385,994,3,1007849449
385,1370,5,1007849452
385,104,5,1007849730
385,1227,4,1007850038
385,670,4,1007850635
385,245,4,1007851344
385,1458,5,1007851387
385,1164,5,1007852157
385,1937,5,1007852296
385,1402,3,1007853115
385,1946,5,1007854074
385,639,4,1007854155
385,1270,4,1007854219
385,1211,4,1007854953
385,1096,5,1007855175
385,1803,4,1007855998
385,1101,5,1007856173
386,837,5,1007856969
386,84,3,1007857235
386,1803,4,1007857343
386,423,4,1007857381
386,100,5,1007857626
386,1054,3,1007858033
386,1064,5,1007858669
386,1044,5,1007859241
386,17,5,1007859852
386,503,3,1007860818
386,324,5,1007861479
386,645,4,1007861655
386,575,5,1007862551
386,1294,4,1007862798
386,1108,4,1007863384
386,271,4,1007863781
386,398,5,1007864772
386,357,4,1007864860
386,792,3,1007864973
386,120,3,1007865485
386,1526,3,1007866458
386,636,5,1007866561
386,1829,4,1007866699
386,526,5,1007866716
386,710,3,1007867661
386,1667,4,1007868024
386,312,4,1007868213
386,1038,4,1007868367
387,121,5,1007868429
387,837,4,1007869068
387,1666,3,1007869311
387,1108,5,1007870127
387,1910,4,1007870942
387,1054,3,1007871196
387,1548,5,1007871631
387,609,4,1007872099
387,193,5,1007872885
387,1169,4,1007873693
387,560,5,1007874403
387,1639,4,1007874647
387,824,4,1007875295
387,373,4,1007875458
387,1914,4,1007876191
387,201,4,1007876417
387,355,5,1007876836
387,1467,5,1007877590
387,27,5,1007877960
387,423,4,1007878154
387,1945,4,1007878758
387,1295,4,1007878996
387,415,5,1007879776
387,813,4,1007880211
387,1264,5,1007880255
387,371,5,1007880310
387,1465,4,1007881302
387,118,5,1007881874
387,1134,4,1007882351
387,1399,5,1007882374
387,1323,4,1007882824
387,688,5,1007883618
387,105,4,1007884558
387,0,4,1007884761
387,891,3,1007885434
387,1092,4,1007885469
387,1618,4,1007885488
388,1712,4,1007885669
388,1741,5,1007885998
388,837,5,1007886062
388,423,4,1007886739
388,842,5,1007887672
388,1698,3,1007887874
388,1108,4,1007888508
388,959,3,1007889006
388,1232,4,1007889198
388,625,5,1007889503
388,863,4,1007890369
388,828,3,1007890936
388,1328,4,1007891610
388,1686,5,1007892023
388,1056,5,1007892870
388,265,5,1007893551
388,1460,4,1007894016
388,214,3,1007894832
388,1630,3,1007895533
388,356,4,1007896058
388,773,5,1007897041
388,23,5,1007897533
388,321,5,1007897556
388,1545,4,1007898048
388,1129,5,1007898064
388,1619,4,1007898873
388,760,4,1007898878
388,1822,3,1007898942
388,1484,4,1007899076
388,490,5,1007899843
388,431,3,1007900043
388,247,5,1007900332
388,765,5,1007900462
388,1029,4,1007901129
388,796,4,1007901597
388,665,5,1007901866
388,649,4,1007902839
388,275,5,1007903706
388,415,5,1007904167
388,1028,5,1007904186
388,1662,5,1007904308
388,1479,4,1007904445
388,1982,4,1007904949
388,618,4,1007905023
388,314,5,1007905838
388,122,5,1007906437
388,698,3,1007907300
388,1879,4,1007907545
388,1157,3,1007907993
388,1930,4,1007908625
388,1873,3,1007909273
388,742,3,1007909982
388,870,5,1007910604
388,579,3,1007910944
388,1501,5,1007911641
389,1400,5,1007911650
389,1753,4,1007911806
389,1268,3,1007912328
389,837,4,1007913059
389,403,3,1007913973
389,1675,5,1007914359
389,827,4,1007915140
389,1083,3,1007916115
389,1791,5,1007916620
389,1921,4,1007917384
389,1701,3,1007917960
389,1787,4,1007918751
389,1522,5,1007919001
389,1725,4,1007919142
389,423,3,1007919835
389,1534,3,1007920497
389,1713,4,1007920527
389,1454,4,1007921061
389,1467,4,1007921908
389,1695,5,1007922591
389,915,4,1007922957
389,103,5,1007923734
389,1311,4,1007923761
389,1582,5,1007924253
389,1421,3,1007925045
389,1773,3,1007926001
389,910,4,1007926838
389,1505,5,1007927643
389,1102,5,1007928514
389,1439,4,1007928866
389,1710,5,1007929449
389,1391,5,1007930397
389,1050,4,1007930805
389,1690,3,1007930967
389,1475,4,1007931378
389,1550,4,1007932207
389,1776,5,1007933034
389,365,5,1007933228
389,330,5,1007933670
389,1513,3,1007933786
389,925,5,1007934126
389,1446,4,1007935080
389,320,4,1007935196
389,1191,5,1007935536
389,305,4,1007935846
389,744,4,1007936789
389,1108,4,1007937200
390,735,5,1007937357
390,837,4,1007938313
390,1108,3,1007939289
390,925,4,1007939641
390,937,5,1007939872
390,1582,4,1007940605
390,468,5,1007940791
390,181,5,1007941490
390,949,3,1007942371
390,366,4,1007943200
390,1696,4,1007944132
390,423,5,1007944537
390,1522,4,1007944993
390,1542,5,1007945888
390,1155,5,1007946845
390,1725,4,1007946988
390,580,4,1007947345
390,799,4,1007947765
390,1331,4,1007948241
390,1425,5,1007948304
390,1817,4,1007949171
390,1447,4,1007950017
390,162,5,1007950449
390,280,4,1007950966
390,1494,3,1007951045
390,484,4,1007951124
390,483,5,1007951899
390,814,5,1007952599
390,1535,4,1007953578
390,1326,4,1007954070
390,415,4,1007955001
390,1753,5,1007955257
390,1941,3,1007955730
390,1618,5,1007956359
390,1041,3,1007956895
390,68,5,1007956901
391,837,3,1007956988
391,492,5,1007957799
391,231,5,1007957923
391,393,5,1007958105
391,1092,4,1007958251
391,1896,5,1007958776
391,817,4,1007959341
391,478,5,1007959860
391,1034,3,1007960148
391,1035,5,1007960317
391,0,4,1007961241
391,576,5,1007961522
391,99,5,1007962294
391,222,3,1007963244
391,1471,4,1007963359
391,371,4,1007963372
391,1957,3,1007963924
391,528,4,1007964836
391,297,4,1007965266
391,423,4,1007965782
391,1429,4,1007966056
391,1920,4,1007966646
391,1163,4,1007967007
391,1877,3,1007967760
391,1483,4,1007968021
391,1131,4,1007968814
391,1785,5,1007969448
391,1077,5,1007969957
391,984,4,1007970746
391,1434,5,1007971347
391,1467,4,1007971871
391,861,4,1007972538
391,1088,3,1007973206
391,485,4,1007973965
391,292,4,1007974777
391,850,4,1007975377
391,1108,4,1007975746
391,349,3,1007976470
392,837,5,1007977048
392,820,4,1007977980
392,196,5,1007978781
392,1108,5,1007979083
392,221,5,1007979599
392,423,4,1007980165
392,991,4,1007980503
392,722,3,1007980640
392,1800,4,1007981325
392,250,4,1007982001
392,1629,3,1007982967
392,606,5,1007983106
392,1667,5,1007983125
392,865,4,1007983445
392,242,4,1007984154
392,465,5,1007984576
392,458,4,1007985134
392,1880,4,1007985474
392,1607,5,1007985781
392,27,4,1007986364
392,1256,4,1007986422
392,1270,4,1007986876
392,1462,4,1007987772
392,460,5,1007988743
392,1744,5,1007989199
392,888,3,1007989751
392,362,5,1007989835
392,136,4,1007989963
392,1227,4,1007990594
392,1368,5,1007991253
392,1367,4,1007992003
392,1000,5,1007992918
392,823,4,1007993243
392,1275,5,1007993457
392,102,5,1007993666
392,492,5,1007994029
392,1472,4,1007994587
392,889,4,1007994699
392,127,5,1007995257
392,1785,4,1007995342
392,787,4,1007995479
392,186,3,1007995843
392,847,4,1007996281
393,215,4,1007996683
393,277,4,1007997535
393,837,4,1007998315
393,1090,5,1007999173
393,1467,3,1007999620
393,423,5,1008000406
393,1016,4,1008001278
393,1108,4,1008001757
393,1892,5,1008002587
393,679,4,1008003444
393,1863,5,1008004194
393,1677,5,1008004276
393,34,5,1008004592
393,1099,3,1008005542
393,529,5,1008005788
393,141,3,1008006731
393,165,4,1008007581
393,456,4,1008008293
393,515,5,1008008562
393,38,3,1008008845
393,1461,3,1008008958
393,1688,3,1008009792
393,1482,4,1008009994
393,283,5,1008010126
393,1900,4,1008011120
393,1904,5,1008011601
393,1953,4,1008011741
393,911,4,1008012300
393,74,4,1008012795
394,131,4,1008013773
394,1508,5,1008013981
394,837,5,1008014363
394,894,3,1008014649
394,586,5,1008014811
394,1550,4,1008014959
394,657,3,1008015544
394,110,4,1008015730
394,182,3,1008016272
394,450,3,1008016297
394,1844,4,1008016688
394,1317,5,1008017650
394,423,3,1008018271
394,1983,5,1008018612
394,910,4,1008018788
394,941,5,1008019426
394,1172,4,1008019436
394,1714,5,1008020407
394,415,4,1008020670
394,1535,5,1008021247
394,624,3,1008021701
394,1108,3,1008021917
394,382,5,1008022483
394,1467,5,1008022767
394,1495,4,1008023079
394,1906,5,1008023925
394,789,4,1008024771
394,366,4,1008025715
394,255,3,1008026362
394,350,5,1008027059
394,1440,3,1008027360
394,340,5,1008027935
394,1392,4,1008028563
394,1915,4,1008028881
394,1207,3,1008028983
394,483,3,1008029235
394,451,4,1008029238
394,1587,4,1008030170
394,7,5,1008030847
394,1731,5,1008031650
394,68,5,1008032392
394,1312,3,1008032966
394,913,4,1008032988
394,1320,4,1008032994
394,1625,4,1008033697
394,332,4,1008034312
394,1884,5,1008035010
395,837,4,1008035504
395,129,4,1008036484
395,862,5,1008037130
395,650,3,1008037295
395,285,4,1008038187
395,1230,4,1008038462
395,82,5,1008038470
395,1108,3,1008039380
395,1890,4,1008040079
395,605,4,1008040223
395,423,5,1008040290
395,698,5,1008040486
395,122,3,1008040861
395,763,5,1008041164
395,768,4,1008041446
395,1467,4,1008042023
395,1460,3,1008042478
395,1994,5,1008043374
395,1744,4,1008044005
395,523,5,1008044867
395,792,5,1008045666
395,1601,4,1008045898
395,1106,4,1008046135
395,843,4,1008046514
395,707,4,1008047476
395,1270,4,1008047843
395,688,5,1008048687
395,1483,4,1008049679
395,242,5,1008050556
395,1423,5,1008050919
395,1029,5,1008051644
395,155,3,1008052297
395,1704,4,1008053167
395,1081,4,1008053260
395,1463,5,1008053563
395,298,5,1008054274
395,1782,5,1008055272
395,957,5,1008055543
395,581,3,1008055796
395,1032,5,1008056004
395,736,5,1008056852
395,1947,4,1008056987
395,362,5,1008057311
396,595,5,1008057667
396,837,4,1008057805
396,931,3,1008058276
396,294,5,1008059003
396,1174,5,1008059662
396,1550,4,1008060097
396,1737,5,1008060112
396,771,4,1008060176
396,1108,4,1008060844
396,1331,5,1008061687
396,1850,4,1008061851
396,506,3,1008062256
396,31,3,1008062448
396,423,5,1008062822
396,1487,5,1008063467
396,942,5,1008063852
396,1203,5,1008064166
396,1155,4,1008064496
396,113,3,1008065099
396,1411,3,1008065721
397,256,4,1008066579
397,1942,4,1008067241
397,837,5,1008067873
397,1624,4,1008067914
397,1367,5,1008068479
397,1387,4,1008069375
397,1108,4,1008070152
397,384,4,1008070936
397,1788,5,1008071404
397,294,4,1008071848
397,503,5,1008071922
397,889,3,1008072870
397,871,3,1008073834
397,1750,5,1008074293
397,423,5,1008075098
397,1838,4,1008075181
397,380,5,1008075735
397,739,5,1008076082
397,1780,5,1008076804
397,1327,3,1008077510
397,83,3,1008078385
397,1897,5,1008078584
397,121,4,1008078807
397,1039,4,1008079482
398,837,5,1008080129
398,1384,4,1008080715
398,469,3,1008081049
398,568,4,1008081276
398,853,5,1008082068
398,429,4,1008082951
398,10,4,1008083809
398,1933,5,1008084017
398,153,4,1008084647
398,1108,5,1008085638
398,1470,3,1008086230
398,1973,5,1008087091
398,1123,4,1008087590
398,1477,4,1008088575
398,1067,4,1008089459
398,1864,3,1008089991
398,423,4,1008090982
398,282,5,1008091149
398,1100,3,1008091369
398,1357,4,1008092342
398,783,4,1008092462
398,448,4,1008092639
398,1965,4,1008092904
398,1328,4,1008093016
398,777,4,1008093652
398,1498,5,1008094405
398,234,5,1008095076
398,917,4,1008095151
398,1467,5,1008095872
398,431,4,1008096053
398,476,4,1008096861
398,1655,5,1008096998
398,404,3,1008097017
398,1445,4,1008097052
398,723,4,1008097561
398,1426,4,1008097618
398,1560,3,1008098038
398,336,4,1008098099
398,1635,5,1008098253
398,1216,5,1008098461
398,1724,3,1008099136
398,50,4,1008099321
398,1512,3,1008099836
398,1970,3,1008099959
398,1408,4,1008100849
398,1821,4,1008101201
398,802,5,1008101393
398,1394,5,1008101671
398,1135,4,1008102371
398,713,5,1008103106
398,1218,3,1008103129
398,741,5,1008103860
398,1895,4,1008104250
398,1611,5,1008105127
398,1736,5,1008105592
398,1248,5,1008106511
398,1683,4,1008106602
398,742,4,1008107591
399,837,4,1008108389
399,710,5,1008109354
399,643,4,1008109892
399,187,4,1008110058
399,423,3,1008110388
399,415,5,1008110550
399,1861,4,1008111183
399,1605,5,1008111260
399,1432,5,1008111343
399,1583,4,1008112330
399,1467,3,1008112527
399,1753,4,1008112917
399,671,4,1008113736
399,864,4,1008114354
399,261,5,1008114943
399,498,4,1008115375
399,914,4,1008116276
399,1750,4,1008116602
399,1700,4,1008117257
399,1396,3,1008117499
399,1343,5,1008117520
399,131,3,1008117650
399,735,5,1008117971
399,480,4,1008117978
399,867,4,1008118274
399,241,5,1008118619
399,725,4,1008119449
399,1108,4,1008119958
399,412,4,1008120700
399,233,3,1008121456
399,1250,5,1008121896
399,548,4,1008122314
399,995,5,1008122858
399,1627,5,1008123603
399,827,3,1008124029
399,217,4,1008124414
399,1534,4,1008124444
399,1400,3,1008125126
400,1129,4,1008125245
400,1410,4,1008125287
400,1259,5,1008125325
400,837,4,1008125380
400,4,5,1008125444
400,1812,5,1008125761
400,1554,5,1008125795
400,14,4,1008125994
400,1618,5,1008126384
400,34,4,1008126757
400,1467,3,1008126817
400,970,5,1008126914
400,794,5,1008127660
400,1883,4,1008128333
400,148,5,1008128524
400,119,5,1008129201
400,145,3,1008129483
400,52,4,1008130172
400,687,5,1008130291
400,423,5,1008131251
400,1646,4,1008131965
400,137,4,1008132654
400,923,5,1008133572
400,1313,4,1008133637
400,563,3,1008134507
400,1186,4,1008135080
400,1258,5,1008136065
400,1431,4,1008136733
400,430,4,1008137185
400,1108,4,1008137347
400,275,5,1008137702
400,1517,4,1008138579
400,1230,4,1008139148
400,1103,3,1008140128
400,1056,5,1008140591
400,1868,4,1008141486
400,724,4,1008142269
400,1564,5,1008142512
400,759,4,1008142797
400,91,5,1008143014
400,803,5,1008143878
400,298,4,1008144317
400,928,4,1008145036
400,160,3,1008145272
400,1570,5,1008145743
401,733,5,1008146715
401,730,4,1008147147
401,837,5,1008147995
401,786,3,1008148085
401,879,4,1008148233
401,1022,4,1008149207
401,884,4,1008149879
401,1697,5,1008150194
401,1108,4,1008150693
401,1249,3,1008151213
401,106,4,1008151255
401,1161,4,1008152106
401,740,3,1008152195
401,111,4,1008152448
401,110,4,1008153103
401,1140,4,1008153921
401,452,4,1008154399
401,694,4,1008154992
401,1284,3,1008155307
401,918,4,1008156047
401,1685,3,1008157036
401,1467,5,1008157769
401,1403,5,1008158634
401,435,4,1008158646
401,539,3,1008159634
401,1918,4,1008159788
401,474,4,1008160391
401,423,5,1008160679
401,1500,4,1008161539
401,1398,3,1008161644
401,107,4,1008162032
401,358,5,1008162669
401,1428,5,1008163188
401,1819,3,1008163917
401,664,3,1008164147
401,804,5,1008164966
401,1732,4,1008165818
401,572,4,1008166632
401,1846,5,1008167508
401,322,4,1008167750
401,555,4,1008168215
401,76,5,1008168579
401,192,5,1008168638
401,564,5,1008169298
401,1344,4,1008169407
401,447,4,1008169662
401,1865,4,1008170174
401,729,5,1008170320
401,1087,4,1008170720
401,1348,5,1008171178
401,313,3,1008172137
401,1363,4,1008172520
401,272,3,1008172834
402,1108,4,1008172922
402,837,4,1008173044
402,1493,5,1008173971
402,1532,5,1008174563
402,529,4,1008174962
402,215,5,1008175040
402,1087,3,1008175288
402,38,3,1008175807
402,268,5,1008175951
402,1467,4,1008176079
402,863,4,1008176950
402,803,3,1008177154
402,1201,3,1008177548
402,168,3,1008178455
402,423,3,1008179294
402,1812,5,1008180059
402,854,4,1008180191
402,295,3,1008180237
402,1334,4,1008180885
402,63,3,1008181742
402,331,4,1008182488
402,379,5,1008183436
402,1515,5,1008183758
402,110,4,1008184645
402,1702,4,1008185510
402,1461,4,1008186409
402,694,4,1008186927
402,1136,3,1008187287
402,1892,5,1008187532
402,207,5,1008188487
402,804,3,1008189445
402,879,3,1008189451
402,1933,5,1008189472
402,1953,4,1008189627
402,1736,5,1008189781
402,870,5,1008190298
402,1822,4,1008190775
402,1056,5,1008191707
403,837,5,1008192279
403,1714,4,1008192452
403,283,4,1008192630
403,1758,5,1008193417
403,280,3,1008193660
403,292,4,1008194148
403,977,5,1008194607
403,1609,5,1008194855
403,1007,4,1008195114
403,131,4,1008195859
403,1108,5,1008196022
403,1434,3,1008196910
403,453,4,1008197063
403,914,4,1008197662
403,412,3,1008198207
403,1812,5,1008199055
403,1782,4,1008199419
403,649,5,1008200290
403,264,5,1008200863
403,1899,4,1008201733
403,876,4,1008202537
403,579,4,1008203199
403,1762,3,1008203544
403,397,4,1008204268
403,1853,4,1008204786
403,1563,4,1008205205
403,744,4,1008205440
403,1522,4,1008205894
403,1467,5,1008206432
403,1136,3,1008207129
403,1515,4,1008207714
403,997,4,1008207787
403,1674,4,1008208392
403,1534,5,1008208728
403,1773,4,1008208900
403,1541,5,1008209807
404,1584,5,1008210020
404,837,4,1008210024
404,1056,4,1008210308
404,1044,5,1008210760
404,188,5,1008211564
404,385,4,1008212095
404,1017,4,1008212794
404,1758,5,1008212926
404,415,3,1008213705
404,1956,5,1008213972
404,423,3,1008214271
404,157,5,1008214886
404,1487,4,1008215546
404,1946,5,1008216189
404,1108,4,1008216407
404,128,3,1008217028
404,1165,4,1008217860
404,203,4,1008217923
404,1857,5,1008217925
404,193,3,1008218705
404,756,3,1008219350
404,465,3,1008220138
404,271,4,1008220858
404,647,4,1008221390
404,585,4,1008222088
404,603,4,1008222531
404,823,4,1008222926
404,293,3,1008223035
404,1395,5,1008223443
404,1012,5,1008224404
404,1365,4,1008224721
404,824,4,1008225444
404,191,5,1008225706
404,1616,3,1008226074
404,105,5,1008226078
404,792,5,1008226120
404,1187,3,1008226473
404,1032,4,1008227167
404,1524,3,1008227980
404,1018,5,1008228900
404,1620,4,1008228913
404,519,3,1008229640
404,94,4,1008229882
404,1170,4,1008230024
404,889,5,1008230548
404,1379,5,1008230982
404,1462,5,1008231180
404,956,5,1008232106
404,1215,4,1008232143
404,1450,3,1008233112
404,1625,4,1008233560
404,230,4,1008234335
404,1142,3,1008234447
405,1712,3,1008234544
405,1862,4,1008234869
405,1193,3,1008235228
405,959,3,1008235264
405,837,4,1008235865
405,1497,4,1008236754
405,554,5,1008237048
405,67,3,1008237924
405,1943,5,1008238156
405,979,4,1008238618
405,220,4,1008239171
405,1366,4,1008239389
405,438,3,1008240321
405,1157,5,1008240835
405,1411,4,1008241740
405,1871,4,1008242661
405,423,4,1008243023
405,1246,3,1008243194
405,229,5,1008243385
405,415,3,1008243999
405,430,3,1008244252
405,1185,4,1008244478
405,22,3,1008244583
405,1108,4,1008245464
405,506,4,1008245815
405,1413,3,1008246199
405,1833,5,1008246588
405,405,3,1008247420
405,666,4,1008247696
405,1396,3,1008248272
405,1206,3,1008248910
405,1582,5,1008249216
405,1234,5,1008249653
405,490,5,1008250100
405,1610,4,1008250255
405,387,5,1008250656
405,209,3,1008251143
405,1830,4,1008251310
405,1113,5,1008251389
405,826,4,1008251877
405,632,4,1008252060
405,212,4,1008252504
405,1663,4,1008252792
405,1322,5,1008253690
405,1467,5,1008254371
405,1152,5,1008254526
406,292,5,1008255276
406,837,3,1008255947
406,1132,5,1008256229
406,1483,4,1008256488
406,1108,4,1008257035
406,82,4,1008257062
406,1370,5,1008257384
406,1894,4,1008258310
406,423,4,1008258825
406,1223,4,1008259645
406,722,5,1008260110
406,1044,4,1008260225
406,1742,5,1008261203
406,298,4,1008262158
406,312,4,1008262572
406,317,5,1008263429
406,886,4,1008264050
406,1546,5,1008264166
406,606,5,1008264322
406,1260,3,1008264346
406,1743,4,1008264848
406,407,3,1008265507
406,1049,3,1008265561
406,875,5,1008266399
406,491,5,1008267254
406,861,5,1008268237
406,704,5,1008268264
406,763,5,1008268889
406,1460,5,1008269444
406,150,4,1008270123
406,1467,5,1008270536
406,1029,5,1008271020
406,415,4,1008271666
406,1389,4,1008271811
406,842,4,1008272453
406,264,4,1008272469
406,1205,5,1008272494
406,703,4,1008272731
406,643,4,1008272751
406,1003,5,1008273649
406,1075,4,1008274201
406,1412,3,1008274930
406,1019,5,1008275871
406,1090,3,1008276762
406,1164,4,1008277622
406,1808,3,1008278557
406,176,5,1008278878
407,423,3,1008279174
407,612,5,1008279837
407,1528,4,1008280168
407,543,4,1008280341
407,1713,4,1008281250
407,837,4,1008282142
407,1843,4,1008282712
407,403,5,1008283244
407,166,3,1008284217
407,1467,4,1008284478
407,560,5,1008284934
407,1550,5,1008284973
407,1056,4,1008285274
407,1902,5,1008285627
407,1339,4,1008285913
407,1623,3,1008286687
407,1425,3,1008287591
407,891,4,1008288304
407,499,4,1008289247
407,603,5,1008290167
407,948,5,1008290910
407,1817,3,1008291345
407,427,5,1008292308
407,1763,4,1008292925
407,1146,3,1008293050
407,1877,4,1008293256
407,889,5,1008293612
407,1311,3,1008294103
407,1108,3,1008295090
407,1925,4,1008295827
407,142,5,1008295992
407,136,4,1008296271
407,1675,5,1008297016
407,131,5,1008297132
407,1755,4,1008297671
407,203,4,1008298476
408,837,3,1008299142
408,485,4,1008299361
408,1294,4,1008300350
408,544,4,1008300627
408,423,4,1008301325
408,279,3,1008302246
408,1108,4,1008303019
408,1249,4,1008303770
408,611,3,1008304560
408,1892,5,1008304966
408,1362,5,1008305154
408,27,4,1008305367
408,1771,4,1008305596
408,1707,5,1008306161
408,1101,4,1008307084
408,1758,4,1008307235
408,290,4,1008307273
408,1054,4,1008308012
408,1772,3,1008308630
408,1467,5,1008309477
408,141,4,1008309510
408,1760,5,1008310319
408,331,5,1008310590
408,1975,4,1008311102
408,1483,4,1008311918
408,292,3,1008312244
408,264,5,1008312775
408,575,4,1008313088
408,456,5,1008313609
408,11,5,1008313723
408,1785,4,1008314095
409,837,4,1008314113
409,1524,5,1008314495
409,1295,4,1008315454
409,1471,4,1008315798
409,423,5,1008316590
409,1888,3,1008317007
409,980,4,1008317190
409,1233,4,1008317326
409,1479,4,1008317743
409,948,4,1008318289
409,1880,5,1008318994
409,1151,4,1008319082
409,1353,4,1008319548
409,1618,5,1008320445
409,1395,4,1008320856
409,1805,5,1008321780
409,210,3,1008322560
409,1462,5,1008322664
409,136,5,1008323249
409,1108,4,1008323300
409,770,4,1008324072
409,1460,5,1008324307
409,1573,5,1008325078
409,1368,5,1008325788
409,1786,3,1008325838
409,263,5,1008326669
409,1078,4,1008327495
409,939,5,1008327892
409,1999,4,1008328142
409,1816,4,1008328994
409,292,3,1008329837
409,715,4,1008330247
409,688,4,1008330467
409,235,3,1008331144
409,1095,3,1008332047
409,634,4,1008332613
409,312,4,1008332647
409,52,5,1008333445
409,73,4,1008333860
409,842,4,1008334568
409,1202,5,1008335554
409,415,3,1008335629
409,549,5,1008336001
409,628,4,1008336627
409,301,4,1008337423
409,1996,5,1008337804
409,1442,5,1008337823
409,663,3,1008338818
409,1928,4,1008339571
410,837,4,1008340249
410,1396,5,1008340524
410,896,5,1008341459
410,217,4,1008341609
410,1672,4,1008341718
410,919,4,1008341992
410,440,4,1008342735
410,1861,4,1008343084
410,154,5,1008343428
410,585,4,1008343894
410,73,3,1008344883
410,1108,4,1008344890
410,1688,4,1008345611
410,122,4,1008346173
410,1579,3,1008346524
410,1654,5,1008346573
410,1168,5,1008347185
410,986,4,1008347561
410,886,5,1008348299
410,96,4,1008348767
410,423,4,1008349427
410,97,5,1008350215
410,987,4,1008350970
410,1619,4,1008351917
410,364,4,1008352203
410,737,4,1008352342
410,20,3,1008352565
410,974,4,1008352595
410,54,4,1008353400
410,671,4,1008354203
410,1601,4,1008355088
410,1850,5,1008355389
410,770,4,1008355685
410,599,4,1008355946
410,1467,5,1008356428
410,1379,4,1008357056
410,784,5,1008357597
410,1780,5,1008357894
411,1150,4,1008358531
411,837,4,1008358928
411,1108,5,1008359369
411,423,4,1008359881
411,743,4,1008359966
411,519,4,1008360501
411,1219,3,1008361273
411,426,4,1008361325
411,431,4,1008361998
411,398,4,1008362564
411,324,4,1008362656
411,1467,4,1008363615
411,571,5,1008363762
411,1876,4,1008364607
411,1356,4,1008364633
411,278,5,1008365589
411,573,5,1008366133
411,76,5,1008366560
411,191,4,1008367022
411,204,5,1008367119
411,784,3,1008367903
411,17,5,1008368336
411,1381,4,1008368380
411,729,3,1008368626
411,1937,5,1008369294
411,636,4,1008370137
411,56,3,1008370489
411,734,5,1008370910
411,835,4,1008371018
411,853,3,1008371189
411,829,4,1008371966
411,1018,4,1008372938
411,1724,5,1008373789
411,681,4,1008374393
411,988,5,1008374600
411,1664,4,1008375446
411,727,3,1008375619
411,200,5,1008376182
411,773,3,1008377144
411,932,4,1008377869
411,1676,5,1008378701
411,1525,4,1008379694
411,712,5,1008380203
412,415,4,1008381111
412,1458,4,1008381886
412,1489,5,1008382362
412,837,4,1008383178
412,51,5,1008383828
412,50,5,1008384552
412,1918,5,1008384619
412,1234,5,1008384948
412,1591,5,1008385779
412,1610,3,1008386021
412,1637,3,1008386531
412,1384,3,1008386805
412,209,5,1008387320
412,542,3,1008387427
412,848,5,1008388354
412,423,4,1008388427
412,251,5,1008389020
412,1104,5,1008389656
412,1108,4,1008390371
412,1840,4,1008391039
413,837,3,1008391854
413,515,4,1008392281
413,1052,5,1008392432
413,1246,4,1008392965
413,452,5,1008393815
413,373,5,1008394460
413,1749,3,1008394614
413,244,4,1008394632
413,1322,4,1008394887
413,564,4,1008395291
413,1129,5,1008395763
413,1185,3,1008396706
413,1653,5,1008396836
413,1751,3,1008397280
413,1469,5,1008397889
413,1819,5,1008397940
413,1530,5,1008397994
413,1388,5,1008398879
413,53,4,1008399419
413,106,4,1008400184
413,1503,4,1008400521
413,388,4,1008400616
413,1900,4,1008400988
413,143,5,1008401811
413,1502,4,1008402325
413,253,4,1008402710
413,1136,4,1008403015
413,1467,3,1008403301
413,423,3,1008404067
413,1108,5,1008404900
413,1473,4,1008405740
414,837,4,1008406139
414,435,5,1008406150
414,1537,4,1008406719
414,290,3,1008407358
414,710,4,1008408125
414,1838,4,1008408417
414,1960,4,1008408728
414,1381,4,1008409474
414,1829,3,1008410090
414,1354,4,1008410403
414,1040,4,1008411132
414,661,4,1008411715
414,565,4,1008412583
414,1467,4,1008413280
414,764,5,1008414142
414,778,4,1008414147
414,187,5,1008414229
414,927,4,1008414364
414,140,4,1008414852
414,551,5,1008415351
414,721,4,1008416075
414,389,4,1008416455
414,1634,5,1008417343
414,1813,5,1008418334
414,411,5,1008418442
414,1108,5,1008419243
414,780,5,1008420136
414,667,5,1008420701
414,1876,3,1008420787
414,90,4,1008421633
414,1948,4,1008422500
415,837,4,1008423018
415,634,4,1008423753
415,423,3,1008424749
415,1056,5,1008425113
415,1956,4,1008426046
415,1260,4,1008426174
415,20,4,1008427096
415,1305,3,1008427917
415,109,4,1008428608
415,736,4,1008428759
415,1393,5,1008429722
415,1275,4,1008430351
415,1801,4,1008430412
415,599,5,1008431193
415,1946,5,1008431747
415,633,4,1008431845
415,513,4,1008432054
415,1931,4,1008432711
415,221,4,1008433089
415,122,4,1008434069
415,1467,3,1008434798
415,1080,4,1008435209
415,37,4,1008435256
415,1520,5,1008435549
415,768,5,1008436534
415,96,5,1008436816
415,681,5,1008437365
415,1108,5,1008437998
415,1460,5,1008438080
415,685,4,1008438452
415,1361,5,1008439298
415,574,4,1008439383
415,213,3,1008440065
415,636,4,1008440093
415,678,3,1008440187
415,1239,3,1008440400
415,1618,3,1008440461
415,1165,5,1008441087
415,658,5,1008441239
415,14,4,1008442080
415,970,3,1008442316
415,1078,5,1008442892
415,654,4,1008443508
415,1233,3,1008443516
415,1598,3,1008444308
415,73,3,1008445302
415,1629,5,1008445653
415,1168,4,1008445754
415,605,5,1008446270
415,1371,5,1008447214
415,1397,5,1008448156
415,1499,4,1008448325
415,796,4,1008448944
416,837,3,1008449409
416,423,4,1008450341
416,1681,5,1008451095
416,515,3,1008452084
416,1066,4,1008452931
416,1900,3,1008452977
416,1693,5,1008453882
416,1679,4,1008454189
416,214,5,1008454512
416,985,4,1008455448
416,728,5,1008456081
416,1124,3,1008456589
416,1322,4,1008456812
416,1897,5,1008457200
416,1567,4,1008458061
416,687,3,1008458496
416,463,4,1008458640
416,283,4,1008458744
416,1489,5,1008459707
416,1444,4,1008460113
416,1107,4,1008460126
416,1836,3,1008460500
416,869,3,1008461452
416,1694,3,1008461660
416,1333,4,1008461822
416,1108,5,1008462498
416,306,4,1008463493
416,248,4,1008464080
416,1220,5,1008464911
416,1467,4,1008465122
416,1193,3,1008465332
416,831,4,1008465546
416,1812,4,1008466482
416,1833,4,1008467121
416,532,4,1008467343
416,1271,5,1008467792
416,411,5,1008468465
416,1563,4,1008469019
416,639,5,1008469512
416,347,4,1008469971
416,1606,4,1008470418
416,445,5,1008471157
416,30,4,1008471830
416,1618,4,1008472556
416,239,5,1008473066
416,963,5,1008473496
416,924,3,1008473537
416,329,5,1008474403
416,74,3,1008474628
416,224,5,1008475053
416,981,4,1008475187
416,1901,3,1008476164
416,1455,3,1008477111
416,1431,3,1008477505
416,1309,4,1008477785
416,1491,4,1008477866
416,1982,5,1008478827
416,1196,3,1008479066
416,1246,4,1008479712
417,837,4,1008480202
417,955,3,1008480879
417,660,4,1008481422
417,1108,4,1008481687
417,1851,3,1008481761
417,1102,3,1008482731
417,1750,5,1008482982
417,69,4,1008483896
417,423,4,1008484276
417,223,4,1008484598
417,1563,4,1008485499
417,1348,3,1008486374
417,1636,5,1008486569
417,1447,5,1008487102
417,1262,3,1008487586
417,1932,5,1008488211
417,899,3,1008488644
417,1521,4,1008488737
417,930,4,1008489646
417,818,5,1008489702
417,771,4,1008490464
417,1699,4,1008490518
417,305,4,1008490887
417,584,3,1008491453
417,1464,4,1008491522
417,612,5,1008492374
417,2,4,1008493087
417,461,5,1008494071
417,84,4,1008494597
417,661,5,1008495316
417,1859,4,1008495812
417,1588,4,1008496232
417,278,5,1008496858
417,1993,3,1008497701
417,1356,3,1008497908
417,1245,5,1008498498
418,837,4,1008498736
418,1108,5,1008499402
418,465,3,1008500220
418,838,5,1008501131
418,102,5,1008501973
418,1785,4,1008502239
418,1852,4,1008502826
418,787,5,1008503397
418,756,4,1008503576
418,1832,4,1008504230
418,810,4,1008504459
418,846,4,1008505100
418,1056,3,1008505472
418,1585,3,1008506381
418,922,4,1008507161
418,170,4,1008507750
418,1365,4,1008508456
418,1137,4,1008508724
418,423,3,1008509464
418,1678,4,1008510026
418,1467,5,1008510286
418,778,4,1008510973
418,1917,4,1008511163
418,1847,3,1008511706
418,1453,5,1008512137
418,411,5,1008512569
418,847,4,1008513514
419,913,5,1008513627
419,1467,5,1008514069
419,1108,5,1008514632
419,284,4,1008515593
419,423,5,1008515737
419,837,5,1008515823
419,918,4,1008516065
419,212,5,1008516898
419,531,5,1008517283
419,28,3,1008517296
419,1495,5,1008517568
419,1099,3,1008518436
419,995,3,1008519125
419,353,4,1008519928
419,867,5,1008520588
419,1965,5,1008521015
419,19,4,1008521888
419,25,4,1008522827
419,236,5,1008523348
419,1019,4,1008523708
419,1820,4,1008523755
419,1384,5,1008524517
419,666,4,1008525242
419,250,4,1008525448
419,677,5,1008526206
419,1798,5,1008526288
419,774,3,1008527103
419,1596,5,1008528067
419,879,5,1008529053
419,800,5,1008529069
419,1669,4,1008529820
419,689,4,1008529950
419,1207,4,1008529964
419,1551,4,1008530173
419,158,4,1008530484
419,919,5,1008531094
419,62,5,1008531882
419,501,5,1008532611
419,1275,5,1008532632
419,1799,3,1008532909
419,643,5,1008533682
419,1651,4,1008534200
419,1094,4,1008534702
419,1529,5,1008534716
419,1618,5,1008535562
419,888,3,1008536304
419,1195,5,1008536511
419,1366,5,1008536534
419,1704,5,1008537406
419,1132,4,1008537731
419,1736,3,1008537838
419,820,3,1008538298
419,1223,4,1008538721
419,151,5,1008539229
419,993,3,1008539900
419,1508,3,1008540257
420,1208,5,1008541149
420,181,5,1008541294
420,837,5,1008542237
420,1223,4,1008542342
420,920,4,1008542604
420,339,5,1008543138
420,968,4,1008543528
420,1776,4,1008544486
420,423,5,1008544634
420,1922,3,1008545225
420,1279,4,1008545733
420,1178,3,1008546552
420,257,4,1008546727
420,1108,3,1008547608
420,1657,4,1008548378
420,1529,5,1008548963
420,996,4,1008549166
420,1096,3,1008549652
420,1575,5,1008550231
420,657,4,1008550340
420,814,4,1008550601
420,1735,4,1008551465
421,1391,5,1008552122
421,1955,4,1008552191
421,837,4,1008552639
421,1267,5,1008552855
421,423,4,1008553365
421,459,4,1008553538
421,1852,3,1008554464
421,1228,4,1008554612
421,1179,5,1008554727
421,1014,5,1008555658
421,98,3,1008556191
421,1089,3,1008556929
421,1050,4,1008557258
421,1288,5,1008557572
421,144,4,1008558141
421,89,5,1008558412
421,690,5,1008558788
421,529,5,1008559722
421,1281,4,1008559893
421,1722,5,1008560345
421,343,5,1008560854
421,558,5,1008561272
421,924,4,1008562087
421,626,4,1008562619
421,112,5,1008562645
421,726,5,1008562718
421,5,3,1008562898
421,1421,3,1008563285
421,1071,5,1008563843
421,885,4,1008564644
421,1108,3,1008565261
421,359,4,1008565450
421,1558,3,1008565902
421,495,5,1008566888
421,1103,4,1008567072
421,1475,3,1008567646
421,907,5,1008567746
421,307,3,1008568145
421,24,3,1008568515
421,798,5,1008568695
421,1969,5,1008568755
421,1921,4,1008569363
421,921,4,1008570208
421,848,5,1008571115
421,1424,5,1008571432
421,1710,5,1008571710
421,1255,5,1008572648
421,57,5,1008573331
421,1797,3,1008573524
421,1143,5,1008574132
421,1030,4,1008574411
421,419,4,1008574969
421,781,5,1008575214
421,1849,4,1008575802
421,1211,4,1008576076
421,844,4,1008576790
421,318,5,1008577188
421,149,4,1008577433
421,1321,5,1008577747
422,1108,5,1008577943
422,1715,4,1008578431
422,1502,4,1008578723
422,1668,5,1008579714
422,229,4,1008579998
422,837,4,1008580523
422,1322,4,1008581456
422,1355,4,1008582063
422,1014,4,1008582146
422,7,4,1008582983
422,1599,5,1008583268
422,1453,4,1008583355
422,1545,5,1008583751
422,1776,5,1008584708
422,869,4,1008585676
422,456,5,1008585873
422,554,5,1008586264
422,1321,5,1008587225
422,1501,3,1008587696
422,1335,4,1008587844
422,394,5,1008588537
422,1052,3,1008588854
422,1792,4,1008589258
422,415,5,1008589575
422,971,5,1008590342
422,801,5,1008590344
422,237,3,1008590700
422,1392,3,1008591184
422,1119,3,1008591349
422,481,4,1008591608
422,781,3,1008592197
422,1690,5,1008592607
422,1791,4,1008593037
422,630,5,1008593637
422,1641,5,1008594439
422,1542,3,1008595303
422,408,4,1008596277
422,1258,3,1008596660
422,934,4,1008597456
422,179,5,1008598396
422,1062,4,1008599351
422,1953,4,1008600302
422,1582,5,1008600943
422,423,5,1008601192
422,493,3,1008601513
422,34,5,1008602406
422,190,4,1008603160
422,1467,5,1008603740
422,1439,5,1008603789
422,1906,3,1008604656
422,1943,3,1008604664
422,68,4,1008604924
422,168,4,1008605369
423,837,3,1008606142
423,353,4,1008607086
423,555,4,1008607537
423,1820,4,1008608041
423,204,5,1008608383
423,1495,4,1008608667
423,1736,4,1008608998
423,1850,5,1008609782
423,1467,5,1008610753
423,1291,4,1008611148
423,750,3,1008611580
423,535,5,1008612015
423,1100,5,1008612832
423,423,3,1008613203
423,1293,4,1008613882
423,1172,4,1008614190
423,733,5,1008614522
423,300,4,1008615313
423,1704,4,1008615879
423,1631,4,1008616080
423,285,4,1008616576
423,1440,4,1008617505
424,837,4,1008617800
424,1022,4,1008618757
424,1420,4,1008619139
424,86,3,1008620013
424,380,4,1008620717
424,733,3,1008620756
424,1428,5,1008621473
424,597,5,1008622431
424,441,5,1008622972
424,1981,4,1008623232
424,78,4,1008623921
424,505,5,1008624732
424,677,4,1008625177
424,896,4,1008625187
424,84,4,1008625429
424,671,4,1008625509
424,423,4,1008626323
424,1318,4,1008626820
424,1571,4,1008627090
424,883,5,1008627522
424,1108,5,1008628149
424,1125,4,1008629066
424,1357,4,1008629368
424,929,5,1008630100
424,1009,5,1008630750
424,212,4,1008631107
424,1621,5,1008631994
424,176,3,1008632696
424,1970,4,1008633073
424,1933,5,1008633943
424,1727,5,1008634539
424,167,5,1008635199
424,59,4,1008636094
424,1223,3,1008636687
424,404,3,1008636703
424,1846,5,1008637324
424,1343,5,1008637583
424,1683,3,1008637643
424,1984,5,1008638276
424,1844,4,1008638896
424,233,4,1008639626
424,1965,3,1008640268
424,138,4,1008640954
424,1560,3,1008640990
424,1519,3,1008641965
425,624,5,1008641971
425,837,4,1008642052
425,1404,5,1008642585
425,319,3,1008643262
425,394,4,1008643926
425,616,5,1008643958
425,1599,4,1008644696
425,1630,5,1008645161
425,1050,5,1008645281
425,1467,5,1008645324
425,1845,4,1008646318
425,1464,4,1008646837
425,809,3,1008647637
425,1149,4,1008647991
425,1572,5,1008648355
425,1108,4,1008648551
425,1817,4,1008649187
425,423,4,1008649304
425,270,4,1008649808
425,1454,4,1008649994
425,1435,4,1008650037
425,260,3,1008650620
425,672,4,1008650847
425,1995,4,1008651665
425,495,5,1008652613
425,1594,4,1008653046
425,1892,4,1008653529
425,1665,5,1008653617
425,1953,3,1008654425
425,415,5,1008654466
425,1475,3,1008654786
425,1102,5,1008655288
425,1764,4,1008656152
425,1595,5,1008656234
426,837,4,1008656751
426,1948,4,1008657644
426,1056,5,1008658409
426,923,4,1008658653
426,441,5,1008659539
426,1836,5,1008660193
426,1406,3,1008660895
426,660,4,1008661641
426,583,5,1008662350
426,883,4,1008663104
426,1588,4,1008663814
426,415,5,1008664735
426,1733,5,1008665142
426,100,3,1008666027
426,1618,5,1008666942
426,1679,5,1008667717
426,1750,4,1008667768
426,1344,5,1008668140
426,720,5,1008668761
426,1600,4,1008669491
426,1108,5,1008670381
426,107,5,1008670670
426,1064,4,1008670808
426,167,5,1008671099
426,288,4,1008671103
426,423,5,1008671368
426,1055,4,1008672036
426,1735,5,1008672836
426,1526,5,1008673430
426,1658,4,1008674273
426,1657,4,1008675221
426,1980,4,1008675888
426,710,4,1008676188
426,686,4,1008676859
426,233,3,1008677595
426,1673,5,1008678137
426,1855,4,1008678923
426,565,5,1008679750
426,1245,4,1008680007
426,489,5,1008681004
426,1693,5,1008681386
426,5,3,1008681471
426,1403,4,1008681776
426,1010,4,1008682577
426,567,4,1008682944
426,1851,5,1008683540
426,897,4,1008684435
426,992,5,1008684745
426,146,3,1008684776
426,778,3,1008685070
426,311,5,1008685357
427,837,3,1008685714
427,1205,5,1008686117
427,1955,4,1008687015
427,1808,4,1008687561
427,671,3,1008688037
427,423,4,1008688833
427,1512,3,1008689772
427,1467,5,1008690550
427,1253,4,1008691342
427,607,5,1008691597
427,212,3,1008692284
427,1583,4,1008693005
427,1366,5,1008693817
427,911,4,1008694416
427,1108,4,1008694597
427,1085,4,1008695113
427,1603,3,1008695364
427,999,4,1008696219
427,1654,5,1008697001
427,782,5,1008697146
427,1186,3,1008697309
427,216,4,1008697916
427,1911,5,1008698087
427,950,5,1008698224
427,1208,4,1008698256
427,1684,4,1008698302
427,1831,3,1008699298
427,1926,4,1008699689
427,185,4,1008700372
427,391,5,1008700897
427,419,4,1008701669
427,1903,4,1008702622
427,143,4,1008702832
427,1285,4,1008702932
427,1864,5,1008703679
427,1089,4,1008704630
427,4,4,1008705328
427,106,4,1008706090
427,1308,3,1008706503
427,769,5,1008706669
427,951,5,1008706939
428,349,5,1008707488
428,1303,4,1008708073
428,1108,3,1008708515
428,837,3,1008709094
428,1606,4,1008709210
428,289,5,1008709406
428,885,5,1008710301
428,1375,4,1008711149
428,1024,4,1008711476
428,1946,4,1008711883
428,423,4,1008712579
428,781,4,1008713032
428,1988,3,1008713701
428,1179,3,1008714462
428,1609,4,1008715424
428,575,5,1008716414
428,144,3,1008717225
428,24,4,1008717515
428,616,5,1008717834
428,565,4,1008718032
428,1049,4,1008718147
428,1815,3,1008718588
428,210,3,1008719215
428,1395,4,1008719838
428,1694,5,1008720234
428,1949,4,1008720634
428,688,3,1008721049
428,1695,5,1008721937
428,1077,3,1008721972
428,562,3,1008722531
428,292,4,1008723454
428,966,3,1008724191
428,1772,4,1008724473
428,1904,4,1008725168
428,1012,4,1008725623
428,1618,5,1008725706
428,445,4,1008726555
428,1565,4,1008727415
428,89,5,1008727653
428,907,4,1008728519
428,798,5,1008728829
428,299,4,1008729727
428,640,5,1008730180
428,140,5,1008731072
428,880,4,1008731618
428,1467,4,1008732004
428,831,4,1008732489
429,423,5,1008732753
429,1577,4,1008733178
429,837,5,1008733382
429,1511,4,1008733806
429,467,4,1008734337
429,1047,4,1008734937
429,1422,5,1008735672
429,1767,3,1008735773
429,1278,5,1008736574
429,1108,3,1008737281
429,806,3,1008738225
429,1580,5,1008739128
429,1312,4,1008739743
429,684,3,1008739961
429,340,3,1008740896
429,464,5,1008741792
429,910,3,1008741803
429,1089,5,1008742732
429,1613,3,1008743335
429,961,5,1008744128
429,1301,4,1008744246
429,814,4,1008745237
429,406,5,1008745659
429,1296,5,1008746644
429,91,5,1008746828
429,834,3,1008746974
429,1085,5,1008747065
429,558,4,1008747786
429,1941,4,1008748259
429,1711,3,1008748261
429,801,4,1008748973
429,690,5,1008749883
429,1924,4,1008750605
429,1734,3,1008751225
429,1476,4,1008751861
429,1337,5,1008752372
429,1533,4,1008752469
429,1696,3,1008752547
429,1514,5,1008753438
429,1377,5,1008753734
429,1908,5,1008754248
429,1915,5,1008755153
429,898,4,1008756125
429,1995,5,1008756307
429,836,4,1008757066
429,537,4,1008757591
429,428,5,1008757941
429,274,3,1008758291
429,751,4,1008758539
429,1950,3,1008759153
429,668,5,1008759798
429,1867,3,1008760252
429,232,5,1008760810
429,343,5,1008761520
429,366,5,1008761807
429,1209,3,1008762475
430,1108,5,1008762979
430,837,4,1008763683
430,1403,4,1008763752
430,219,5,1008764744
430,646,5,1008765255
430,1050,4,1008765688
430,1892,4,1008766405
430,277,4,1008767172
430,1746,3,1008767176
430,1937,5,1008767878
430,169,5,1008768609
430,1893,3,1008768660
430,1695,3,1008769123
430,11,3,1008769725
430,493,4,1008770632
430,133,5,1008771424
430,423,4,1008771558
430,551,5,1008772283
430,1467,4,1008772655
430,860,3,1008773631
430,245,4,1008774226
430,1421,5,1008774546
430,331,4,1008774822
430,165,3,1008775748
430,1949,4,1008776121
430,321,5,1008776994
430,489,5,1008776995
430,24,5,1008777777
430,1358,3,1008778267
430,1538,3,1008778508
430,40,4,1008778945
430,934,5,1008779470
430,1678,5,1008779892
430,1611,4,1008780845
431,837,3,1008781786
431,967,5,1008782660
431,298,5,1008783468
431,1967,4,1008784394
431,317,4,1008785367
431,1812,4,1008785781
431,224,4,1008786413
431,539,4,1008786559
431,1157,5,1008787501
431,614,5,1008787511
431,159,4,1008788142
431,1996,5,1008788354
431,1129,5,1008788683
431,53,4,1008789087
431,421,4,1008789593
431,423,4,1008790173
431,1123,5,1008790381
431,333,4,1008790436
431,1819,5,1008790703
431,1409,5,1008791356
431,1108,4,1008792001
431,878,4,1008792901
431,23,4,1008793234
431,1253,4,1008793492
431,510,5,1008794486
431,1883,3,1008795061
431,862,4,1008795985
431,1431,5,1008796808
431,304,4,1008796812
431,978,4,1008797629
431,207,5,1008798209
431,1124,3,1008798588
431,1260,4,1008798956
431,821,4,1008799540
431,336,4,1008800010
431,1347,3,1008800960
432,290,5,1008801057
432,423,4,1008801409
432,837,5,1008801421
432,1623,4,1008802220
432,1108,5,1008802650
432,1467,4,1008802811
432,602,4,1008803178
432,278,5,1008804093
432,1618,3,1008805053
432,1651,5,1008805709
432,1344,5,1008806007
432,891,5,1008806988
432,61,3,1008807340
432,1192,5,1008807838
432,866,4,1008807987
432,919,4,1008808966
432,1020,4,1008809103
432,1984,3,1008809326
432,708,5,1008810322
432,1358,5,1008810451
432,911,5,1008811207
432,1663,4,1008811209
432,1889,3,1008811918
432,1945,4,1008812841
432,201,4,1008813808
432,497,4,1008814471
432,582,4,1008814624
432,1824,4,1008814896
432,1525,5,1008815256
432,192,4,1008815858
432,868,5,1008816828
432,400,4,1008817271
432,1082,3,1008817327
432,1356,5,1008818250
432,85,4,1008818847
432,839,5,1008819030
433,837,3,1008819747
433,1271,4,1008820333
433,1720,4,1008820652
433,1118,3,1008821052
433,1753,3,1008821363
433,415,4,1008821965
433,149,5,1008822522
433,624,4,1008823277
433,411,3,1008823809
433,280,4,1008824294
433,1809,5,1008825030
433,423,4,1008825271
433,104,5,1008825465
433,1701,4,1008825947
433,32,3,1008826309
433,1797,3,1008827155
433,88,4,1008827426
433,931,5,1008827603
433,1565,5,1008827693
433,64,5,1008827711
433,1608,4,1008828576
433,1051,4,1008829054
433,459,5,1008829799
433,580,5,1008830656
433,1586,4,1008831193
434,837,5,1008832140
434,873,4,1008832825
434,1615,3,1008833499
434,277,3,1008833939
434,1200,5,1008834661
434,423,4,1008835592
434,473,3,1008836206
434,144,4,1008836789
434,926,4,1008837062
434,816,4,1008837983
434,1849,3,1008838233
434,656,4,1008838610
434,1067,4,1008839512
434,133,5,1008839598
434,887,5,1008839989
434,1216,3,1008840352
434,85,5,1008840800
434,1108,4,1008841305
434,1362,4,1008842032
434,1678,3,1008842131
434,753,3,1008842649
434,1381,3,1008843537
434,1139,4,1008844174
434,1677,4,1008844969
434,1315,5,1008845665
434,379,5,1008845972
434,1751,4,1008846329
434,111,4,1008847257
434,723,5,1008848075
434,1375,4,1008848903
434,1135,4,1008849459
434,1847,3,1008850037
434,447,5,1008850115
434,621,5,1008850526
434,1870,4,1008850675
434,1068,3,1008850779
434,544,4,1008851144
434,341,3,1008851442
434,1959,5,1008851515
434,1050,5,1008852410
434,1717,5,1008852884
434,1335,5,1008853628
434,825,3,1008854013
434,1704,3,1008854688
434,696,5,1008854757
434,1505,3,1008855257
434,866,5,1008855405
434,1787,3,1008855951
434,960,5,1008856809
434,622,4,1008857122
434,1467,5,1008857265
434,1710,5,1008857294
435,1327,5,1008857409
435,1994,3,1008857945
435,1319,4,1008858462
435,837,5,1008858532
435,1233,5,1008859321
435,1108,3,1008859431
435,60,5,1008860163
435,485,3,1008860858
435,1890,5,1008861468
435,1333,3,1008862316
435,407,5,1008862341
435,1012,5,1008862550
435,1290,3,1008862765
435,923,4,1008863249
435,423,4,1008863607
435,1434,5,1008863945
435,1618,5,1008864062
435,1109,3,1008864669
435,96,4,1008864770
435,1419,5,1008865160
435,1353,5,1008865392
435,625,4,1008866073
435,828,4,1008866526
435,1003,3,1008867381
435,1531,4,1008868222
435,1387,5,1008869051
435,1049,4,1008869427
435,1567,4,1008869964
436,837,3,1008870805
436,1309,4,1008871760
436,358,4,1008871951
436,811,4,1008872474
436,1467,5,1008872485
436,423,5,1008873246
436,621,5,1008874186
436,1175,5,1008874551
436,1742,4,1008874626
436,341,3,1008874942
436,1249,4,1008875317
436,1108,4,1008876186
436,571,5,1008877115
436,1340,4,1008877924
436,994,4,1008878217
436,313,5,1008878611
436,521,4,1008878941
436,212,5,1008879711
436,1802,4,1008880629
436,463,4,1008880829
436,1525,4,1008881561
436,1378,4,1008882552
436,146,5,1008883113
436,1075,5,1008883309
436,582,4,1008883749
436,245,5,1008884548
436,1531,3,1008884598
436,617,3,1008885300
436,435,4,1008886122
436,1363,4,1008886516
436,689,4,1008887506
436,875,5,1008887809
436,76,4,1008888684
436,1830,4,1008889555
436,1998,4,1008890046
436,767,3,1008890196
436,501,4,1008890794
436,1369,4,1008891651
436,1444,3,1008892355
436,291,5,1008892755
436,979,4,1008893170
436,415,5,1008893644
436,530,4,1008894489
436,983,5,1008894837
436,871,5,1008895319
436,954,3,1008896301
436,826,4,1008896749
436,90,3,1008897374
437,499,4,1008898236
437,837,5,1008898505
437,614,5,1008899094
437,1945,5,1008899646
437,1086,3,1008899927
437,152,5,1008900101
437,1661,5,1008900167
437,579,3,1008900823
437,1052,5,1008900974
437,759,4,1008901960
437,1712,4,1008902767
437,1108,4,1008902826
437,928,3,1008903097
437,1473,5,1008903366
437,1779,5,1008903766
437,1088,4,1008903978
437,423,4,1008904726
437,1944,3,1008905576
437,1150,4,1008905823
437,1552,4,1008906645
437,1459,4,1008906852
437,526,4,1008907260
437,1872,5,1008907278
437,697,3,1008907354
437,791,5,1008907424
437,1084,4,1008908260
437,1168,4,1008908419
437,877,5,1008909016
437,1869,4,1008909948
437,636,5,1008910685
437,207,5,1008910802
437,1982,4,1008911000
437,393,5,1008911976
437,1874,3,1008912917
437,1687,4,1008913830
437,1507,5,1008914590
437,237,5,1008914935
437,65,3,1008915194
437,315,4,1008915934
437,813,3,1008916832
437,1530,4,1008917159
437,784,4,1008917859
437,61,4,1008918560
437,139,4,1008919229
437,974,4,1008920058
437,54,3,1008920661
437,1486,4,1008920975
437,427,4,1008921202
438,837,4,1008921837
438,415,5,1008922704
438,816,4,1008923120
438,962,5,1008923259
438,988,5,1008923509
438,1285,4,1008924400
438,47,5,1008924708
438,115,5,1008924934
438,399,5,1008925495
438,1108,4,1008925933
438,1911,5,1008926535
438,175,5,1008927168
438,1653,4,1008927751
438,1467,5,1008928219
438,1140,3,1008928385
438,1973,4,1008928851
438,388,5,1008929144
438,423,3,1008929748
438,901,4,1008930677
438,780,5,1008931252
438,1498,5,1008931979
438,1618,5,1008932252
438,600,5,1008932600
438,1788,4,1008932738
438,1611,5,1008933191
438,167,3,1008933628
438,761,5,1008933869
438,153,3,1008934226
438,1724,4,1008934746
438,797,3,1008935673
438,477,3,1008936038
438,135,5,1008936194
438,524,4,1008936353
438,656,5,1008936607
438,1934,5,1008937444
438,1974,4,1008938346
438,783,4,1008939283
438,1829,4,1008939426
438,1578,5,1008939850
438,1519,4,1008940840
438,484,4,1008941355
438,1443,4,1008941768
438,1658,5,1008942588
438,950,4,1008942669
438,3,3,1008943435
439,91,3,1008944040
439,837,3,1008944654
439,1611,4,1008944991
439,1983,3,1008945785
439,1377,4,1008946619
439,68,5,1008946749
439,1133,4,1008947421
439,1630,3,1008947917
439,1655,4,1008948445
439,1448,3,1008948790
439,428,3,1008949135
439,323,3,1008950070
439,1122,5,1008950439
439,558,5,1008950593
439,1108,3,1008951546
439,1570,4,1008951661
439,1923,4,1008952006
439,1467,5,1008952843
439,1298,3,1008953643
439,1566,4,1008954632
439,399,5,1008954719
439,1792,4,1008955623
439,760,4,1008956257
440,837,4,1008956921
440,121,4,1008957642
440,1154,4,1008957745
440,1951,5,1008958158
440,1108,4,1008958807
440,947,4,1008959477
440,1649,5,1008959790
440,1581,4,1008960048
440,1037,5,1008960534
440,1620,4,1008960863
440,566,3,1008961290
440,754,5,1008961731
440,1341,5,1008961840
440,1485,3,1008962670
440,1146,5,1008962676
440,423,5,1008963180
440,220,3,1008963443
440,936,4,1008963482
440,1147,4,1008964062
440,1935,4,1008964274
440,405,5,1008964376
440,1113,4,1008964424
440,1350,5,1008965225
440,1411,4,1008965298
440,355,3,1008965863
440,1314,4,1008966778
440,463,5,1008967153
440,1319,3,1008967623
440,1467,3,1008968578
440,520,5,1008969124
440,1614,4,1008969260
440,1553,5,1008969595
440,1252,3,1008969816
440,1017,4,1008970087
440,756,4,1008971051
440,422,3,1008971420
440,1419,5,1008971902
440,1000,5,1008972681
440,557,4,1008973464
440,674,5,1008973875
440,297,4,1008974847
440,92,5,1008975802
440,953,4,1008976536
440,1985,3,1008977151
440,1913,4,1008977163
440,294,4,1008977927
440,1152,5,1008978113
440,738,5,1008978546
440,1333,4,1008979323
440,60,5,1008979333
440,1137,4,1008979412
440,1175,4,1008980287
440,316,3,1008980664
440,1278,4,1008980945
440,601,4,1008981212
440,1073,3,1008981750
440,1739,4,1008982405
440,230,5,1008982483
441,759,5,1008982968
441,837,5,1008983203
441,1395,3,1008983787
441,1129,3,1008984752
441,892,5,1008985284
441,1108,5,1008986090
441,1463,3,1008986291
441,209,5,1008986301
441,1649,5,1008986517
441,423,4,1008986607
441,1265,3,1008987059
441,463,5,1008987989
441,1113,5,1008988047
441,1502,4,1008988568
441,1467,4,1008989178
441,283,5,1008989311
441,965,5,1008990057
441,1610,3,1008990058
441,30,4,1008990583
441,333,5,1008991246
441,959,5,1008992200
441,1086,4,1008992514
441,1803,5,1008993269
442,1212,4,1008993487
442,837,5,1008994463
442,423,4,1008994881
442,1656,4,1008995819
442,1489,4,1008996142
442,316,5,1008996305
442,326,4,1008996438
442,1693,5,1008997364
442,1798,4,1008998310
442,1630,3,1008998742
442,1657,4,1008999009
442,1581,4,1008999128
442,48,4,1008999589
442,532,4,1009000243
442,1108,3,1009000455
442,639,4,1009001303
442,1361,5,1009001863
442,417,5,1009002041
442,1467,5,1009002755
442,1986,5,1009003287
442,1497,4,1009003420
442,812,3,1009003431
442,596,4,1009004098
442,830,3,1009004332
442,104,4,1009005262
442,1807,3,1009005407
442,1036,5,1009005502
442,1195,4,1009005889
442,208,4,1009006527
442,1830,4,1009007091
442,1739,4,1009007243
442,778,4,1009007351
442,387,4,1009007622
442,1610,4,1009008423
442,1118,3,1009009362
442,1669,4,1009009523
442,936,4,1009010006
442,1419,4,1009010923
442,674,4,1009011797
442,1527,5,1009012766
442,623,4,1009013307
442,841,3,1009013693
443,285,4,1009014565
443,194,5,1009015180
443,1108,3,1009015996
443,837,4,1009016477
443,1676,4,1009016904
443,1291,4,1009017387
443,423,5,1009017651
443,1633,5,1009018416
443,1256,5,1009019095
443,509,4,1009019648
443,1640,3,1009020402
443,1252,5,1009020406
443,1764,4,1009020919
443,1595,4,1009021461
443,773,4,1009022275
443,830,5,1009022846
443,1976,4,1009023189
443,1166,4,1009023585
443,712,3,1009023652
443,124,5,1009024162
443,399,3,1009024709
443,1598,5,1009025498
443,1907,4,1009025982
443,1607,4,1009026827
443,1613,5,1009027187
443,1804,4,1009027421
443,805,5,1009028287
443,260,4,1009028904
443,1283,5,1009029067
443,1867,3,1009029182
444,837,5,1009030049
444,556,5,1009030350
444,1108,3,1009031182
444,415,5,1009031219
444,17,5,1009031884
444,1550,4,1009032081
444,161,5,1009032848
444,1451,5,1009033381
444,987,4,1009033407
444,37,4,1009034201
444,1860,4,1009035081
444,1263,4,1009036078
444,1188,4,1009036922
444,1987,3,1009037614
444,461,4,1009038457
444,1976,5,1009038808
444,1869,3,1009039640
444,482,4,1009039818
444,513,5,1009040263
444,1102,4,1009041232
444,612,5,1009041796
444,1467,5,1009042060
444,403,4,1009042768
444,423,3,1009043406
444,1701,4,1009043823
444,196,4,1009044271
444,1091,5,1009044686
444,1689,5,1009045139
444,362,5,1009045860
444,1793,4,1009046080
444,1379,4,1009046513
444,1936,4,1009046644
444,1629,4,1009046885
444,147,5,1009046974
444,1627,4,1009047029
444,1042,4,1009047239
444,1757,4,1009047589
444,1142,3,1009048223
445,489,5,1009049200
445,837,3,1009049511
445,1467,3,1009049712
445,756,5,1009049806
445,739,5,1009050450
445,1344,5,1009050518
445,883,5,1009051159
445,715,4,1009052077
445,423,5,1009052413
445,170,4,1009053403
445,55,5,1009053745
445,1856,3,1009054147
445,133,5,1009054148
445,380,4,1009054253
445,1055,3,1009054329
445,1980,4,1009055227
445,1108,4,1009056055
445,994,3,1009056596
445,725,5,1009057458
445,955,5,1009058126
445,1056,5,1009059098
445,1925,4,1009059419
445,845,3,1009060242
445,571,3,1009060610
445,874,4,1009060694
445,102,4,1009061147
445,850,4,1009061183
446,837,4,1009061284
446,302,4,1009061366
446,1374,5,1009062305
446,227,5,1009063256
446,423,4,1009063406
446,1878,3,1009064228
446,1013,5,1009064805
446,1338,5,1009065103
446,909,4,1009065131
446,700,5,1009065335
446,755,4,1009065396
446,982,5,1009065949
446,1400,4,1009066280
446,170,5,1009066837
446,1159,4,1009067042
446,1464,5,1009067553
446,921,5,1009067872
446,1711,5,1009068787
446,1550,5,1009069448
446,794,5,1009069717
446,1155,4,1009069931
446,1186,4,1009070299
446,1781,4,1009071067
446,558,4,1009071900
446,226,4,1009072833
446,1425,4,1009073626
446,744,4,1009074054
446,415,3,1009074503
446,549,4,1009075138
446,1339,4,1009075150
446,1231,4,1009075870
446,225,3,1009076806
446,1267,3,1009077046
446,1143,4,1009077509
446,1562,4,1009077527
446,195,4,1009078195
446,612,4,1009078780
446,1563,3,1009079579
446,969,5,1009079733
446,1740,4,1009080013
446,1336,3,1009080604
446,131,4,1009080967
446,977,4,1009081669
446,690,4,1009081946
446,1467,4,1009082879
446,343,4,1009083643
446,1701,4,1009084142
446,1446,4,1009085115
447,837,4,1009085702
447,439,5,1009086473
447,1807,5,1009086675
447,1616,4,1009086778
447,909,4,1009087243
447,1558,4,1009088006
447,235,4,1009088712
447,1108,4,1009089418
447,795,5,1009090150
447,350,3,1009090152
447,423,5,1009090715
447,282,5,1009091328
447,1727,4,1009091899
447,815,4,1009092373
447,1372,5,1009093306
447,303,5,1009093341
447,948,5,1009093883
447,1471,5,1009094603
447,1037,4,1009095280
447,854,4,1009095635
447,1704,3,1009095677
447,306,3,1009095769
447,1852,4,1009096436
447,1878,3,1009096965
447,555,5,1009097561
447,1317,4,1009097739
447,267,4,1009098661
447,1000,4,1009099439
447,847,5,1009100225
447,258,5,1009100465
447,1679,3,1009100688
447,838,3,1009101014
447,436,4,1009101159
447,415,3,1009101336
447,1606,4,1009102289
447,1025,5,1009102473
447,567,3,1009102578
447,1844,3,1009102712
447,1201,3,1009102893
447,1323,5,1009102957
447,549,4,1009103076
447,897,3,1009104061
447,715,3,1009104827
447,545,5,1009104993
447,1789,4,1009105795
447,299,4,1009106305
447,182,3,1009106968
447,857,5,1009107143
447,1365,3,1009107799
447,733,4,1009108458
447,445,4,1009108662
447,110,3,1009109480
447,1634,5,1009110434
447,1477,4,1009111086
447,1338,5,1009111120
447,1467,4,1009111881
447,1638,4,1009112839
448,637,4,1009113763
448,858,3,1009114294
448,837,3,1009114653
448,368,3,1009115275
448,1312,4,1009115566
448,71,5,1009116103
448,586,4,1009116824
448,1221,4,1009117142
448,1770,5,1009117720
448,1731,5,1009118126
448,1192,5,1009118442
448,423,5,1009118479
448,1236,5,1009118524
448,415,4,1009118937
448,1706,4,1009119630
448,1301,4,1009120002
448,1478,5,1009120152
448,1582,3,1009120851
448,414,4,1009121241
448,1604,4,1009121711
448,1467,3,1009122149
448,1437,5,1009122163
448,910,4,1009122530
448,569,5,1009123076
448,1282,3,1009123438
448,609,4,1009124300
448,1874,4,1009125141
449,837,3,1009125882
449,120,4,1009126103
449,968,4,1009126878
449,1645,4,1009127068
449,423,5,1009127920
449,486,5,1009128243
449,1718,4,1009129065
449,684,3,1009129535
449,635,3,1009130526
449,384,4,1009131404
449,369,4,1009131776
449,1108,3,1009132421
449,1250,4,1009132965
449,16,3,1009133619
449,1582,4,1009134498
449,925,5,1009135412
449,969,3,1009135637
449,989,3,1009135938
449,1682,3,1009136636
449,1417,5,1009136981
449,569,3,1009137955
450,837,5,1009138189
450,236,4,1009138335
450,1108,4,1009138908
450,1323,4,1009139545
450,1756,5,1009139918
450,1184,5,1009140516
450,0,5,1009141220
450,557,3,1009142104
450,754,3,1009142430
450,1384,4,1009143254
450,608,3,1009143387
450,466,4,1009143681
450,709,5,1009144624
450,1614,4,1009145035
450,973,4,1009145411
450,1981,4,1009145774
450,631,5,1009146173
450,50,5,1009147082
450,443,4,1009147983
450,423,4,1009148051
450,376,4,1009148836
450,1365,4,1009148950
450,1022,4,1009149834
450,1061,4,1009150272
450,594,4,1009150939
450,1704,5,1009151661
450,1320,4,1009152176
450,1266,5,1009152244
450,715,4,1009153233
450,1638,4,1009153686
450,535,5,1009154024
450,410,4,1009154170
450,913,3,1009154584
450,230,4,1009155387
450,1985,4,1009155904
450,787,4,1009155931
450,465,4,1009156417
450,1467,4,1009157402
450,984,4,1009157878
450,1929,5,1009158712
450,138,5,1009159162
450,1121,5,1009159994
450,542,5,1009160395
450,1190,5,1009161274
450,546,5,1009162042
450,1163,5,1009162501
450,1568,3,1009162895
450,1954,4,1009163705
450,520,4,1009163998
450,1231,4,1009164369
450,740,5,1009165116
450,1514,5,1009166086
450,1549,4,1009166747
450,429,5,1009167422
450,1047,5,1009168009
450,72,3,1009168144
450,1485,3,1009168838
450,1191,3,1009168879
450,1965,4,1009168913
450,817,5,1009169121
451,1601,4,1009169567
451,970,5,1009170065
451,1429,5,1009171023
451,1721,4,1009171750
451,837,5,1009172072
451,1802,4,1009172481
451,372,4,1009172732
451,1623,5,1009173115
451,1169,3,1009173523
451,923,3,1009173678
451,14,4,1009173704
451,1662,4,1009173714
451,1624,4,1009174081
451,315,5,1009174442
451,999,3,1009174645
451,122,5,1009174999
451,1503,4,1009175683
451,1497,4,1009176050
451,1930,4,1009176759
451,1563,3,1009177592
451,1474,5,1009178309
451,1011,3,1009179172
451,1265,4,1009179306
451,1108,3,1009179622
451,890,4,1009179841
451,1510,5,1009180142
451,249,5,1009180904
451,256,4,1009181605
451,415,5,1009182556
451,1340,5,1009182963
451,1243,4,1009183268
451,31,5,1009184058
451,52,5,1009184793
451,417,4,1009185265
451,423,4,1009185297
451,902,5,1009185907
451,695,3,1009186704
451,351,4,1009187095
451,209,5,1009187952
451,145,5,1009188775
451,6,5,1009189658
451,73,4,1009189928
451,877,4,1009190681
451,1330,4,1009191672
451,828,4,1009192189
451,1196,3,1009192770
451,1244,5,1009193098
451,1419,4,1009193991
451,427,5,1009194412
451,1896,3,1009194945
451,387,5,1009195840
451,1928,5,1009195973
451,598,5,1009196000
451,425,5,1009196978
451,518,5,1009197214
452,837,3,1009197688
452,1223,4,1009198349
452,22,5,1009198590
452,875,4,1009199382
452,1010,5,1009200298
452,827,4,1009200734
452,924,4,1009201086
452,1108,3,1009201983
452,533,4,1009202236
452,667,5,1009202784
452,963,3,1009202995
452,992,3,1009203084
452,423,4,1009203255
452,1773,3,1009203927
452,32,5,1009204822
452,1467,5,1009205708
452,1455,4,1009206134
452,1720,4,1009206246
452,1689,5,1009206820
452,415,5,1009206899
452,1815,5,1009207004
452,1094,5,1009207523
453,1357,4,1009207564
453,837,4,1009207862
453,1384,5,1009208666
453,1056,5,1009208741
453,1331,5,1009209143
453,1023,5,1009209193
453,377,5,1009209828
453,984,5,1009210605
453,1017,3,1009210717
453,35,3,1009210840
453,1146,3,1009210856
453,1692,3,1009211275
453,1155,4,1009211392
453,1540,3,1009211909
453,1087,4,1009212638
453,235,4,1009213339
453,1100,5,1009213994
453,1368,3,1009214347
453,1151,4,1009214901
453,1329,5,1009215346
453,1108,5,1009215739
453,1163,3,1009215926
453,230,4,1009216398
453,1137,4,1009216838
454,423,5,1009216972
454,837,3,1009217853
454,1108,5,1009218848
454,1384,5,1009219485
454,1126,5,1009220034
454,1162,5,1009220112
454,535,4,1009220963
454,436,4,1009221112
454,1100,4,1009222051
454,1367,4,1009222276
454,1043,5,1009222636
454,730,3,1009223207
454,821,4,1009223588
454,906,3,1009223790
454,1732,5,1009224633
454,336,4,1009225290
454,376,4,1009226122
454,1247,5,1009227110
454,1471,5,1009227231
454,761,4,1009227410
454,1123,4,1009227695
454,752,5,1009228684
454,92,4,1009229249
454,465,3,1009229599
454,1846,4,1009230316
454,1087,5,1009230899
454,447,4,1009231740
454,1493,5,1009232237
454,824,5,1009232324
454,1884,3,1009233214
454,1189,4,1009233261
454,1141,5,1009234141
454,1191,5,1009234318
454,1467,4,1009234827
454,549,4,1009235063
454,50,3,1009235258
454,1334,3,1009235733
454,982,3,1009236358
454,1568,3,1009237097
454,1821,3,1009237372
454,1242,4,1009237670
454,1201,4,1009238433
454,1317,5,1009239011
454,170,4,1009239316
454,786,5,1009240003
454,1339,3,1009240765
454,1121,4,1009241341
455,837,4,1009242247
455,1416,5,1009242667
455,1283,4,1009243395
455,882,3,1009244044
455,1467,3,1009244451
455,723,4,1009245312
455,1056,4,1009246175
455,1751,3,1009246440
455,1414,3,1009246902
455,549,4,1009247771
455,1123,4,1009248712
455,388,3,1009249498
455,423,5,1009249583
455,1365,4,1009250043
455,756,4,1009250929
455,492,3,1009251628
455,105,4,1009252249
455,1242,4,1009252322
455,136,5,1009252812
455,1443,4,1009252824
455,1604,5,1009253321
455,473,3,1009253815
455,1273,4,1009253930
455,1925,4,1009254016
455,692,4,1009254086
455,1898,3,1009254681
455,135,5,1009255575
455,1958,5,1009255704
455,1368,4,1009256335
455,415,4,1009257042
455,1218,3,1009257849
455,452,5,1009258325
455,226,4,1009258730
455,1388,3,1009259278
455,45,4,1009259417
455,1108,5,1009259490
455,1345,4,1009259825
455,1266,5,1009260809
455,1500,3,1009261746
455,1134,4,1009262491
455,1578,5,1009262726
455,1112,4,1009263510
455,951,3,1009263643
455,1137,3,1009263672
455,948,5,1009264150
455,474,5,1009264738
455,1034,5,1009265256
455,1910,4,1009265556
456,423,5,1009266340
456,837,3,1009267254
456,381,4,1009268177
456,229,4,1009268448
456,561,5,1009268593
456,1686,3,1009269548
456,1409,4,1009269747
456,1108,3,1009270594
456,1232,4,1009271373
456,16,4,1009271742
456,806,5,1009272484
456,1413,3,1009273040
456,1715,5,1009273797
456,1690,5,1009274557
456,584,5,1009275105
456,649,4,1009275438
456,162,5,1009275602
456,1943,4,1009275713
456,1698,5,1009275769
456,1812,4,1009276394
456,415,3,1009276920
456,554,5,1009276999
456,7,5,1009277749
456,390,3,1009278506
456,1788,5,1009278572
456,1225,4,1009279397
456,464,3,1009280350
456,248,4,1009281315
456,1993,5,1009281905
456,1467,5,1009282801
456,1059,4,1009283007
456,1964,4,1009283346
456,1915,3,1009283486
456,1282,3,1009284430
456,1461,3,1009285075
456,1706,4,1009285264
456,1009,4,1009286057
456,1431,5,1009286189
456,693,5,1009286470
456,845,5,1009286607
456,1124,5,1009286973
456,450,5,1009287441
456,1582,4,1009288354
456,1694,5,1009289252
456,1577,4,1009289613
456,1351,3,1009289667
456,1680,4,1009290187
456,653,3,1009290917
457,837,4,1009291080
457,1264,4,1009291382
457,714,4,1009291683
457,1135,4,1009291694
457,201,4,1009292349
457,1821,4,1009293220
457,381,3,1009293894
457,821,4,1009294794
457,423,4,1009295447
457,383,4,1009295922
457,1364,4,1009296777
457,1877,4,1009296882
457,414,5,1009296968
457,1874,5,1009297885
457,1388,4,1009298444
457,1467,4,1009298793
457,890,4,1009298852
457,259,4,1009299693
457,1407,3,1009300126
457,36,4,1009300993
457,1131,5,1009301205
457,1618,3,1009302014
457,883,5,1009302783
457,69,3,1009303653
457,1108,5,1009303684
457,1658,4,1009304425
457,1571,4,1009304818
457,1911,4,1009305714
457,238,5,1009306238
457,1469,3,1009306346
457,1004,4,1009306443
457,1068,5,1009306808
457,1625,3,1009307672
457,1837,4,1009308042
457,1755,5,1009308330
457,840,3,1009308698
457,1394,4,1009309676
457,1492,4,1009309706
457,607,4,1009310069
457,524,4,1009310346
457,1602,4,1009311064
457,1009,4,1009311231
457,441,5,1009311953
457,1749,4,1009312000
457,891,4,1009312168
457,1723,3,1009312724
457,337,5,1009313641
457,1752,5,1009313982
457,725,3,1009314466
457,510,4,1009314914
457,655,4,1009315506
458,1108,4,1009316438
458,404,4,1009317360
458,837,4,1009318200
458,917,5,1009319178
458,739,4,1009319444
458,597,3,1009320398
458,1334,4,1009321387
458,1884,4,1009321510
458,318,4,1009322080
458,1768,4,1009322397
458,1127,4,1009322814
458,25,5,1009323080
458,165,5,1009323371
458,480,4,1009323928
458,1974,4,1009324144
458,1560,5,1009324521
458,1026,4,1009325355
458,1493,3,1009325967
458,682,5,1009326105
458,1557,5,1009326620
458,1918,3,1009327517
458,233,3,1009327942
458,781,4,1009328066
458,1191,4,1009328809
458,1161,5,1009329275
458,989,4,1009329506
458,1643,4,1009329704
458,423,5,1009329881
458,1933,5,1009329934
458,1621,5,1009330348
458,456,5,1009330415
458,110,3,1009330771
458,1467,4,1009330937
458,86,4,1009331672
459,837,5,1009331798
459,1108,5,1009332405
459,504,3,1009332981
459,1056,4,1009333411
459,1524,3,1009334378
459,400,4,1009335202
459,1231,4,1009335916
459,1467,4,1009336018
459,609,4,1009336256
459,201,3,1009336386
459,1521,5,1009336458
459,46,4,1009337282
459,423,3,1009338203
459,1725,5,1009339050
459,222,4,1009339828
459,904,3,1009339875
459,1131,4,1009340281
459,1348,4,1009341201
459,891,5,1009341220
459,1638,4,1009341664
459,696,3,1009342114
459,695,4,1009342459
459,1584,4,1009343123
459,824,3,1009344007
459,1538,5,1009344667
459,36,5,1009345498
459,1523,4,1009345785
459,1082,5,1009345847
459,840,4,1009346709
459,249,5,1009346828
459,1755,5,1009347376
459,99,5,1009347469
459,193,5,1009348087
459,1626,5,1009348689
459,1362,4,1009349662
459,1625,3,1009350468
459,1925,5,1009350617
459,662,4,1009351017
459,1588,4,1009351206
459,83,4,1009351507
459,1824,5,1009351993
459,1274,3,1009352810
459,1780,5,1009353401
459,1121,3,1009353420
459,1262,4,1009354148
459,1859,4,1009354388
459,571,4,1009354920
459,670,4,1009355569
459,1642,3,1009355827
460,192,4,1009356523
460,1403,5,1009356855
460,1362,4,1009357564
460,837,4,1009358239
460,1779,5,1009358829
460,386,3,1009359133
460,1018,3,1009359215
460,1886,4,1009359989
460,1450,5,1009360091
460,686,4,1009360871
460,423,5,1009361472
460,708,4,1009361973
460,1467,4,1009362328
460,1850,3,1009362993
460,791,5,1009363504
460,1108,4,1009364387
460,705,3,1009364693
460,1415,5,1009364998
460,1855,4,1009365458
460,621,5,1009366305
460,1607,5,1009366624
460,1956,3,1009367030
460,736,4,1009367188
460,1827,3,1009367437
460,642,5,1009367874
460,993,4,1009368116
460,1525,4,1009368697
460,743,3,1009369339
460,62,5,1009369628
460,1472,3,1009370365
460,1356,5,1009370426
460,899,5,1009370676
460,1165,4,1009371135
460,645,4,1009371864
460,157,4,1009372762
460,1504,4,1009373671
460,670,3,1009373891
460,1966,4,1009374047
460,1959,3,1009374545
460,571,4,1009374961
460,290,5,1009375052
460,1401,5,1009375346
460,1423,4,1009376007
460,55,5,1009376308
460,976,4,1009376649
460,513,3,1009377171
460,90,4,1009377800
460,729,4,1009378154
460,196,5,1009378873
460,1042,4,1009379782
460,398,5,1009379855
461,837,3,1009380332
461,1388,4,1009380797
461,13,3,1009381093
461,878,4,1009381166
461,1216,5,1009381438
461,1417,3,1009382038
461,423,4,1009383032
461,1355,4,1009383313
461,1494,3,1009384083
461,1577,5,1009384391
461,91,5,1009384424
461,1312,5,1009384659
461,1108,5,1009385383
461,1467,5,1009385599
461,1555,4,1009386227
461,1285,4,1009386860
461,844,4,1009387700
461,1253,5,1009388487
461,474,5,1009389086
461,1821,5,1009389926
461,1242,5,1009389995
461,1162,4,1009390895
461,1138,3,1009391553
461,1336,4,1009391845
461,1337,5,1009392279
461,103,5,1009392532
461,814,5,1009392846
461,1926,4,1009393289
461,1513,5,1009394091
461,401,5,1009394665
461,816,4,1009395204
461,882,4,1009396003
461,1903,5,1009396038
462,837,5,1009396441
462,1108,4,1009396489
462,1467,3,1009397424
462,66,4,1009398395
462,1504,3,1009398436
462,423,3,1009398562
462,1809,4,1009398701
462,999,5,1009398737
462,1547,4,1009398783
462,1223,5,1009399019
462,245,4,1009399880
462,505,5,1009400209
462,76,4,1009400675
462,565,3,1009400997
462,545,5,1009401528
462,272,3,1009401911
462,411,5,1009402239
462,1458,5,1009402734
462,445,5,1009402828
462,444,3,1009403528
462,358,4,1009404268
462,1191,4,1009404783
462,1876,5,1009404813
462,1279,5,1009405672
462,1735,4,1009405888
462,1105,4,1009406149
462,416,4,1009407059
462,1099,4,1009407681
462,1415,4,1009408556
462,107,4,1009409390
462,866,4,1009409806
462,117,5,1009410712
462,812,4,1009411509
462,1096,3,1009411642
462,1389,4,1009411659
462,743,4,1009412598
462,217,4,1009412859
462,955,3,1009412903
462,261,5,1009413566
462,146,4,1009413662
462,1406,5,1009413771
462,1206,5,1009413775
462,1019,5,1009414067
462,347,4,1009414307
462,1810,5,1009415188
462,1679,4,1009415636
462,1651,4,1009416120
462,98,5,1009417087
462,104,4,1009417970
462,920,4,1009418432
462,646,5,1009418585
462,718,4,1009419121
463,744,3,1009420086
463,1108,4,1009420250
463,730,3,1009420687
463,1210,4,1009421211
463,1692,5,1009422078
463,535,3,1009422135
463,837,5,1009422876
463,1008,3,1009423542
463,1630,3,1009423683
463,341,4,1009424312
463,1970,5,1009425156
463,747,3,1009425928
463,894,4,1009426566
463,28,3,1009427405
463,1415,4,1009427517
463,358,5,1009427842
463,748,4,1009427942
463,1172,5,1009428316
463,1714,4,1009428999
463,741,4,1009429487
463,1504,3,1009430046
463,1262,4,1009430294
463,423,4,1009431135
463,332,5,1009431834
463,952,4,1009432092
463,471,4,1009432199
463,1635,4,1009432269
463,1056,3,1009432827
463,745,4,1009433161
464,837,3,1009433694
464,1847,5,1009434234
464,270,4,1009434298
464,425,5,1009434789
464,423,5,1009435432
464,1060,3,1009436070
464,1108,4,1009436419
464,293,4,1009437203
464,923,5,1009437466
464,392,4,1009438342
464,1475,5,1009438846
464,1921,4,1009439817
464,1073,4,1009440354
464,826,4,1009440409
464,1152,3,1009441396
464,902,5,1009441975
464,675,5,1009442244
464,1951,5,1009443049
464,1882,4,1009443743
464,1378,5,1009443925
464,48,4,1009444835
464,855,4,1009445458
464,424,3,1009445483
464,1295,3,1009446145
464,922,4,1009446659
464,947,4,1009447095
464,1854,5,1009447177
464,1803,3,1009447859
464,595,5,1009448214
464,1375,5,1009448688
464,1744,5,1009449336
464,1505,3,1009449827
465,421,5,1009450688
465,837,4,1009450923
465,1467,3,1009451289
465,1562,4,1009451807
465,1108,4,1009452314
465,1046,4,1009453030
465,957,5,1009453623
465,1310,4,1009454211
465,426,4,1009454244
465,1166,3,1009455138
465,734,5,1009455364
465,886,3,1009455442
465,1868,5,1009456232
465,1566,5,1009457025
465,1240,4,1009457334
465,262,3,1009457740
465,80,4,1009458354
465,1619,4,1009458722
465,1308,5,1009459428
465,967,3,1009460047
465,1,5,1009460721
465,218,5,1009461053
465,1290,5,1009461831
465,423,5,1009462670
465,577,5,1009463535
466,1547,5,1009464507
466,954,3,1009464755
466,1544,4,1009464942
466,656,3,1009465116
466,837,4,1009465670
466,352,3,1009466447
466,1685,5,1009466753
466,1213,4,1009467180
466,1108,5,1009468034
466,45,5,1009468775
466,1837,5,1009469061
466,813,5,1009469100
466,1408,4,1009469333
466,638,5,1009469433
466,510,4,1009469930
466,1498,5,1009470353
466,1958,4,1009471271
466,627,3,1009471884
466,1257,4,1009472659
466,414,3,1009472843
466,476,4,1009472906
466,637,5,1009473818
466,345,5,1009473910
466,238,3,1009474694
466,1708,5,1009474699
466,1552,5,1009475535
466,423,4,1009475538
466,328,3,1009476201
466,1131,4,1009476755
466,539,4,1009477494
466,911,5,1009478330
466,1366,5,1009478491
467,1467,4,1009479006
467,1826,4,1009479381
467,299,4,1009479503
467,1224,5,1009480185
467,848,5,1009481040
467,984,4,1009481164
467,1679,4,1009481873
467,137,4,1009482253
467,1108,3,1009482730
467,837,5,1009483532
467,810,3,1009483788
467,132,3,1009484557
467,423,5,1009484948
467,104,4,1009485573
467,794,5,1009485908
467,458,4,1009486126
467,51,4,1009486654
467,798,4,1009487051
467,1585,4,1009488025
467,1832,4,1009488596
467,1910,5,1009489366
467,226,5,1009489992
467,1657,5,1009490150
467,1562,5,1009490269
467,1630,3,1009490883
467,1159,3,1009491578
467,416,4,1009491834
467,1480,5,1009492550
467,787,4,1009493063
467,288,4,1009494062
467,445,5,1009494781
467,1289,3,1009495385
467,235,4,1009495502
467,1352,4,1009496259
467,1878,5,1009497254
467,286,4,1009497942
467,558,5,1009498041
467,700,3,1009498394
467,1138,5,1009498964
467,1271,4,1009499286
467,1903,3,1009499393
467,1939,5,1009499865
467,667,4,1009500737
467,411,5,1009501325
467,465,5,1009502172
467,1177,5,1009502205
467,545,3,1009502981
467,1614,4,1009503673
467,923,4,1009504029
467,5,4,1009504467
467,1569,4,1009504927
467,850,3,1009505159
467,1963,3,1009505640
467,1524,5,1009505892
468,1021,5,1009506479
468,837,4,1009506498
468,677,4,1009507006
468,499,4,1009507261
468,637,4,1009507925
468,1129,5,1009508218
468,1944,4,1009508429
468,1065,4,1009509213
468,1491,5,1009509435
468,1445,4,1009510153
468,1449,5,1009510844
468,1823,3,1009511294
468,687,4,1009511916
468,160,5,1009512843
468,1426,5,1009512893
468,1777,4,1009513479
468,1052,5,1009513532
468,423,4,1009513632
468,116,4,1009514295
468,857,3,1009514746
468,1136,5,1009515041
468,28,4,1009515264
468,1918,5,1009515941
468,1108,5,1009516567
468,1730,5,1009516938
468,1467,5,1009517682
468,1429,5,1009517804
468,1461,4,1009518591
468,1161,3,1009518936
468,1128,4,1009519311
468,1062,4,1009520095
468,1532,4,1009520481
468,1035,4,1009520998
468,328,5,1009521556
468,1084,4,1009521568
468,1357,4,1009522160
468,1192,4,1009522878
468,1317,4,1009523559
468,870,4,1009524465
468,373,3,1009525258
468,1484,4,1009525612
468,81,3,1009526437
468,522,5,1009527383
468,1874,3,1009528204
468,854,5,1009528318
468,733,4,1009529153
468,283,4,1009529782
468,515,5,1009530429
468,741,5,1009530847
468,597,4,1009531821
468,512,4,1009532718
468,1872,5,1009533364
468,1189,4,1009534031
468,119,4,1009534955
468,1625,5,1009535004
468,236,5,1009535074
468,488,5,1009535862
468,415,4,1009536702
468,1482,4,1009536864
468,1264,5,1009537029
469,1691,4,1009537145
469,1108,3,1009537517
469,837,5,1009538165
469,1618,5,1009538253
469,541,5,1009538425
469,1120,4,1009538706
469,177,4,1009539476
469,271,5,1009540110
469,833,4,1009540924
469,423,4,1009541605
469,1797,5,1009541990
469,999,4,1009542045
469,558,5,1009542833
469,511,5,1009543190
469,1467,5,1009543832
469,78,5,1009544341
469,689,4,1009544753
469,852,4,1009544775
469,501,5,1009545438
469,1174,3,1009545545
469,1966,4,1009545661
469,1197,4,1009546180
469,327,4,1009546941
469,1796,5,1009547843
469,1366,5,1009548760
469,1145,3,1009548808
469,593,4,1009548942
469,974,5,1009549800
469,1142,4,1009550697
470,1418,3,1009551609
470,837,5,1009551697
470,342,5,1009552466
470,201,4,1009552481
470,532,5,1009553357
470,39,3,1009554124
470,1887,4,1009554942
470,1411,4,1009554992
470,1461,4,1009555125
470,522,4,1009555975
470,1213,5,1009556342
470,393,3,1009556682
470,1108,4,1009557151
470,1610,4,1009557673
470,1444,4,1009558188
470,1488,5,1009558732
470,30,5,1009558906
470,387,4,1009559357
470,591,5,1009560233
470,48,5,1009560844
470,1777,4,1009561216
470,207,3,1009561358
470,1830,5,1009562035
470,497,5,1009562083
470,220,4,1009563038
470,680,5,1009563728
470,1467,5,1009563893
470,316,5,1009564880
470,1897,4,1009564928
471,171,5,1009565442
471,974,5,1009566243
471,1379,4,1009566505
471,1284,4,1009567018
471,369,5,1009567617
471,648,4,1009568492
471,1869,3,1009568975
471,1983,5,1009569668
471,1895,5,1009570415
471,1704,5,1009571393
471,443,4,1009571912
471,1263,4,1009572431
471,684,4,1009572653
471,837,5,1009573450
471,1317,3,1009574264
471,776,3,1009574400
471,1661,5,1009574862
471,1189,5,1009575150
471,1170,4,1009575254
471,398,5,1009575739
471,423,5,1009576324
471,1108,4,1009576822
471,1114,4,1009577535
471,996,5,1009578120
471,1022,4,1009578321
471,1436,5,1009579094
471,1080,4,1009579816
471,1466,4,1009580518
471,569,4,1009580543
471,1021,4,1009581257
471,181,4,1009581361
471,1056,4,1009582340
471,806,3,1009582566
472,837,4,1009582633
472,1467,5,1009583198
472,1552,4,1009584143
472,81,4,1009584200
472,118,5,1009584256
472,1593,5,1009584476
472,1944,3,1009584912
472,1016,5,1009585519
472,225,5,1009586436
472,1108,4,1009587406
472,1889,4,1009587561
472,690,3,1009588245
472,1945,4,1009588619
472,632,4,1009589490
472,266,5,1009589904
472,868,4,1009590819
472,699,5,1009591308
472,516,4,1009591562
472,840,3,1009591815
472,1602,4,1009592361
472,1186,4,1009593104
472,1903,4,1009593461
472,423,4,1009594370
472,1264,4,1009595211
472,1555,5,1009595707
472,1089,4,1009596589
472,1366,3,1009597189
472,695,5,1009597869
472,1013,4,1009598828
472,328,5,1009599719
472,78,3,1009600123
472,900,3,1009600692
472,1905,5,1009601291
472,1797,5,1009601418
472,1740,4,1009602110
472,751,5,1009602152
472,1476,5,1009602929
472,1828,4,1009603482
472,87,4,1009604329
472,896,5,1009604432
472,762,5,1009604612
472,1642,4,1009605541
473,837,5,1009606023
473,921,5,1009606480
473,423,5,1009607083
473,1108,4,1009607719
473,852,4,1009608348
473,775,5,1009608850
473,643,5,1009609728
473,1779,4,1009610430
473,1206,4,1009611063
473,1579,5,1009611631
473,527,5,1009612150
473,900,5,1009612868
473,1618,3,1009613327
473,22,4,1009613887
473,762,3,1009614376
473,1654,3,1009615024
473,1174,4,1009615343
473,1651,5,1009616210
473,1467,5,1009616553
473,360,5,1009616876
473,1235,4,1009617744
473,79,4,1009618493
473,689,4,1009619251
473,791,4,1009619978
473,213,5,1009620421
473,898,5,1009621371
473,1608,5,1009621867
473,206,5,1009622668
473,1551,3,1009623247
473,286,4,1009624012
473,1267,3,1009624028
473,1827,5,1009624067
473,1956,3,1009624845
473,668,5,1009625767
473,1885,5,1009625850
473,540,4,1009626307
473,1143,4,1009627279
473,462,4,1009627866
473,54,5,1009628108
473,671,4,1009628611
473,896,4,1009628630
473,357,3,1009629118
473,1019,3,1009629898
473,1828,5,1009630112
473,1575,3,1009630236
473,807,5,1009631135
473,836,4,1009631721
473,1691,4,1009632138
473,1094,5,1009633067
473,833,4,1009633536
473,541,4,1009634041
473,1835,3,1009634063
473,983,4,1009634657
473,636,3,1009635614
473,1769,4,1009636512
473,1259,5,1009636992
473,1734,5,1009637282
473,590,4,1009637988
474,837,5,1009638968
474,1921,3,1009639915
474,953,5,1009640067
474,846,5,1009640919
474,1790,3,1009641399
474,1439,4,1009641551
474,547,5,1009642374
474,1286,5,1009642892
474,719,5,1009643498
474,376,5,1009643818
474,1430,4,1009644568
474,418,5,1009644980
474,1612,5,1009645740
474,153,4,1009646617
474,1108,5,1009647527
474,1630,3,1009648014
474,1592,4,1009648287
474,1146,4,1009649159
474,102,3,1009650105
474,188,4,1009650791
474,909,3,1009650885
475,837,3,1009651178
475,229,3,1009651602
475,798,5,1009651890
475,1108,4,1009651892
475,897,5,1009652609
475,1852,3,1009653246
475,283,4,1009653540
475,795,3,1009654413
475,1545,4,1009654771
475,1899,4,1009655496
475,515,4,1009655883
475,1951,5,1009656731
475,423,5,1009657453
475,1424,3,1009657907
475,1986,4,1009657923
475,1964,5,1009658618
475,567,5,1009659081
475,1411,5,1009659681
475,803,4,1009660210
475,1703,5,1009660998
475,1378,4,1009661650
475,490,3,1009661971
475,5,3,1009662187
475,411,5,1009662314
475,674,4,1009662702
475,1074,4,1009663059
475,356,4,1009663919
475,53,3,1009664775
475,463,4,1009665097
475,1124,5,1009665620
475,294,5,1009665998
475,1858,4,1009666853
475,1567,5,1009666989
475,453,5,1009667714
475,276,5,1009668653
475,160,4,1009669607
475,1634,5,1009669884
475,1777,5,1009670597
475,1109,4,1009671431
475,1179,4,1009671872
475,940,5,1009672196
475,1606,3,1009672902
475,1737,4,1009673428
475,669,5,1009673441
475,1809,4,1009674202
475,518,4,1009674815
475,445,4,1009675612
475,1694,5,1009676576
475,1104,5,1009676874
475,104,4,1009677138
476,1199,4,1009677957
476,916,5,1009678315
476,1284,5,1009679106
476,837,4,1009679363
476,1863,4,1009679911
476,423,4,1009680613
476,1736,4,1009680907
476,1918,5,1009681671
476,880,4,1009682238
476,160,3,1009682924
476,1618,4,1009683818
476,333,4,1009684122
476,239,5,1009684247
476,1988,4,1009684718
476,1483,4,1009685545
476,1463,4,1009686311
476,759,4,1009686351
476,1482,5,1009686900
476,224,5,1009686901
476,1568,4,1009686990
476,1081,4,1009687929
476,197,5,1009687953
476,918,4,1009688514
476,1101,5,1009689155
476,863,4,1009689224
476,997,5,1009690000
476,1108,5,1009690593
476,614,5,1009691162
476,1516,4,1009691541
476,688,5,1009691593
476,1185,4,1009692149
476,1853,5,1009692870
476,1141,4,1009692962
476,127,3,1009693569
476,1946,5,1009693867
476,1161,5,1009693960
476,479,4,1009694794
476,923,5,1009695716
476,1049,3,1009695746
476,1639,4,1009695990
476,606,4,1009696705
476,1357,4,1009697149
476,1442,5,1009697606
476,1965,3,1009698269
476,776,5,1009699014
476,512,5,1009699266
476,1895,4,1009699986
476,1502,4,1009700531
476,964,4,1009701225
476,1961,4,1009702053
476,1187,5,1009702221
476,554,5,1009703028
476,1635,5,1009703373
476,205,3,1009704357
476,1532,4,1009705119
476,1646,4,1009705649
476,1732,3,1009706631
476,404,4,1009706799
477,1179,3,1009707317
477,1016,5,1009708301
477,852,4,1009708848
477,98,5,1009709513
477,1056,4,1009710265
477,1108,4,1009710695
477,307,4,1009711317
477,1603,4,1009712097
477,837,4,1009712656
477,954,4,1009713468
477,1183,3,1009714131
477,75,5,1009714437
477,423,4,1009715349
477,1046,5,1009715373
477,459,4,1009716234
477,1778,3,1009716933
477,836,4,1009717418
477,1539,3,1009717976
477,288,4,1009718283
477,1138,4,1009718904
477,1090,5,1009719033
477,217,5,1009719812
477,800,4,1009720491
477,1220,4,1009720970
477,1740,4,1009721532
477,1467,4,1009721771
477,1352,4,1009722380
477,108,3,1009722929
477,1105,3,1009723517
477,1369,5,1009723813
477,1555,5,1009723903
477,1458,4,1009724385
477,689,4,1009724532
477,1159,4,1009725493
477,1591,5,1009726087
477,999,4,1009726958
477,848,4,1009727141
478,837,3,1009727796
478,868,4,1009728697
478,446,4,1009729199
478,1889,3,1009729442
478,1108,4,1009729711
478,1642,4,1009729720
478,266,3,1009729868
478,337,4,1009730296
478,861,5,1009730473
478,1710,4,1009731296
478,423,4,1009731527
478,640,4,1009732079
478,1473,4,1009732895
478,1975,5,1009733667
478,1999,4,1009733864
478,704,5,1009734478
478,1849,4,1009734882
478,1678,5,1009735769
478,456,4,1009736541
478,127,5,1009737470
478,1630,5,1009737728
478,1020,5,1009737808
478,1957,3,1009738405
478,722,5,1009738563
478,763,3,1009739490
478,1237,4,1009739740
478,1618,3,1009740619
479,1108,5,1009740724
479,110,4,1009740757
479,1596,4,1009741316
479,1947,4,1009741988
479,1768,3,1009742047
479,837,5,1009742414
479,1541,3,1009743042
479,1946,4,1009743838
479,771,3,1009744732
479,735,3,1009744742
479,1423,4,1009744826
479,1056,4,1009745411
479,1713,5,1009745681
479,615,3,1009746371
479,1239,5,1009746790
479,1895,5,1009747464
479,1780,5,1009747671
479,1736,4,1009748332
479,1933,5,1009749133
479,658,4,1009749912
479,1636,5,1009750033
479,1357,4,1009751003
479,707,5,1009751867
479,423,4,1009752343
479,652,4,1009753305
479,789,4,1009753790
479,1630,4,1009754464
479,894,4,1009754714
479,1447,5,1009755402
479,1210,5,1009755542
479,350,3,1009756111
479,460,5,1009756601
479,502,5,1009757571
479,1195,4,1009758382
479,37,3,1009758592
479,1128,4,1009758657
479,535,4,1009758713
479,1789,5,1009759158
480,1965,3,1009760116
480,837,4,1009760927
480,730,5,1009761753
480,964,5,1009762194
480,332,4,1009762717
480,1329,4,1009763483
480,921,4,1009764481
480,1943,3,1009765299
480,356,4,1009766181
480,952,5,1009766317
480,1108,5,1009767213
480,1905,4,1009767244
480,1258,5,1009767314
480,1863,5,1009767532
480,1021,5,1009767838
480,1007,4,1009768085
480,295,5,1009768731
480,225,5,1009769669
480,1562,4,1009769966
480,64,4,1009770199
480,1046,4,1009770810
480,1777,4,1009771426
480,239,5,1009771478
480,687,4,1009772401
480,283,5,1009772755
480,1089,5,1009772867
480,751,5,1009773471
480,1635,4,1009773855
480,803,3,1009774726
480,248,4,1009775431
480,423,3,1009775832
480,1467,5,1009776607
480,941,4,1009777445
480,469,4,1009777642
481,1851,4,1009778222
481,1360,4,1009778984
481,837,4,1009779410
481,1498,4,1009780332
481,1911,5,1009781316
481,244,5,1009781674
481,388,4,1009781803
481,906,4,1009782758
481,1004,4,1009783125
481,1347,5,1009783849
481,1216,4,1009784658
481,608,3,1009785548
481,524,3,1009785980
481,779,4,1009786840
481,423,5,1009787137
481,1924,4,1009787584
481,1519,3,1009788533
481,927,4,1009788763
481,692,4,1009789413
481,1993,4,1009789610
481,1382,4,1009790062
481,1200,3,1009790159
481,391,5,1009790501
481,1845,5,1009791054
481,808,4,1009791449
481,45,4,1009791768
481,1097,5,1009791995
481,1184,3,1009792249
482,599,4,1009792671
482,61,4,1009792978
482,837,4,1009793404
482,1672,4,1009793900
482,819,5,1009794540
482,1300,4,1009795142
482,1108,5,1009796135
482,1602,3,1009796790
482,950,5,1009797272
482,956,3,1009797546
482,462,3,1009797883
482,1035,4,1009798584
482,1956,5,1009799308
482,570,5,1009799628
482,1751,5,1009800459
482,951,4,1009800744
482,1749,5,1009800925
482,1530,5,1009801285
482,128,5,1009801528
482,543,4,1009802481
482,328,4,1009803414
482,1794,4,1009803879
482,423,5,1009804828
482,1467,4,1009805464
482,1150,4,1009805635
482,1253,4,1009806322
482,882,4,1009807233
482,364,3,1009807513
482,244,5,1009807840
482,1709,5,1009808309
482,253,3,1009809044
482,246,4,1009809926
482,1316,4,1009809985
482,1272,4,1009810943
482,1142,5,1009811569
482,1723,5,1009812422
482,111,3,1009812867
482,1168,4,1009812934
482,1407,4,1009812984
483,837,5,1009813598
483,224,4,1009814104
483,214,5,1009814869
483,292,4,1009815457
483,1108,4,1009815572
483,152,4,1009816522
483,356,4,1009816772
483,1625,4,1009817630
483,1187,5,1009817862
483,722,4,1009818249
483,676,3,1009818596
483,1292,4,1009818844
483,472,5,1009819238
483,1199,4,1009819524
483,663,5,1009820252
483,606,5,1009821244
483,345,5,1009822032
483,46,3,1009822144
483,640,3,1009823135
483,1136,4,1009823282
483,1101,4,1009824156
483,210,5,1009824806
483,315,5,1009825523
483,880,4,1009826446
483,515,4,1009827213
483,1609,4,1009827811
483,423,5,1009828206
483,329,4,1009828348
483,207,4,1009828686
483,1623,4,1009829066
483,1730,5,1009829880
483,1806,5,1009830048
483,1777,5,1009830363
483,1765,5,1009831109
483,1957,4,1009831586
483,803,4,1009831769
483,1395,4,1009831860
483,127,4,1009832841
483,1749,5,1009833274
483,342,4,1009833334
484,837,5,1009833800
484,415,3,1009834341
484,423,3,1009834403
484,1376,4,1009835325
484,194,4,1009835959
484,805,5,1009836816
484,228,4,1009836881
484,553,3,1009837548
484,502,4,1009837997
484,13,4,1009838654
484,78,4,1009839368
484,1108,4,1009839772
484,1120,4,1009840070
484,1916,5,1009840753
484,683,3,1009841447
484,79,5,1009842001
484,1769,5,1009842476
484,531,4,1009843461
484,971,3,1009844242
484,814,5,1009844585
484,1848,4,1009844854
484,340,3,1009845564
484,750,4,1009846052
484,1346,4,1009846942
484,586,3,1009847573
484,1114,4,1009847731
484,43,4,1009848033
484,1767,4,1009848284
484,1654,5,1009849144
484,221,4,1009849354
485,978,4,1009850090
485,1164,4,1009850520
485,837,4,1009850648
485,606,4,1009850957
485,224,3,1009851447
485,292,4,1009852369
485,23,3,1009852847
485,34,4,1009853133
485,1467,4,1009853993
485,688,4,1009854789
485,863,4,1009855377
485,1615,4,1009856305
485,1599,5,1009856412
485,1399,5,1009856444
485,753,3,1009856737
485,407,5,1009857406
485,237,3,1009857658
485,1490,3,1009858111
485,1049,3,1009858715
485,1772,4,1009858757
485,1434,5,1009859531
485,1782,5,1009860267
485,1202,3,1009861255
485,665,4,1009862067
485,1787,4,1009862461
485,1108,3,1009862511
485,160,4,1009863323
485,1771,5,1009863980
485,1854,4,1009864048
485,682,5,1009864779
485,763,3,1009865205
485,649,4,1009865436
485,165,5,1009866001
485,923,4,1009866412
485,1785,4,1009867095
485,1442,5,1009867350
485,1083,3,1009867458
485,423,5,1009867695
485,254,5,1009867705
485,1502,4,1009868566
485,1893,4,1009868751
485,1702,4,1009869547
485,1892,4,1009870044
485,575,5,1009870166
485,281,3,1009870525
485,1270,4,1009870545
485,1842,4,1009870839
485,318,5,1009871634
485,1412,5,1009871901
485,1232,4,1009872874
485,1491,4,1009873576
485,1012,3,1009874206
485,141,4,1009874703
486,1417,5,1009874848
486,300,3,1009875285
486,1597,4,1009875472
486,438,3,1009875942
486,837,5,1009876928
486,1577,4,1009876979
486,284,5,1009877372
486,1108,5,1009878276
486,151,4,1009878833
486,423,4,1009879513
486,666,5,1009880248
486,1256,4,1009880460
486,632,3,1009881325
486,1650,3,1009881798
486,652,4,1009882585
486,1640,3,1009882690
486,1496,5,1009883265
486,326,4,1009883425
486,29,5,1009883708
486,285,5,1009883754
486,1979,3,1009883870
486,1776,4,1009883913
486,1016,5,1009884602
486,1371,5,1009885315
486,402,4,1009885367
486,22,3,1009885588
486,43,3,1009885977
486,1122,3,1009886261
486,340,4,1009886316
486,1401,3,1009886820
486,1376,3,1009887548
486,1916,4,1009887648
486,1542,4,1009887739
486,1120,4,1009888692
486,673,4,1009888838
487,837,5,1009889486
487,1901,5,1009890246
487,423,4,1009890546
487,1034,5,1009890922
487,1108,4,1009891439
487,1837,4,1009891746
487,149,3,1009891945
487,1323,4,1009892636
487,973,4,1009892662
487,909,4,1009893485
487,907,3,1009894147
487,715,5,1009894767
487,174,5,1009895612
487,1467,5,1009895846
487,897,5,1009896616
487,1056,4,1009897329
487,1429,4,1009897939
487,1530,5,1009898842
487,1211,5,1009899734
487,1693,4,1009899826
487,603,4,1009899992
487,1623,5,1009900879
487,83,5,1009901745
487,1642,5,1009902258
487,567,4,1009903203
488,837,3,1009904096
488,1130,3,1009904751
488,1758,5,1009904924
488,688,5,1009905389
488,649,3,1009906344
488,640,4,1009906774
488,281,4,1009907321
488,1245,4,1009907918
488,1461,4,1009908456
488,1630,5,1009908880
488,415,5,1009909835
488,1618,4,1009910465
488,1537,4,1009910976
488,1876,5,1009911788
488,1292,5,1009911925
488,1712,4,1009912032
488,423,5,1009912540
488,1914,5,1009912635
488,1390,3,1009912885
488,670,5,1009912976
488,1943,3,1009912982
488,1108,4,1009913981
488,55,4,1009914667
488,575,4,1009915641
488,1370,3,1009916630
488,1185,5,1009916883
488,1872,5,1009917128
488,930,4,1009917701
488,1467,4,1009917993
488,229,4,1009918883
488,210,5,1009919862
488,333,4,1009920174
488,1900,5,1009920319
488,1812,4,1009920529
488,717,5,1009920571
488,329,3,1009921076
488,133,4,1009921856
488,899,3,1009922167
488,1964,4,1009922627
488,90,5,1009923206
488,1853,4,1009923387
488,614,4,1009923464
489,837,5,1009923618
489,1031,5,1009924065
489,374,4,1009924647
489,797,4,1009925141
489,125,5,1009926080
489,421,5,1009926145
489,765,5,1009926666
489,32,3,1009926745
489,634,4,1009927570
489,423,4,1009927704
489,732,4,1009928227
489,1891,4,1009928945
489,93,4,1009929762
489,1108,4,1009930462
489,1928,5,1009930959
489,1662,4,1009931240
489,600,4,1009932133
489,1991,3,1009932236
489,1467,4,1009932421
489,770,4,1009932507
489,613,4,1009932697
489,1879,5,1009933215
489,1753,5,1009933247
489,967,4,1009934212
489,1008,3,1009934618
489,263,4,1009934977
489,1817,4,1009934995
489,862,4,1009935225
489,625,3,1009936009
489,962,5,1009936060
489,735,5,1009936923
489,1841,5,1009937542
489,1456,4,1009938493
489,525,5,1009939343
489,872,4,1009940184
489,26,5,1009940796
489,44,3,1009941207
489,905,4,1009941349
489,876,4,1009942026
489,766,5,1009942076
489,563,5,1009942546
489,573,4,1009942983
489,713,5,1009943958
489,1155,4,1009944936
489,1506,4,1009945103
489,802,5,1009945314
490,837,5,1009945486
490,423,3,1009946082
490,1241,5,1009946122
490,1281,5,1009946578
490,1212,5,1009946583
490,934,3,1009947341
490,1239,4,1009947431
490,1490,4,1009948412
490,149,5,1009949399
490,1962,4,1009950389
490,1108,4,1009951090
490,1949,4,1009952048
490,362,4,1009952654
490,408,4,1009953379
490,493,5,1009953774
490,726,5,1009953989
490,1010,4,1009954944
490,924,3,1009954949
490,1839,4,1009955410
490,1656,4,1009955950
490,1439,4,1009956591
490,992,3,1009957110
490,907,5,1009958097
490,963,4,1009958231
490,707,3,1009958918
490,1694,4,1009959898
490,1598,5,1009960752
490,1679,3,1009961478
490,1179,4,1009962187
490,1558,4,1009962768
490,433,5,1009963557
490,912,5,1009964118
490,920,5,1009964494
490,1746,5,1009965033
490,1787,4,1009965866
490,268,4,1009966542
490,1496,5,1009967396
490,415,4,1009967651
490,242,4,1009968482
490,1458,4,1009968574
490,1834,3,1009969470
490,1217,5,1009969675
490,444,4,1009969754
490,347,4,1009970006
490,307,4,1009970217
490,370,3,1009970304
490,1083,4,1009970723
490,1978,4,1009970910
490,1858,4,1009971563
490,186,5,1009971839
490,1455,3,1009972541
490,1467,5,1009972634
490,379,3,1009973070
490,1907,4,1009973545
490,1255,4,1009974420
490,1033,5,1009975286
490,1693,3,1009975601
490,667,3,1009976213
490,1475,3,1009976975
490,1848,5,1009977668
491,1716,4,1009977677
491,580,5,1009977712
491,471,4,1009978370
491,771,4,1009979300
491,837,5,1009980121
491,1714,3,1009980985
491,1108,4,1009981542
491,1147,3,1009982364
491,591,4,1009983331
491,482,5,1009983943
491,140,3,1009984276
491,735,4,1009984493
491,848,4,1009984946
491,1411,4,1009985302
491,1585,4,1009985709
491,944,5,1009986481
491,810,4,1009986768
491,439,4,1009987110
491,35,5,1009987265
491,415,4,1009988164
492,837,5,1009988273
492,710,5,1009988293
492,1340,5,1009988799
492,423,5,1009989782
492,1175,4,1009989999
492,1066,4,1009990274
492,187,4,1009990658
492,738,5,1009991469
492,1951,4,1009992404
492,552,5,1009992669
492,1658,5,1009993495
492,1056,4,1009994473
492,532,5,1009995171
492,653,4,1009995575
492,406,4,1009995724
492,1341,4,1009996711
492,1818,3,1009997654
492,389,4,1009997745
492,1567,5,1009998208
492,1519,4,1009998225
492,1009,5,1009998612
492,661,5,1009999233
492,1665,5,1010000124
492,1108,5,1010000494
492,1182,4,1010000856
492,1488,4,1010001114
492,1492,5,1010001477
492,1595,5,1010001496
492,480,5,1010001562
492,725,4,1010002520
492,1673,4,1010002847
492,1948,3,1010003144
492,845,3,1010003577
492,1919,3,1010003986
492,48,3,1010004422
492,864,4,1010004653
492,274,5,1010005581
492,1993,4,1010006570
492,415,5,1010007219
492,1589,4,1010008181
492,1830,3,1010008759
492,1104,3,1010009061
492,1107,3,1010009267
492,319,5,1010009790
492,291,4,1010010681
492,1411,4,1010011590
492,546,4,1010011832
492,1059,4,1010012432
492,1252,4,1010012987
492,220,4,1010013163
492,384,5,1010014079
492,311,4,1010014245
492,1314,4,1010014776
492,72,5,1010015748
492,1435,3,1010016489
492,463,5,1010017278
492,1064,4,1010017795
492,409,3,1010018562
492,601,4,1010019134
493,196,5,1010019700
493,837,4,1010020602
493,1850,3,1010021076
493,865,5,1010021586
493,1820,4,1010022408
493,1401,4,1010023071
493,139,4,1010023124
493,1676,4,1010024079
493,1841,3,1010024716
493,26,5,1010025169
493,308,4,1010025532
493,234,5,1010026083
493,189,3,1010026981
493,423,5,1010027532
493,856,5,1010027873
493,1165,4,1010028840
493,94,4,1010029246
493,1108,4,1010030054
493,633,3,1010030451
493,327,4,1010031006
493,1239,3,1010031591
494,556,4,1010032170
494,1749,4,1010032426
494,837,5,1010032445
494,461,3,1010032830
494,1108,4,1010033294
494,391,4,1010034182
494,1091,3,1010034356
494,969,5,1010034741
494,1364,5,1010034782
494,1345,4,1010035776
494,1216,4,1010036620
494,423,4,1010037531
494,1725,3,1010037612
494,328,5,1010038040
494,1464,4,1010038848
494,695,5,1010039559
494,1729,4,1010039867
494,1123,5,1010040728
494,1218,4,1010041309
494,497,3,1010042121
494,185,4,1010042452
494,942,5,1010042836
494,655,3,1010043306
494,1467,4,1010043368
494,723,5,1010043891
494,627,3,1010044322
494,1400,3,1010044960
494,572,5,1010045483
494,403,3,1010046247
494,1902,4,1010047176
494,637,4,1010047478
494,1968,4,1010047684
494,706,3,1010047710
494,452,4,1010048428
494,415,5,1010049162
494,1149,5,1010050079
494,624,5,1010050709
494,1552,4,1010051437
494,745,4,1010052059
494,1192,5,1010052703
494,486,4,1010053636
494,949,5,1010053730
494,1304,4,1010053994
494,1957,5,1010054873
494,609,3,1010055695
494,1523,5,1010055917
494,1181,4,1010056438
494,1200,5,1010056552
494,238,4,1010056698
494,475,5,1010057161
494,1454,5,1010057656
494,1507,3,1010058178
494,1253,4,1010058787
494,216,5,1010058981
494,1503,5,1010059218
494,1280,4,1010060027
495,1575,5,1010060651
495,923,3,1010060864
495,1403,3,1010061755
495,911,4,1010062729
495,837,3,1010062934
495,1108,4,1010063554
495,748,5,1010064145
495,1804,4,1010064790
495,133,5,1010065305
495,581,4,1010065549
495,955,3,1010066145
495,632,5,1010066296
495,643,5,1010066835
495,108,5,1010067281
495,1663,4,1010068086
495,423,5,1010068379
495,489,4,1010068644
495,1423,5,1010069400
495,129,4,1010069539
495,830,3,1010070327
495,867,4,1010070494
495,250,4,1010071176
495,705,4,1010071453
495,1798,4,1010072055
495,1618,4,1010072919
495,1886,3,1010072926
495,875,4,1010073616
495,650,4,1010074389
495,79,3,1010075075
495,420,4,1010075256
495,1876,5,1010075747
495,622,3,1010075789
495,221,4,1010075909
495,1415,5,1010075980
495,716,3,1010076181
495,158,5,1010077140
495,1398,3,1010077614
495,1291,5,1010078238
495,1742,4,1010079237
495,1359,3,1010079438
495,15,4,1010079909
495,1583,4,1010080603
495,1094,5,1010080918
495,1529,4,1010081603
495,1467,3,1010082404
495,1984,5,1010083036
495,912,3,1010083080
495,1369,3,1010083161
495,930,5,1010083814
495,290,4,1010084452
495,856,3,1010084813
495,272,4,1010084906
495,621,3,1010085870
495,1656,5,1010086037
495,516,4,1010086165
495,55,3,1010087060
495,926,4,1010087556
495,1366,3,1010088390
495,1654,4,1010089156
495,42,5,1010089733
496,1179,5,1010090654
496,423,4,1010091279
496,837,4,1010091647
496,1467,4,1010092581
496,882,5,1010093340
496,1108,3,1010094278
496,1637,5,1010094929
496,316,4,1010095416
496,1739,4,1010096139
496,924,3,1010096241
496,149,5,1010096713
496,1917,3,1010096762
496,1660,4,1010096843
496,1703,5,1010097444
496,1109,3,1010098241
496,415,5,1010098840
496,45,4,1010098856
496,1939,3,1010098953
496,1273,5,1010099086
496,596,4,1010099447
496,1634,4,1010100181
496,1040,5,1010100721
496,591,4,1010101611
496,1913,5,1010102291
496,253,4,1010103229
496,291,5,1010103644
496,1244,3,1010104025
496,1216,3,1010104445
496,175,3,1010104989
496,306,4,1010105791
496,474,5,1010105851
496,821,5,1010106215
496,1118,5,1010106399
496,1242,5,1010107141
496,1378,5,1010107666
496,111,4,1010108504
496,1076,5,1010108964
496,104,4,1010109790
496,1285,3,1010110021
496,667,3,1010110787
496,963,5,1010111365
496,1606,5,1010111633
496,244,4,1010112109
496,1072,5,1010112574
496,659,4,1010113348
496,31,5,1010113489
496,1073,5,1010113858
496,1539,5,1010114773
496,1220,3,1010114949
496,106,5,1010115802
496,1279,5,1010116783
496,1411,3,1010116802
496,159,4,1010116909
496,810,3,1010117720
496,639,3,1010117780
497,423,5,1010118577
497,837,4,1010119079
497,1902,5,1010119362
497,1583,4,1010120279
497,732,3,1010120803
497,624,4,1010121627
497,1467,4,1010122553
497,1108,4,1010123493
497,1843,3,1010124093
497,96,4,1010124748
497,486,3,1010125422
497,911,5,1010125674
497,818,5,1010126450
497,275,5,1010127084
497,1932,3,1010127290
497,1019,3,1010128102
497,1630,3,1010128928
497,93,5,1010129299
497,494,5,1010129372
497,1708,3,1010129805
497,1688,5,1010130047
497,298,5,1010130993
497,1023,4,1010131223
497,1343,5,1010131716
497,20,3,1010131867
497,35,4,1010132846
497,117,4,1010133767
497,1396,4,1010134015
497,1805,3,1010134793
497,317,3,1010135010
497,958,3,1010135076
497,935,3,1010135102
497,475,4,1010135378
497,451,3,1010135822
497,302,4,1010136591
497,590,3,1010136618
498,423,4,1010136726
498,837,5,1010137386
498,1289,3,1010138175
498,270,3,1010138406
498,500,5,1010139214
498,934,4,1010139616
498,1813,5,1010140041
498,1893,4,1010140126
498,445,4,1010141122
498,1570,3,1010141125
498,225,4,1010141932
498,365,4,1010142833
498,1159,3,1010143742
498,699,4,1010144078
498,1852,3,1010144102
498,227,5,1010144604
498,64,3,1010144799
498,408,4,1010145118
498,361,5,1010145826
498,922,4,1010145863
498,1321,4,1010146566
498,1490,3,1010147525
498,287,4,1010147650
498,1118,3,1010147823
498,1467,5,1010148360
498,1255,4,1010148972
498,1056,5,1010149891
499,837,4,1010150730
499,50,4,1010151589
499,1301,4,1010152257
499,1618,5,1010152869
499,264,3,1010153294
499,1167,5,1010153941
499,1108,4,1010154386
499,1382,3,1010154760
499,1182,4,1010155677
499,423,4,1010155956
499,606,3,1010156653
499,575,4,1010156763
499,1426,3,1010156853
499,1511,5,1010156976
499,704,5,1010157026
499,488,4,1010157745
499,1022,4,1010158492
499,1483,5,1010159236
499,557,5,1010159785
499,1463,4,1010160466
499,880,5,1010160611
499,608,5,1010160878
499,27,4,1010161429
499,528,5,1010161837
499,164,5,1010162559
499,1467,5,1010163319
499,260,5,1010163961
499,1560,4,1010164616
499,127,3,1010165431
499,1992,4,1010165720
499,1988,5,1010166267
499,1935,5,1010166696
500,316,4,1010167373
500,1502,5,1010168316
500,1320,4,1010168501
500,1970,4,1010169435
500,423,5,1010170294
500,1445,4,1010170413
500,837,5,1010171238
500,294,4,1010171672
500,469,4,1010172307
500,1681,4,1010172323
500,941,3,1010172872
500,1501,3,1010173704
500,1618,5,1010174490
500,1862,4,1010174689
500,1515,5,1010175568
500,1378,4,1010176010
500,182,4,1010176874
500,415,5,1010177426
500,1789,5,1010177957
500,1193,4,1010178369
500,776,4,1010178553
500,923,3,1010179548
500,25,5,1010179920
500,160,5,1010180076
500,376,3,1010180765
500,1246,3,1010180843
500,304,5,1010180997
500,947,5,1010181057
500,1021,4,1010181959
500,1467,4,1010182584
500,1108,3,1010182921
500,39,4,1010183066
500,1461,5,1010183738
500,1918,3,1010184443
500,1066,5,1010184959
500,1052,5,1010185230
500,826,3,1010186038
500,892,3,1010186702
500,1073,5,1010187172
500,229,5,1010187181
500,1329,4,1010187648
500,869,4,1010188234
500,1357,4,1010188444
500,1318,4,1010189364
500,1784,4,1010189637
500,665,4,1010189644
500,1884,5,1010189655
500,1309,5,1010190039
500,1161,3,1010190852
500,488,4,1010191112
500,30,4,1010191254
500,1172,4,1010191662
500,1844,4,1010191685
500,1712,3,1010192142
500,224,4,1010192750
500,724,3,1010193049
500,1079,5,1010193426
501,1194,5,1010193544
501,837,3,1010193556
501,1911,5,1010193793
501,261,4,1010194234
501,1282,5,1010194368
501,1156,3,1010194600
501,632,5,1010195519
501,553,3,1010195881
501,1688,4,1010196082
501,1979,4,1010196921
501,1056,3,1010197667
501,521,4,1010198616
501,627,3,1010199161
501,875,4,1010199672
501,383,5,1010200455
501,630,4,1010200987
501,22,5,1010201286
501,1808,3,1010201845
501,415,4,1010202830
501,1618,4,1010202977
501,1498,3,1010203071
501,910,5,1010203389
501,1512,5,1010204281
501,1544,5,1010204980
501,423,4,1010205174
501,366,5,1010205914
501,1417,3,1010206570
501,1729,5,1010207258
501,800,5,1010207660
501,1685,5,1010207885
501,859,3,1010208434
501,1019,5,1010208565
501,1865,5,1010208580
501,1500,4,1010209378
501,1467,5,1010209382
501,968,5,1010210240
501,340,4,1010210444
501,779,4,1010210779
501,929,3,1010210910
501,1414,3,1010211597
502,1272,4,1010212390
502,686,5,1010212724
502,837,4,1010213056
502,1795,4,1010214055
502,1108,3,1010214883
502,1015,4,1010215751
502,1734,5,1010216415
502,790,5,1010217059
502,123,5,1010217525
502,1576,5,1010217546
502,923,4,1010217858
502,447,4,1010217868
502,474,5,1010218831
502,279,4,1010219464
502,1068,5,1010220374
502,55,3,1010221367
502,874,4,1010221777
502,1467,3,1010222505
502,278,4,1010222578
502,88,5,1010223208
502,286,4,1010224154
502,219,3,1010224737
502,1618,4,1010225385
502,1057,4,1010226246
502,926,5,1010227220
502,1200,4,1010227723
502,1085,5,1010227925
502,1866,3,1010228610
502,1347,3,1010228856
502,489,3,1010229248
502,622,4,1010230189
502,1218,5,1010230267
502,786,4,1010231134
502,358,4,1010231283
502,1191,4,1010231769
502,1156,4,1010231974
502,10,4,1010232690
502,664,4,1010233390
502,1362,5,1010233730
502,415,4,1010234579
502,1626,4,1010235420
502,1043,3,1010236136
502,705,3,1010236223
502,1955,3,1010236287
503,837,3,1010236537
503,880,4,1010237259
503,1776,5,1010237608
503,335,5,1010238332
503,1696,4,1010238524
503,970,5,1010239368
503,957,5,1010239546
503,1573,3,1010239819
503,1542,5,1010240207
503,464,4,1010240817
503,423,3,1010241466
503,1580,5,1010242330
503,1412,3,1010242348
503,575,4,1010242768
503,1906,4,1010243240
503,298,4,1010243400
503,1106,3,1010243819
503,483,4,1010243943
503,651,4,1010244416
503,148,4,1010244614
503,413,3,1010244940
503,1108,4,1010245067
503,1950,3,1010245733
503,374,3,1010246502
503,1520,5,1010247095
503,1513,5,1010247984
503,1029,3,1010248018
503,630,3,1010248646
503,1434,4,1010249059
503,263,4,1010249279
503,317,3,1010249904
503,832,5,1010250082
503,82,3,1010250726
503,1290,3,1010250817
503,415,4,1010250895
503,1467,4,1010251453
503,1353,5,1010251589
503,1031,3,1010252054
503,424,5,1010252843
503,1564,4,1010253155
503,1994,4,1010253661
503,886,5,1010254245
503,162,5,1010254915
503,980,3,1010255036
503,561,4,1010255713
503,1351,5,1010255900
503,1882,3,1010256723
503,958,5,1010257321
503,289,4,1010257702
503,440,3,1010258691
503,1003,4,1010258965
503,1006,3,1010259477
503,1187,4,1010260009
503,1786,5,1010260044
503,1803,4,1010260877
503,1337,5,1010261125
503,349,4,1010261958
504,364,5,1010262568
504,146,4,1010262680
504,837,4,1010263453
504,415,4,1010263840
504,1080,4,1010264121
504,1415,5,1010265114
504,423,5,1010265245
504,55,3,1010265410
504,851,4,1010265708
504,1797,5,1010265754
504,1057,4,1010266320
504,192,4,1010266697
504,1056,5,1010267554
504,1354,5,1010267741
504,874,4,1010268388
504,1955,3,1010268527
504,1116,4,1010269526
504,1108,4,1010269991
504,76,5,1010270255
504,360,3,1010270381
504,64,5,1010270954
504,1570,5,1010271118
504,700,5,1010271262
504,1672,4,1010271873
504,88,4,1010272699
504,755,4,1010272846
504,180,3,1010273049
504,1722,3,1010274016
504,1827,4,1010274539
504,1467,5,1010274618
504,195,4,1010275030
504,530,5,1010275711
504,619,4,1010276210
504,1866,3,1010276470
504,1555,4,1010277393
504,866,4,1010278191
504,1018,4,1010278249
504,1538,5,1010278277
504,112,5,1010278334
504,751,4,1010279022
504,95,4,1010279129
504,1826,4,1010279526
504,884,5,1010280206
504,338,3,1010280499
504,1956,3,1010280962
504,1042,4,1010281360
504,1831,5,1010281680
504,327,3,1010282001
505,837,5,1010282641
505,41,5,1010282683
505,1108,4,1010282796
505,370,5,1010283467
505,230,5,1010283693
505,46,5,1010284679
505,1020,4,1010284949
505,1453,4,1010285653
505,637,3,1010286058
505,121,4,1010286247
505,1014,4,1010287066
505,423,3,1010287242
505,168,4,1010288026
505,1949,5,1010288381
505,1910,4,1010288744
505,1874,4,1010288783
505,855,3,1010289736
505,628,3,1010289809
505,1787,3,1010290356
505,415,4,1010290810
505,1548,4,1010291292
505,393,5,1010292275
505,203,4,1010292934
505,1467,5,1010293520
505,1134,4,1010294031
505,922,3,1010294848
505,142,3,1010295209
505,36,4,1010295652
505,889,4,1010295689
505,1288,5,1010295776
505,1748,4,1010296076
505,1255,4,1010297071
505,1030,4,1010298060
505,355,5,1010298846
505,331,4,1010299156
505,1302,4,1010299454
505,753,4,1010299651
505,328,3,1010300498
505,847,3,1010301370
505,1490,4,1010301938
505,178,5,1010301966
505,268,5,1010302712
505,1231,5,1010303634
505,1137,4,1010303853
505,1338,4,1010304152
505,188,5,1010304590
506,1632,5,1010305296
506,1569,4,1010306115
506,1467,4,1010306431
506,1108,5,1010306671
506,1667,5,1010307427
506,1988,5,1010307611
506,423,5,1010307614
506,1648,5,1010308104
506,837,4,1010308505
506,897,3,1010308749
506,301,4,1010308820
506,1483,5,1010309474
506,1975,4,1010310090
506,1352,5,1010310403
506,140,5,1010310976
506,1555,4,1010311100
506,218,5,1010312011
506,1725,3,1010312866
506,1424,4,1010313507
506,880,5,1010313623
506,1570,4,1010314087
506,1287,4,1010314344
506,1013,4,1010314837
506,700,5,1010314852
506,1012,5,1010315132
506,1590,3,1010315313
506,1374,5,1010316043
506,1618,3,1010316344
506,1961,3,1010316501
506,1914,3,1010317094
506,1828,3,1010317374
506,1489,5,1010317716
506,1986,5,1010318000
506,992,5,1010318983
506,338,5,1010319889
506,401,5,1010320129
506,1049,4,1010320718
506,1803,3,1010320823
507,1635,4,1010321557
507,164,4,1010322187
507,837,5,1010323126
507,1467,3,1010323334
507,556,4,1010323516
507,1210,4,1010324430
507,1189,4,1010325273
507,1484,5,1010325880
507,131,4,1010326510
507,1918,3,1010327326
507,1129,5,1010328222
507,672,4,1010328418
507,1967,5,1010329364
507,693,4,1010329979
507,1108,4,1010330593
507,1636,4,1010331195
507,1128,4,1010332071
507,423,4,1010332925
507,397,3,1010333921
507,1100,5,1010334385
507,854,4,1010334585
507,1084,5,1010334628
507,283,3,1010335489
507,1201,4,1010335985
507,1563,4,1010336719
507,1545,3,1010336916
507,975,3,1010337353
507,940,4,1010337767
507,881,5,1010337793
507,1863,4,1010338372
507,1446,4,1010338654
507,789,5,1010339568
507,1461,4,1010340203
507,1141,4,1010340237
507,1193,5,1010340966
507,1812,4,1010341737
507,1261,4,1010342668
507,1784,4,1010342852
507,1124,4,1010343101
507,1550,5,1010343178
507,1115,4,1010343990
507,1173,4,1010344109
507,941,4,1010344281
507,1409,5,1010344710
507,207,4,1010345679
507,1440,5,1010346125
507,1102,4,1010347117
507,1495,3,1010347928
507,30,5,1010348612
507,677,5,1010348905
507,985,4,1010349066
507,282,4,1010349534
507,166,4,1010350282
507,917,4,1010351202
507,905,4,1010351798
508,1606,4,1010352256
508,837,5,1010352742
508,639,4,1010353425
508,1108,5,1010353453
508,1341,4,1010354411
508,631,3,1010355276
508,1657,5,1010355872
508,1511,3,1010355970
508,445,4,1010356682
508,900,3,1010356742
508,423,4,1010357053
508,212,5,1010357860
508,1099,5,1010358367
508,1206,5,1010358757
508,1396,3,1010358951
508,1708,3,1010359503
508,363,4,1010359521
508,692,4,1010360439
508,406,5,1010361274
508,117,5,1010361649
508,1002,4,1010362066
508,1252,5,1010362272
508,1096,5,1010363134
508,1780,5,1010363856
508,43,4,1010364754
508,1209,4,1010365568
508,1558,5,1010366158
508,1074,3,1010366976
508,669,4,1010367854
508,1180,5,1010368359
508,1435,4,1010369235
508,1296,3,1010369713
508,893,4,1010370302
508,831,4,1010371233
508,1618,3,1010371494
508,578,3,1010371916
508,833,5,1010372148
508,1389,5,1010372491
508,897,5,1010372990
508,867,5,1010372995
508,307,3,1010373985
508,1097,5,1010374217
508,1989,4,1010374693
508,1705,4,1010375261
508,1583,3,1010375534
508,1040,4,1010376344
508,1651,4,1010376969
508,1836,5,1010377246
508,533,5,1010377575
508,1061,4,1010378224
508,1778,3,1010378671
508,1938,5,1010379176
508,632,5,1010379648
508,1220,4,1010380266
508,411,4,1010381179
508,1118,5,1010381313
508,108,4,1010381724
508,907,4,1010381892
508,1105,3,1010382711
508,1467,3,1010383280
509,837,4,1010383929
509,741,4,1010384431
509,1595,4,1010384853
509,1970,4,1010385024
509,1108,4,1010385296
509,1690,4,1010385438
509,631,4,1010385479
509,457,4,1010386384
509,738,4,1010386585
509,1119,5,1010387326
509,1277,4,1010387488
509,1373,4,1010387939
509,455,4,1010388552
509,1983,4,1010388656
509,553,4,1010389251
509,1160,3,1010389868
509,1645,4,1010390838
509,1318,4,1010391158
509,339,3,1010392100
509,182,4,1010392941
509,1574,5,1010393099
509,1995,5,1010393285
509,1392,4,1010393645
509,1351,5,1010393916
509,1445,4,1010394760
509,1207,4,1010394906
509,1935,3,1010395268
509,1671,3,1010395517
509,1922,5,1010395704
509,1884,5,1010396036
509,354,5,1010396241
509,1467,4,1010396457
509,423,4,1010396710
509,834,4,1010396828
509,730,4,1010397585
509,569,4,1010397892
509,1906,4,1010398700
509,16,3,1010399199
509,918,5,1010399675
509,941,4,1010400192
509,1222,4,1010400258
509,363,4,1010400800
509,1706,3,1010401722
509,733,3,1010402517
509,1184,5,1010403066
509,13,3,1010403094
509,1301,3,1010403603
509,1518,4,1010404413
509,520,5,1010405270
509,1268,3,1010405814
509,1056,5,1010406073
509,1747,5,1010406723
509,804,5,1010407193
509,1141,4,1010408176
509,1189,4,1010408519
509,319,4,1010408716
510,837,4,1010409035
510,1457,5,1010409955
510,423,4,1010410924
510,933,5,1010411863
510,923,4,1010412139
510,268,4,1010412540
510,318,5,1010412695
510,1391,5,1010413357
510,1467,5,1010413674
510,1728,4,1010414630
510,552,4,1010414827
510,855,3,1010414840
510,422,4,1010415630
510,1488,4,1010416152
510,1897,4,1010416993
510,860,4,1010417864
510,39,4,1010418202
510,425,4,1010418751
510,165,5,1010419103
510,544,3,1010419210
510,892,4,1010419275
510,215,5,1010420256
510,1942,4,1010420644
510,375,4,1010421375
510,1739,3,1010422339
510,1475,3,1010422937
510,1595,4,1010422941
510,506,5,1010423663
510,1919,4,1010423861
510,520,4,1010424160
510,60,4,1010424584
510,396,3,1010425271
510,822,3,1010426123
510,260,4,1010426191
510,1641,3,1010426313
510,1180,5,1010426592
510,1893,4,1010426805
510,1241,5,1010427160
510,1111,4,1010427871
510,256,4,1010428235
510,1913,4,1010428626
510,1341,5,1010428666
510,871,4,1010429627
511,1376,4,1010429753
511,168,4,1010430365
511,968,5,1010431052
511,218,4,1010431266
511,1108,5,1010431884
511,1866,3,1010432017
511,837,4,1010432807
511,719,5,1010433533
511,195,3,1010434524
511,287,5,1010435331
511,630,5,1010435393
511,277,4,1010435582
511,423,5,1010436401
511,144,4,1010437191
511,961,4,1010438183
511,1222,4,1010439171
511,378,3,1010439415
511,1678,3,1010439726
511,755,5,1010439941
511,996,5,1010440583
511,1608,5,1010440625
511,446,5,1010441477
511,1618,4,1010441793
511,1467,5,1010442281
511,921,3,1010443140
511,1057,4,1010443288
511,1119,5,1010444001
511,1615,5,1010444280
511,1326,4,1010445045
511,1711,5,1010445229
511,1680,5,1010446087
511,1831,5,1010446157
511,1747,5,1010446280
511,24,5,1010446590
511,781,4,1010447125
512,1306,4,1010447421
512,1581,3,1010448140
512,837,4,1010448887
512,1245,3,1010449630
512,415,4,1010450289
512,1104,4,1010450980
512,1511,4,1010451079
512,1130,5,1010451514
512,965,5,1010452098
512,532,5,1010452745
512,1108,4,1010453514
512,422,4,1010454450
512,1929,5,1010454662
512,435,5,1010455504
512,1977,4,1010455610
512,1097,3,1010456041
512,933,4,1010456842
512,1182,4,1010457017
512,1076,3,1010457854
512,368,5,1010458095
512,1139,4,1010458201
512,423,5,1010459011
512,631,3,1010459374
512,748,5,1010460288
512,1533,3,1010460417
512,276,4,1010460445
512,1301,4,1010461305
512,1061,4,1010461976
512,1630,5,1010462431
512,1537,5,1010463062
512,1175,5,1010463586
512,1497,4,1010463883
512,42,3,1010464813
512,808,5,1010465711
512,551,4,1010466576
512,1060,5,1010466924
512,871,4,1010467800
512,406,5,1010468489
512,1998,3,1010468546
512,85,4,1010469067
512,1660,3,1010469111
512,1525,4,1010469715
512,146,4,1010470629
512,729,4,1010470859
513,837,5,1010471751
513,1916,5,1010472031
513,1166,5,1010472868
513,423,5,1010473008
513,737,4,1010473559
513,1108,3,1010474170
513,663,4,1010475027
513,426,4,1010475348
513,1861,5,1010476004
513,875,4,1010476867
513,1369,5,1010477742
513,749,5,1010478354
513,1420,4,1010478514
513,265,3,1010479210
513,1452,3,1010479534
513,689,3,1010480489
513,1171,4,1010481161
513,485,5,1010482099
513,896,4,1010483014
513,640,5,1010483400
513,1618,5,1010483987
513,979,5,1010484496
513,1467,5,1010484937
513,1295,4,1010485464
513,1882,3,1010485933
513,547,4,1010486233
513,1566,5,1010486342
513,395,5,1010486976
513,1676,4,1010487487
513,1704,5,1010488106
513,666,5,1010488124
513,292,4,1010488647
513,1651,4,1010489566
513,1144,4,1010490044
513,901,4,1010490290
513,833,3,1010490869
513,198,4,1010491777
513,1270,3,1010491956
513,1032,5,1010492227
513,1934,4,1010492614
514,837,3,1010492801
514,1586,4,1010493065
514,423,3,1010493868
514,1511,5,1010493998
514,1905,4,1010494877
514,563,4,1010494972
514,1108,3,1010495308
514,1437,5,1010496015
514,1868,4,1010496588
514,487,5,1010496678
514,361,5,1010497627
514,96,5,1010498085
514,1352,3,1010499027
514,1467,5,1010499366
514,232,4,1010499885
514,1056,4,1010500755
514,260,3,1010501238
514,466,4,1010501804
514,1296,4,1010502728
514,73,5,1010503714
514,1770,5,1010503761
514,1828,4,1010503866
514,668,4,1010504722
514,20,5,1010505063
514,1476,4,1010505982
514,1845,4,1010506820
514,768,4,1010507534
514,1260,5,1010507857
514,1422,4,1010508103
514,1110,3,1010508359
514,1085,5,1010509205
514,93,5,1010509806
514,1353,5,1010510557
514,1089,4,1010511499
514,701,4,1010512450
514,1031,4,1010513262
514,709,4,1010513915
514,589,4,1010514833
515,1699,3,1010515059
515,1830,4,1010515433
515,837,4,1010515798
515,1425,4,1010516407
515,1536,5,1010516475
515,1108,3,1010516764
515,1737,3,1010517036
515,403,4,1010517042
515,1378,5,1010517890
515,914,4,1010518450
515,871,3,1010518531
515,1817,4,1010519166
515,341,4,1010520160
515,556,4,1010520869
515,1446,4,1010521384
515,1147,3,1010521660
515,1387,4,1010522526
515,1913,5,1010523430
515,1041,4,1010523580
515,1781,4,1010523637
515,729,5,1010524123
515,887,4,1010524268
515,133,4,1010524567
515,1333,3,1010525374
515,930,4,1010526316
515,313,4,1010527163
515,1276,4,1010527245
515,412,5,1010527985
515,1674,4,1010528413
515,42,4,1010529369
515,767,5,1010529979
515,617,4,1010530919
515,1689,5,1010531652
515,1447,4,1010532403
515,425,3,1010533324
515,612,3,1010533589
515,1245,4,1010534516
515,1902,3,1010534570
515,744,4,1010535515
515,1610,4,1010535563
515,1400,5,1010535612
515,1363,5,1010536611
515,423,4,1010536788
516,1431,5,1010536853
516,837,4,1010537714
516,1686,3,1010538285
516,333,4,1010538651
516,30,5,1010538757
516,1467,5,1010539333
516,1392,5,1010539754
516,1955,5,1010540209
516,1386,5,1010540320
516,1057,5,1010541313
516,103,4,1010541409
516,356,4,1010542094
516,1312,5,1010542234
516,453,5,1010542311
516,641,5,1010542630
516,132,4,1010543211
516,1,5,1010543765
516,940,5,1010543802
516,1680,4,1010544123
516,844,3,1010544137
516,224,5,1010545008
516,610,4,1010545030
516,554,4,1010545838
516,1108,5,1010546368
516,1193,3,1010546516
516,4,4,1010546624
516,423,4,1010547468
516,1484,3,1010547981
516,630,5,1010548218
516,1806,5,1010548922
516,801,5,1010549526
516,665,3,1010550475
516,339,4,1010550694
516,366,3,1010551270
517,838,4,1010551691
517,837,3,1010552132
517,1025,5,1010552671
517,200,4,1010552734
517,423,4,1010553224
517,158,4,1010553916
517,1489,4,1010554156
517,793,3,1010554934
517,727,4,1010555293
517,865,5,1010555303
517,749,4,1010555685
517,1108,4,1010556298
517,140,4,1010556416
517,1048,3,1010557246
517,901,4,1010557662
517,1458,4,1010558618
517,1630,5,1010558793
517,1852,5,1010559582
517,509,4,1010559640
517,56,4,1010560045
517,1118,4,1010560330
517,716,3,1010560377
517,812,5,1010561220
517,1720,4,1010561779
518,837,4,1010562584
518,1562,4,1010563523
518,1108,4,1010563654
518,1905,3,1010564386
518,1894,5,1010565246
518,1080,5,1010565898
518,1046,4,1010566676
518,419,5,1010566952
518,681,4,1010566997
518,1143,5,1010567734
518,1908,4,1010567858
518,52,3,1010568687
518,423,3,1010569289
518,275,3,1010569719
518,385,4,1010570166
518,161,4,1010570527
518,91,4,1010570606
518,886,5,1010570826
518,1499,4,1010571150
518,613,4,1010572033
518,398,4,1010572227
518,1994,4,1010572897
518,1138,4,1010573426
518,96,5,1010574229
518,286,3,1010574543
518,972,5,1010575527
518,1352,5,1010576181
518,1293,3,1010576752
518,1828,4,1010577019
518,1057,4,1010577336
518,1006,4,1010577340
518,1618,5,1010578234
518,1487,4,1010578835
518,87,4,1010579707
518,958,5,1010580079
518,775,4,1010580475
518,862,5,1010580930
518,585,4,1010581010
518,415,4,1010581073
518,1093,5,1010581662
518,1467,4,1010582150
518,357,5,1010582277
518,559,5,1010582949
518,1316,3,1010583402
518,1330,5,1010583846
518,137,5,1010584790
518,125,5,1010585351
518,1018,5,1010585607
518,1652,5,1010586360
518,421,4,1010587238
518,1996,4,1010588032
518,1198,3,1010588808
518,1888,4,1010589203
518,796,3,1010589648
518,1029,4,1010589811
518,1410,3,1010590631
518,113,4,1010591390
518,1509,4,1010591608
518,1857,4,1010592587
518,1142,5,1010593550
519,837,4,1010594172
519,1909,4,1010595129
519,428,4,1010596047
519,1217,3,1010596452
519,1408,4,1010597063
519,124,4,1010597252
519,701,4,1010597513
519,1653,4,1010598102
519,1496,5,1010598400
519,1108,4,1010599058
519,423,4,1010599786
519,1145,5,1010600009
519,707,5,1010600978
519,1864,4,1010601950
519,137,4,1010602558
519,1308,3,1010602877
519,1467,3,1010603607
519,1804,4,1010604566
519,1267,4,1010604837
519,882,3,1010605657
519,338,5,1010605798
519,1630,4,1010605879
519,1898,3,1010606554
519,143,4,1010607050
519,923,3,1010607686
519,1903,5,1010608490
519,111,5,1010608811
519,1834,4,1010609682
519,1640,5,1010609936
519,1401,4,1010610883
519,777,5,1010611479
519,711,4,1010612445
519,836,4,1010612955
519,1239,4,1010613185
519,460,4,1010613314
519,723,3,1010614077
519,1866,5,1010614101
519,147,3,1010614188
519,362,4,1010614988
519,87,4,1010615130
519,1123,3,1010615718
519,912,4,1010616657
519,129,5,1010617592
519,807,5,1010618135
519,360,3,1010618984
519,1224,4,1010619963
519,1570,4,1010620347
519,196,4,1010620930
519,1394,5,1010621840
519,779,4,1010622721
519,898,4,1010623171
519,786,4,1010623518
519,1347,3,1010623822
519,1345,5,1010624445
519,1089,3,1010624757
519,415,4,1010625514
519,690,3,1010626054
519,1578,4,1010626543
520,837,3,1010626620
520,167,5,1010627561
520,358,4,1010627592
520,187,5,1010627684
520,1768,5,1010628295
520,622,5,1010629248
520,1108,4,1010630178
520,1130,3,1010630256
520,1952,5,1010630389
520,883,4,1010630712
520,866,5,1010631579
520,874,5,1010632211
520,1064,5,1010633099
520,857,4,1010634096
520,1605,4,1010635059
520,1556,5,1010635562
520,184,4,1010635608
520,1937,5,1010636376
520,1204,4,1010636473
520,498,5,1010636566
520,917,5,1010637110
520,1315,3,1010637138
520,415,4,1010637163
520,1026,3,1010637327
520,423,4,1010637378
520,1056,5,1010638153
520,1274,4,1010638210
520,1560,5,1010638243
520,918,4,1010638723
520,1844,4,1010638795
520,1780,5,1010639118
520,1568,5,1010640067
520,1284,4,1010640277
520,1398,5,1010641044
520,913,3,1010641505
520,1933,4,1010642006
520,241,4,1010642086
520,1635,4,1010642562
520,1754,3,1010643436
520,1247,4,1010643969
520,1727,5,1010644254
520,597,3,1010644633
520,384,5,1010645015
520,661,5,1010645694
520,344,4,1010646250
521,837,4,1010647095
521,47,5,1010647485
521,727,4,1010648072
521,1300,5,1010648783
521,1683,4,1010649230
521,1108,5,1010649237
521,895,3,1010649410
521,423,5,1010650331
521,393,5,1010651277
521,577,5,1010651650
521,560,3,1010652165
521,1659,4,1010652388
521,46,4,1010652988
521,1724,5,1010653611
521,733,3,1010654125
521,25,5,1010655043
521,1131,5,1010655244
521,61,5,1010655405
521,1970,5,1010655675
521,1540,3,1010656486
521,901,4,1010657426
521,1952,4,1010658090
521,555,4,1010659044
521,730,5,1010659570
521,877,4,1010659653
521,323,4,1010660263
521,1357,5,1010660868
521,1128,4,1010661729
521,431,5,1010661827
521,337,4,1010662065
521,234,4,1010662215
521,116,5,1010663119
521,1440,3,1010663964
521,345,4,1010664187
521,797,5,1010665041
521,1784,4,1010665598
521,702,3,1010665994
521,1448,5,1010666781
521,342,4,1010667419
521,1507,4,1010668019
521,946,5,1010668962
521,1887,4,1010669404
521,472,5,1010670228
521,1056,5,1010670852
521,1736,4,1010671589
521,1428,4,1010671680
521,415,4,1010671768
521,163,4,1010672161
521,1181,4,1010672532
521,1191,5,1010673061
521,429,3,1010673723
521,1623,3,1010674558
522,837,3,1010675445
522,99,5,1010675653
522,434,5,1010676150
522,1108,5,1010676663
522,423,4,1010677390
522,453,4,1010678328
522,560,4,1010678663
522,342,5,1010678744
522,1232,3,1010679167
522,903,4,1010680150
522,1056,4,1010680922
522,356,4,1010681125
522,333,4,1010681767
522,1302,4,1010682748
522,1904,3,1010683629
522,959,5,1010684424
522,1490,5,1010684904
522,1300,5,1010685597
522,695,5,1010686317
522,978,5,1010686883
522,1181,4,1010687138
522,726,3,1010687981
522,1623,5,1010688676
522,281,3,1010689047
522,163,4,1010689467
522,839,5,1010690353
522,522,4,1010690888
522,1686,5,1010691290
522,868,5,1010691887
522,1854,5,1010692477
522,1593,3,1010693353
522,1501,4,1010693828
522,1849,5,1010694024
522,1035,4,1010694647
522,1871,5,1010695107
522,877,3,1010695748
522,543,5,1010696198
522,1642,3,1010696674
522,1668,4,1010696955
522,876,5,1010697630
522,1421,5,1010697919
522,1777,5,1010698810
522,53,3,1010699446
522,1599,5,1010699879
522,676,3,1010699904
522,1877,5,1010700657
522,283,4,1010700674
522,1431,5,1010701415
522,295,3,1010701644
522,1790,3,1010702546
522,869,5,1010703122
522,61,3,1010703215
522,1429,3,1010703839
523,884,4,1010704374
523,837,5,1010705321
523,1859,4,1010705420
523,1967,5,1010705874
523,1358,4,1010706776
523,462,4,1010707559
523,1084,4,1010707818
523,1108,3,1010708477
523,1129,4,1010709034
523,1415,4,1010709439
523,990,4,1010710326
523,1876,5,1010710393
523,1780,3,1010711305
523,423,3,1010711879
523,415,4,1010712290
523,1468,3,1010712649
523,1130,4,1010713416
523,1760,5,1010713467
523,224,4,1010713626
523,1219,3,1010714139
523,959,5,1010714621
523,1170,5,1010714853
523,1537,5,1010715721
523,1646,4,1010716254
523,2,5,1010717249
523,1664,4,1010717811
523,1959,3,1010718687
523,1467,5,1010719101
523,333,5,1010719669
524,837,4,1010719897
524,691,4,1010720205
524,570,4,1010720435
524,1911,3,1010720846
524,1108,4,1010721705
524,423,5,1010721980
524,442,4,1010722341
524,664,3,1010723225
524,105,4,1010723530
524,1218,4,1010723896
524,1455,4,1010723982
524,1733,4,1010724594
524,816,5,1010724760
524,1780,5,1010724842
524,445,3,1010725286
524,1285,5,1010726141
524,545,5,1010726168
524,1043,3,1010727071
524,1467,5,1010728019
524,787,4,1010728365
524,1865,4,1010728858
524,348,4,1010729627
524,57,5,1010729799
524,1001,3,1010730182
524,355,5,1010730781
525,837,4,1010731241
525,1892,3,1010731359
525,1618,4,1010731996
525,532,4,1010732596
525,1378,4,1010733418
525,1360,4,1010733650
525,601,5,1010734645
525,473,3,1010734733
525,253,5,1010734955
525,1030,3,1010735301
525,1717,5,1010736228
525,1140,4,1010736680
525,1303,4,1010737409
525,1739,3,1010737601
525,1685,5,1010738252
525,1414,4,1010738851
525,1242,5,1010739673
525,675,4,1010740281
525,1467,4,1010740955
525,1475,5,1010741274
525,1050,3,1010741926
525,753,5,1010741964
525,322,5,1010742133
525,1108,4,1010742606
526,837,3,1010743106
526,187,5,1010743241
526,423,5,1010744144
526,1658,4,1010744393
526,480,3,1010744448
526,831,4,1010745232
526,1110,5,1010745921
526,1480,3,1010746272
526,1928,3,1010746993
526,1589,4,1010747082
526,374,5,1010747204
526,346,4,1010747278
526,1424,4,1010748263
526,1108,4,1010749240
526,732,4,1010749497
526,796,3,1010749585
526,389,4,1010750033
526,1888,4,1010750829
526,1700,4,1010751283
526,1556,4,1010751287
526,1605,5,1010751441
526,1271,5,1010751644
526,416,4,1010752236
526,440,4,1010752909
526,1858,4,1010752920
526,1059,3,1010753500
526,1393,4,1010753624
526,1027,4,1010753844
526,698,4,1010754230
526,1467,4,1010754447
526,1735,4,1010755210
526,445,3,1010755866
526,317,5,1010756860
527,951,4,1010757479
527,423,5,1010758150
527,837,4,1010759118
527,474,5,1010759124
527,321,5,1010760002
527,415,4,1010760051
527,3,3,1010760963
527,1881,4,1010761558
527,1498,4,1010762068
527,564,5,1010762275
527,431,4,1010762479
527,923,5,1010763197
527,764,3,1010763794
527,1108,5,1010763973
527,1693,5,1010764510
527,143,4,1010764534
527,308,4,1010765003
527,140,4,1010765230
527,1821,5,1010765305
527,545,4,1010765495
527,306,5,1010766438
527,1898,4,1010766683
527,533,4,1010766834
527,1795,5,1010767178
527,1969,5,1010767327
527,445,4,1010767452
527,778,3,1010767714
527,1676,5,1010767910
527,793,5,1010768046
527,1858,3,1010768110
527,1539,5,1010768198
527,1591,4,1010769076
527,89,3,1010769976
527,659,5,1010770039
527,1563,5,1010770589
527,244,4,1010771230
527,567,5,1010771685
527,1630,4,1010772487
527,1074,4,1010772686
527,1056,4,1010772776
527,618,5,1010772903
527,185,5,1010773598
527,1720,5,1010774144
527,395,5,1010774232
527,1025,5,1010774552
527,1166,4,1010774767
528,837,5,1010774993
528,336,4,1010775700
528,423,4,1010776175
528,539,4,1010777100
528,458,4,1010777735
528,1108,4,1010778664
528,1414,5,1010779613
528,415,3,1010779642
528,510,5,1010780379
528,376,4,1010780836
528,1958,5,1010781631
528,536,5,1010782412
528,1514,4,1010783175
528,1814,5,1010783255
528,777,5,1010784055
528,1618,4,1010784318
528,1154,4,1010784972
528,473,5,1010785909
528,1339,4,1010786071
528,546,4,1010786481
528,45,3,1010787176
528,1156,3,1010787717
528,1622,5,1010787868
528,1388,5,1010788777
528,638,4,1010789117
528,1512,3,1010789471
528,309,5,1010789802
528,873,4,1010789946
528,570,5,1010790217
528,1221,5,1010790708
528,1209,4,1010791411
528,319,4,1010791577
528,566,5,1010791635
528,106,4,1010792111
528,692,4,1010792758
528,808,5,1010793524
528,998,5,1010793669
528,1995,5,1010794097
528,1465,4,1010795041
528,817,5,1010795382
528,1638,4,1010795432
528,779,5,1010796029
528,772,4,1010796339
528,136,3,1010796563
528,1467,4,1010796828
528,452,3,1010797068
528,504,4,1010797673
528,752,4,1010797822
528,1604,5,1010798064
529,1154,5,1010799023
529,174,4,1010799678
529,1108,4,1010799983
529,837,4,1010800214
529,799,4,1010800472
529,873,5,1010800670
529,447,3,1010800808
529,1347,5,1010801059
529,1795,4,1010801081
529,173,4,1010801864
529,106,4,1010802218
529,1541,5,1010802536
529,607,5,1010802921
529,723,4,1010803300
529,1123,4,1010803665
529,549,4,1010803784
529,193,4,1010803941
529,1685,3,1010804788
529,1041,4,1010805171
529,821,4,1010805560
529,662,5,1010806174
529,510,3,1010807158
529,452,4,1010807236
530,837,3,1010807247
530,943,4,1010807407
530,1108,4,1010808110
530,488,5,1010809108
530,712,4,1010809807
530,423,4,1010809814
530,1999,3,1010810132
530,47,4,1010810970
530,50,4,1010811727
530,1676,4,1010811890
530,606,4,1010812448
530,1508,4,1010812626
530,1049,5,1010813115
530,247,3,1010813424
530,573,4,1010813512
530,210,4,1010814226
530,314,3,1010814546
530,1292,5,1010815220
530,1395,5,1010815308
530,1402,5,1010816141
530,1317,4,1010816515
530,1201,5,1010817455
530,880,4,1010817658
530,1056,4,1010818449
530,189,4,1010818996
530,407,4,1010819558
530,1483,5,1010819821
530,1436,5,1010820443
530,763,5,1010821296
530,1621,5,1010821962
530,1633,4,1010822935
530,1158,4,1010823585
530,1972,3,1010823910
530,615,5,1010824814
530,704,5,1010825203
530,26,5,1010826149
530,350,5,1010826822
530,1648,5,1010827544
530,1334,4,1010827788
530,431,5,1010828415
530,1440,4,1010828486
531,837,4,1010829256
531,385,5,1010829968
531,1982,5,1010830283
531,164,4,1010830825
531,304,4,1010831364
531,1493,3,1010831601
531,1933,4,1010832241
531,52,4,1010832798
531,1900,4,1010833410
531,1310,5,1010834398
531,1754,4,1010835298
531,1686,4,1010835672
531,423,3,1010835951
531,980,5,1010836487
531,1108,5,1010836632
531,1353,4,1010837553
531,1093,4,1010838170
531,1930,4,1010838469
531,1822,5,1010838861
531,1662,4,1010839365
531,1515,4,1010840180
531,1846,4,1010840306
531,694,4,1010840318
531,1199,5,1010841116
531,1190,3,1010841270
531,148,4,1010842157
531,1078,4,1010842718
531,30,5,1010843509
531,1449,4,1010843660
531,1918,4,1010844314
531,828,5,1010844998
531,1853,5,1010845618
531,1768,5,1010845846
531,796,5,1010846332
531,443,4,1010847202
531,740,4,1010848192
531,1823,5,1010848922
531,938,5,1010849865
531,1056,4,1010850482
531,329,3,1010850516
531,491,5,1010850561
531,1863,4,1010851188
531,1812,4,1010852023
531,676,5,1010852240
531,1456,4,1010852765
531,1431,5,1010853562
531,928,3,1010853784
531,1467,3,1010854646
531,1780,3,1010855340
531,1517,4,1010855657
531,1136,5,1010855900
531,1318,4,1010856760
531,1646,5,1010857216
531,1491,4,1010857576
531,1873,5,1010857846
531,119,3,1010857850
531,283,5,1010858706
531,1619,4,1010859507
531,207,4,1010859512
532,837,3,1010860031
532,685,4,1010860201
532,1228,4,1010860572
532,980,3,1010861555
532,1230,3,1010862156
532,1290,4,1010862569
532,792,4,1010863059
532,1782,4,1010863678
532,1238,5,1010864621
532,1721,5,1010865081
532,1298,3,1010865084
532,1481,5,1010865091
532,289,4,1010865260
532,1110,3,1010865488
532,27,5,1010866430
532,525,3,1010866765
532,1412,4,1010867714
532,459,4,1010868162
532,423,3,1010868377
532,415,4,1010869198
532,1049,3,1010869518
532,125,3,1010870370
532,1352,4,1010871083
532,1743,4,1010871738
532,1032,4,1010872022
532,1734,5,1010872544
532,1639,4,1010872743
532,1546,5,1010873125
533,1578,4,1010873843
533,664,3,1010874585
533,837,5,1010874857
533,75,5,1010875324
533,1819,5,1010876291
533,1235,4,1010876293
533,250,5,1010876607
533,1423,5,1010877314
533,929,5,1010877573
533,1401,5,1010877983
533,1364,5,1010878440
533,761,5,1010878766
533,896,5,1010879163
533,1223,4,1010879730
533,1108,4,1010880599
533,447,5,1010881388
533,757,3,1010882042
533,960,4,1010882080
533,666,3,1010882487
533,45,3,1010883276
533,1865,5,1010884092
533,159,5,1010884310
533,1408,5,1010884653
533,19,5,1010884948
533,623,4,1010885843
533,679,3,1010885844
533,1563,4,1010886233
533,642,3,1010886579
533,176,4,1010886863
533,217,3,1010887849
533,1090,3,1010888772
533,906,4,1010889007
533,423,4,1010889428
533,415,4,1010889493
533,1751,5,1010889711
533,1036,3,1010890382
533,1598,3,1010890858
533,790,4,1010891105
533,334,4,1010891576
533,769,5,1010891753
533,3,5,1010892718
533,1729,4,1010893359
534,1780,4,1010893912
534,1352,5,1010894461
534,807,4,1010894471
534,1826,5,1010894566
534,837,4,1010895474
534,1299,4,1010895518
534,1632,3,1010896062
534,1108,5,1010896618
534,563,5,1010897523
534,423,4,1010898383
534,428,5,1010898679
534,770,5,1010899467
534,298,3,1010900351
534,1353,3,1010901167
534,1397,5,1010901533
534,225,5,1010902042
534,1467,4,1010902848
534,589,4,1010902860
534,938,4,1010903412
534,206,5,1010904106
534,784,4,1010904208
534,1,4,1010904908
534,626,4,1010905165
534,796,4,1010905809
534,1159,4,1010906211
534,1709,4,1010906363
534,361,5,1010907170
534,1966,4,1010907689
534,732,5,1010908488
534,1930,3,1010908913
534,263,4,1010908982
534,1894,4,1010908997
534,1908,5,1010909284
534,585,4,1010909920
534,367,5,1010910233
534,1174,3,1010910350
534,204,4,1010910580
534,593,4,1010911285
534,1955,3,1010911716
534,1517,4,1010912461
534,1573,3,1010913067
534,1745,5,1010914008
534,1336,5,1010914136
534,1433,3,1010914784
534,1460,4,1010915735
534,794,4,1010916542
534,145,5,1010916645
534,1186,4,1010917116
534,1576,3,1010917161
534,419,3,1010917298
534,327,4,1010917692
534,1903,4,1010917904
534,191,5,1010918117
535,837,5,1010918992
535,67,4,1010919071
535,1468,5,1010919284
535,1811,5,1010919423
535,40,4,1010919780
535,180,4,1010920716
535,398,5,1010921577
535,1676,4,1010922285
535,1174,4,1010922818
535,1108,4,1010923127
535,760,4,1010923230
535,94,5,1010923920
535,177,3,1010924519
535,679,4,1010925224
535,1467,5,1010926175
535,399,4,1010926279
535,1197,4,1010927085
535,423,4,1010927854
535,323,5,1010927902
535,1379,5,1010928406
535,1080,5,1010928775
535,1018,3,1010929689
535,541,5,1010930573
535,974,4,1010931506
535,47,5,1010931606
535,923,5,1010931820
535,415,4,1010931982
535,1761,5,1010932740
535,9,5,1010933188
535,1441,5,1010933804
535,262,5,1010934720
535,1991,5,1010935091
535,577,4,1010935321
535,1206,5,1010936022
535,1916,4,1010936365
535,1459,5,1010937272
535,681,3,1010937995
536,901,5,1010938794
536,837,5,1010938949
536,474,3,1010939380
536,185,5,1010940154
536,539,4,1010940938
536,1981,5,1010941597
536,1043,3,1010941643
536,1821,5,1010942224
536,1108,4,1010942778
536,512,4,1010943500
536,454,3,1010944306
536,677,4,1010944705
536,1128,3,1010945160
536,198,3,1010945396
536,1140,5,1010945770
536,1063,4,1010945994
536,431,3,1010946820
536,314,5,1010946959
536,1216,4,1010947277
536,1467,3,1010947680
536,423,5,1010947930
537,837,5,1010948658
537,425,3,1010949462
537,1108,5,1010950044
537,1107,5,1010950995
537,423,3,1010951826
537,1905,4,1010952099
537,1951,4,1010953071
537,351,5,1010953852
537,1336,3,1010954563
537,441,4,1010954830
537,1060,5,1010955155
537,927,5,1010955523
537,195,5,1010955543
537,511,4,1010955938
537,1333,4,1010956879
537,1652,4,1010957150
537,417,4,1010957627
537,845,5,1010958282
537,477,4,1010959186
537,1948,5,1010959400
537,1076,3,1010960397
537,1,5,1010961038
537,209,5,1010961674
537,1673,4,1010962276
537,826,3,1010963170
537,1797,4,1010963218
537,1340,4,1010963235
537,1608,4,1010964141
538,837,4,1010965066
538,1108,3,1010965803
538,1960,4,1010966780
538,1026,4,1010967276
538,415,3,1010967290
538,705,5,1010967743
538,1473,5,1010968424
538,1065,5,1010968674
538,1760,4,1010968895
538,845,5,1010969054
538,249,5,1010969359
538,695,4,1010970250
538,423,5,1010970519
538,55,3,1010971198
538,296,5,1010971537
538,1571,4,1010971897
538,927,3,1010972420
538,1204,4,1010972533
538,637,4,1010973390
538,1131,3,1010973907
538,76,4,1010974042
538,46,3,1010974641
538,1780,3,1010974870
538,522,4,1010975821
538,1588,5,1010976475
538,1009,4,1010976673
538,123,5,1010977573
538,100,4,1010978470
538,994,4,1010978650
539,837,4,1010979351
539,1056,4,1010980050
539,423,5,1010980101
539,628,4,1010980525
539,121,5,1010981127
539,829,4,1010981625
539,347,4,1010981653
539,1881,4,1010982508
539,1852,4,1010982773
539,1467,5,1010982871
539,1524,5,1010983241
539,846,4,1010983569
539,924,3,1010984155
539,200,4,1010985005
539,1807,4,1010985187
539,478,5,1010986165
539,1480,4,1010986938
539,1878,5,1010987643
539,587,4,1010987737
539,1939,5,1010988180
539,1539,5,1010988278
539,1416,3,1010988492
539,946,4,1010989016
539,962,5,1010989913
539,1763,5,1010990494
540,815,5,1010991451
540,837,3,1010991540
540,1072,4,1010991978
540,1467,5,1010992504
540,902,5,1010993146
540,1137,4,1010993425
540,1617,5,1010993864
540,992,5,1010994111
540,1963,5,1010994260
540,1108,5,1010995073
540,1606,3,1010995987
540,423,3,1010996007
540,1813,4,1010996568
540,1037,5,1010996738
540,1681,4,1010997532
540,1279,4,1010997563
540,1307,4,1010998310
540,1107,5,1010999177
540,387,4,1010999182
540,415,4,1010999460
540,1424,4,1010999495
540,545,4,1010999578
540,1780,4,1011000297
540,1056,5,1011000653
540,288,3,1011000662
540,1527,4,1011001562
540,1480,5,1011001905
540,1297,3,1011002698
540,1814,5,1011003304
540,1531,5,1011004057
540,1000,4,1011004939
540,1524,4,1011005465
540,889,3,1011005792
540,923,5,1011006005
540,1175,5,1011006230
540,1489,5,1011007113
540,199,5,1011007208
540,965,4,1011007501
540,41,4,1011008172
540,897,5,1011009129
540,121,4,1011009720
540,756,4,1011009799
540,565,3,1011010571
541,837,4,1011011413
541,290,4,1011011822
541,1245,4,1011012080
541,721,3,1011012641
541,1226,3,1011012781
541,929,4,1011013708
541,197,5,1011013811
541,737,4,1011014538
541,423,5,1011015438
541,1249,4,1011015679
541,1467,4,1011015756
541,800,3,1011016501
541,1295,3,1011017042
541,1108,4,1011017569
541,1254,5,1011018417
541,729,4,1011018735
541,606,4,1011019597
541,1916,5,1011019631
541,1362,5,1011019802
541,1139,5,1011019847
541,663,4,1011020784
541,1769,4,1011021464
541,632,4,1011021902
541,811,3,1011022392
541,833,5,1011023117
541,67,3,1011023613
541,866,3,1011023982
542,124,4,1011024020
542,1221,3,1011024424
542,1036,4,1011024892
542,837,4,1011025866
542,605,3,1011025881
542,326,4,1011026236
542,435,5,1011026753
542,1518,4,1011027356
542,423,3,1011027480
542,1563,4,1011027804
542,608,3,1011028374
542,1108,4,1011029219
542,899,4,1011029819
542,62,5,1011030106
542,1705,4,1011031072
542,1839,5,1011031763
542,808,4,1011032706
542,1002,4,1011032710
542,731,3,1011033673
542,123,3,1011034524
542,926,4,1011034623
542,358,4,1011035499
542,1467,4,1011035508
542,155,4,1011035622
542,1249,4,1011035986
542,774,4,1011036656
542,1924,5,1011037644
542,887,4,1011038502
542,750,3,1011039355
542,1276,4,1011040229
542,923,3,1011041077
542,538,5,1011041927
542,1274,3,1011042798
542,1799,5,1011043644
542,1582,3,1011043933
542,1423,4,1011044244
542,546,5,1011044966
542,557,5,1011045270
542,1656,5,1011045913
542,1613,4,1011046339
542,1757,5,1011046683
542,1937,4,1011047008
542,696,4,1011047160
542,1275,3,1011047355
542,1219,4,1011047706
542,604,5,1011047832
542,1191,4,1011048265
542,1985,3,1011048878
542,1919,4,1011049177
542,1111,3,1011049634
542,502,3,1011049815
542,1665,5,1011050577
542,1756,4,1011051274
543,837,4,1011051820
543,1738,5,1011052125
543,736,4,1011052574
543,423,4,1011052695
543,485,5,1011053289
543,1332,4,1011054215
543,606,4,1011054365
543,704,4,1011055199
543,1056,3,1011055309
543,808,4,1011055401
543,654,3,1011055821
543,841,5,1011056319
543,1252,5,1011056562
543,1533,4,1011057140
543,1349,5,1011057259
543,1985,5,1011057443
543,1108,4,1011057647
543,1785,4,1011057859
543,709,4,1011057968
543,1648,3,1011058673
543,1907,3,1011058727
543,415,4,1011059545
543,1803,4,1011060500
543,763,3,1011060809
543,1422,4,1011060932
543,260,4,1011061098
543,642,3,1011061454
543,1370,5,1011061905
543,1054,4,1011062666
543,1401,5,1011063186
544,797,4,1011063662
544,475,4,1011063940
544,943,3,1011064880
544,837,5,1011065505
544,423,5,1011066478
544,570,5,1011067249
544,779,4,1011067659
544,1051,3,1011068235
544,330,5,1011068541
544,1544,5,1011068871
544,1108,5,1011068984
544,447,4,1011069938
544,126,4,1011070797
544,265,3,1011071627
544,1500,4,1011071671
544,1991,5,1011071730
544,536,5,1011072368
544,539,3,1011072677
544,766,4,1011072934
544,742,4,1011073089
545,837,4,1011073134
545,1646,5,1011073653
545,1199,4,1011073741
545,1528,4,1011074609
545,1516,4,1011075207
545,415,5,1011075939
545,1502,4,1011076716
545,1322,5,1011077656
545,1686,4,1011077764
545,205,5,1011078036
545,423,3,1011078432
545,1943,4,1011078719
545,1108,3,1011078875
545,1427,4,1011079237
545,330,4,1011079433
545,308,4,1011079794
545,1704,5,1011080652
545,635,5,1011080816
545,946,3,1011081362
545,1766,4,1011082156
545,829,4,1011082250
545,1425,5,1011082439
545,1762,5,1011083130
545,430,4,1011083247
545,702,4,1011083515
545,1171,4,1011084134
545,760,3,1011084743
546,837,4,1011085370
546,1752,4,1011085418
546,149,5,1011086265
546,1559,5,1011086988
546,1606,5,1011087584
546,1108,4,1011088086
546,1917,5,1011088170
546,1467,4,1011088352
546,388,4,1011088481
546,1162,4,1011089096
546,992,3,1011090095
546,1140,4,1011090174
546,1287,5,1011090630
546,848,5,1011091170
546,1760,4,1011091188
546,175,5,1011091976
546,306,5,1011092907
546,1653,4,1011092949
546,1852,3,1011093379
546,838,5,1011094251
546,1778,4,1011095178
546,1729,4,1011095739
546,114,4,1011096212
546,1200,4,1011096721
546,359,5,1011097201
546,192,3,1011097532
546,423,4,1011097946
546,1139,4,1011098666
546,1719,4,1011098786
546,5,4,1011099437
546,1262,5,1011099587
546,884,4,1011100248
546,1126,3,1011101119
546,1274,3,1011101522
546,1242,5,1011102311
546,1558,4,1011102793
546,245,3,1011103375
546,1588,3,1011103610
546,135,4,1011104347
546,1958,5,1011104974
546,769,5,1011104996
546,607,4,1011105610
546,748,4,1011105768
546,452,4,1011106283
546,1539,4,1011106370
546,1118,5,1011107211
546,454,4,1011107442
546,1455,5,1011108171
546,1315,3,1011108836
546,1096,5,1011109682
547,1702,5,1011109822
547,759,3,1011110571
547,837,3,1011110766
547,1484,4,1011111653
547,429,3,1011112468
547,481,3,1011112771
547,614,4,1011113575
547,907,5,1011114478
547,1813,4,1011115125
547,397,3,1011116082
547,1812,4,1011116761
547,1372,4,1011117361
547,30,5,1011117805
547,1606,4,1011117923
547,149,3,1011118582
547,1108,4,1011118948
547,1694,5,1011119629
547,997,5,1011119644
547,101,4,1011120380
547,1618,4,1011120558
547,1884,5,1011121434
547,1207,5,1011121642
547,776,4,1011122000
547,1115,5,1011122539
547,1736,4,1011122749
547,236,5,1011123377
547,160,4,1011124285
547,1657,3,1011124671
547,423,4,1011124956
547,1440,4,1011125302
547,1823,4,1011126189
547,1871,4,1011127144
547,1591,4,1011127201
547,1424,5,1011127994
547,1084,3,1011128682
547,1172,4,1011129378
547,116,3,1011129751
547,917,5,1011130595
547,1322,3,1011130866
548,837,5,1011131357
548,39,4,1011131704
548,1104,3,1011132305
548,1247,4,1011133116
548,603,4,1011133775
548,405,4,1011134372
548,1467,4,1011135245
548,423,5,1011135876
548,740,4,1011135990
548,1802,5,1011136469
548,1471,5,1011136728
548,429,4,1011137704
548,1631,4,1011138054
548,1340,5,1011138505
548,1739,4,1011138618
548,1981,4,1011139348
548,1942,3,1011140077
548,1920,3,1011140754
548,203,5,1011141407
548,83,3,1011142231
548,492,5,1011142426
548,1553,3,1011143342
548,1108,4,1011143767
548,1768,5,1011143914
548,1411,5,1011144542
548,1158,3,1011145033
548,894,5,1011145096
548,941,4,1011145344
548,1066,5,1011145352
548,892,3,1011145762
548,1774,5,1011145821
548,1833,5,1011146229
548,258,4,1011146254
548,1387,3,1011146621
548,591,3,1011147608
548,1419,4,1011147822
548,542,3,1011147899
548,965,5,1011148887
548,918,3,1011149638
548,1614,3,1011150045
548,824,4,1011150117
548,1814,5,1011150570
548,240,5,1011151101
548,504,4,1011151338
548,506,4,1011151529
548,1191,5,1011152116
548,984,4,1011152159
548,1965,5,1011152767
548,1618,5,1011152924
548,948,4,1011153805
548,1477,4,1011154630
548,291,5,1011155348
548,741,3,1011155579
548,1840,4,1011156211
548,1933,4,1011156932
549,1108,3,1011157417
549,837,4,1011157463
549,1503,4,1011157856
549,742,5,1011158585
549,891,4,1011158993
549,1633,4,1011159988
549,895,4,1011160507
549,1181,4,1011160611
549,1264,4,1011161033
549,1486,4,1011161731
549,588,4,1011161979
549,1467,5,1011162111
549,395,4,1011163009
549,6,4,1011163995
549,835,3,1011164108
549,868,3,1011164409
549,373,3,1011164948
549,399,5,1011165130
549,1240,4,1011165487
549,910,4,1011165999
549,371,4,1011166086
549,1597,3,1011166628
549,314,5,1011167588
549,423,5,1011167923
549,537,5,1011168643
549,547,5,1011168961
549,1680,4,1011169365
549,426,5,1011170130
549,1927,3,1011171024
549,1718,5,1011171310
549,1593,4,1011171499
549,265,5,1011172426
549,1625,3,1011173203
549,181,5,1011173789
549,712,4,1011173899
549,36,4,1011174845
549,1957,4,1011175564
549,630,4,1011175932
549,228,3,1011176032
549,1655,5,1011176361
549,813,5,1011177288
549,1277,4,1011177407
549,1747,4,1011177430
549,464,3,1011178122
549,1069,5,1011178198
549,320,4,1011179043
549,1730,5,1011179422
549,586,3,1011180076
549,962,5,1011180524
549,1530,3,1011181463
549,1837,5,1011182110
549,651,5,1011182172
549,162,5,1011182600
549,1056,5,1011183381
550,423,5,1011183642
550,251,5,1011183688
550,1294,5,1011184390
550,837,5,1011184564
550,1428,4,1011185484
550,1784,5,1011185621
550,1884,5,1011186330
550,1327,5,1011186353
550,116,4,1011187253
550,1933,3,1011187467
550,1744,4,1011188017
550,1329,3,1011188425
550,1108,3,1011188560
550,615,3,1011188641
550,1292,5,1011189114
550,1844,5,1011190037
550,767,4,1011190943
550,595,4,1011191653
550,1997,4,1011192606
550,301,5,1011193452
550,936,5,1011194250
550,1125,5,1011194596
550,542,3,1011194829
550,1113,3,1011195628
550,741,4,1011196179
550,528,5,1011196991
550,1128,4,1011197570
550,164,4,1011198323
550,1467,3,1011199271
550,1531,5,1011199583
550,1975,5,1011199765
550,1737,5,1011200136
550,722,4,1011200805
550,740,5,1011200977
550,1056,4,1011201615
550,130,5,1011202129
551,1785,4,1011202796
551,423,4,1011202860
551,837,5,1011203672
551,1181,5,1011204579
551,1035,4,1011205567
551,1108,4,1011205676
551,1056,5,1011206440
551,36,5,1011207266
551,1081,4,1011207899
551,1463,5,1011208294
551,1222,3,1011208525
551,507,5,1011209020
551,630,4,1011209982
551,1069,5,1011210420
551,609,4,1011211283
551,1755,5,1011212054
551,916,4,1011212943
551,1906,5,1011213740
551,640,4,1011214204
551,1392,5,1011215032
551,1044,5,1011215680
551,1744,5,1011216142
551,925,4,1011216479
551,99,4,1011217272
551,606,3,1011218246
551,849,5,1011218840
551,1507,4,1011218910
551,1467,5,1011219743
551,266,4,1011220611
551,162,5,1011221450
551,400,3,1011222443
551,968,5,1011223336
551,1268,3,1011223674
552,147,5,1011223739
552,1254,4,1011224608
552,423,4,1011225300
552,1665,4,1011225391
552,837,4,1011225820
552,1959,4,1011226107
552,415,4,1011226677
552,619,4,1011226868
552,290,3,1011227194
552,538,4,1011227419
552,1980,3,1011227465
552,1209,4,1011227491
552,830,4,1011227951
552,1212,5,1011228941
552,260,5,1011228942
552,1859,4,1011229338
552,633,4,1011229473
552,716,4,1011230455
552,1056,5,1011231409
552,1108,5,1011231758
552,1176,3,1011232381
552,825,5,1011232655
552,1954,3,1011233637
552,460,4,1011234345
552,1876,5,1011235308
552,341,3,1011236066
552,1349,3,1011236208
552,899,5,1011236325
552,1770,4,1011236339
552,552,4,1011237269
552,33,4,1011237625
552,208,5,1011238185
552,658,5,1011238735
552,368,5,1011239405
552,1256,5,1011240115
552,605,5,1011240281
552,155,4,1011240815
552,1398,4,1011240997
552,313,4,1011241461
552,487,4,1011242319
552,1249,4,1011243044
552,1976,3,1011243645
552,1618,4,1011243657
552,1363,5,1011243703
552,621,4,1011244175
552,1283,4,1011244991
552,1595,5,1011245653
552,353,3,1011246177
552,1935,4,1011246881
552,1607,4,1011246947
552,1274,4,1011247610
552,1002,4,1011248159
552,1496,4,1011248828
553,665,3,1011249491
553,837,4,1011249565
553,1436,4,1011249850
553,1912,3,1011250480
553,1115,4,1011251413
553,332,4,1011252245
553,469,3,1011252792
553,1007,5,1011252855
553,1108,4,1011253346
553,1822,5,1011253553
553,733,5,1011253628
553,1806,5,1011254343
553,423,5,1011254900
553,1320,4,1011255165
553,1329,4,1011255339
553,1501,5,1011255414
553,1490,4,1011256118
553,365,3,1011256885
553,224,5,1011256909
553,620,3,1011257494
553,30,5,1011258057
553,934,4,1011258484
553,1846,5,1011259114
553,1853,5,1011259836
553,1952,4,1011260129
553,1774,5,1011260626
553,913,4,1011261183
553,1129,4,1011261425
553,1683,5,1011261988
553,1967,5,1011262620
553,63,5,1011263422
553,759,4,1011263522
553,629,4,1011263860
553,1022,5,1011264232
553,370,4,1011264752
553,693,4,1011264799
553,1334,3,1011265167
553,1641,4,1011266087
553,1921,4,1011266625
553,542,4,1011267079
553,1953,4,1011267943
553,675,5,1011268433
553,1870,5,1011269113
553,1516,4,1011269134
553,917,3,1011269330
553,1949,5,1011269371
553,1618,4,1011269404
553,1431,4,1011270341
554,733,5,1011270608
554,124,3,1011271050
554,1108,5,1011271905
554,1807,4,1011271972
554,423,3,1011272352
554,837,4,1011273265
554,669,5,1011274242
554,182,5,1011274677
554,1291,5,1011274738
554,411,4,1011275405
554,1445,4,1011275666
554,531,4,1011275992
554,1965,5,1011276203
554,1852,5,1011276264
554,307,5,1011276976
554,642,5,1011277752
554,1836,5,1011278135
554,334,5,1011279002
554,208,5,1011279454
554,1809,5,1011280077
554,1305,3,1011280820
554,158,3,1011281115
554,1467,3,1011281386
554,920,4,1011282116
554,404,4,1011282893
554,856,3,1011283621
554,250,5,1011284058
554,416,3,1011284878
554,1371,4,1011285723
554,963,4,1011286357
554,795,4,1011286955
554,991,3,1011287206
554,350,5,1011287375
554,1798,4,1011287673
554,750,4,1011288165
554,1372,5,1011288733
554,1895,4,1011289391
554,288,4,1011289824
554,1384,3,1011290512
554,15,5,1011291349
554,1901,5,1011292168
554,740,5,1011292933
554,639,4,1011293309
554,659,4,1011293532
554,1976,5,1011293830
554,650,3,1011294169
554,1815,4,1011294418
555,837,4,1011295010
555,568,4,1011295088
555,749,3,1011295807
555,618,5,1011295934
555,1464,3,1011296401
555,1188,5,1011296552
555,26,5,1011297416
555,35,4,1011297706
555,1450,4,1011297938
555,153,5,1011298900
555,1108,4,1011299299
555,1934,3,1011300264
555,17,5,1011300344
555,1263,4,1011300793
555,1664,4,1011301192
555,423,3,1011302027
555,1467,4,1011302308
555,697,4,1011302529
555,1534,4,1011302886
555,65,3,1011303198
555,200,5,1011303285
555,330,5,1011303807
555,600,5,1011304392
555,1843,4,1011304668
555,1762,5,1011305358
555,1796,3,1011306242
555,482,4,1011306274
555,797,5,1011306541
555,305,4,1011307408
555,80,3,1011307487
555,974,5,1011308234
555,191,5,1011309176
555,1869,5,1011310036
555,494,4,1011310896
555,829,3,1011311649
555,1448,4,1011312172
555,745,5,1011312784
555,1170,3,1011312889
555,412,5,1011313177
555,949,5,1011314036
555,1932,5,1011314875
555,1612,4,1011314903
555,672,5,1011315870
555,1801,3,1011316066
555,1725,5,1011316170
555,540,4,1011317045
555,1857,5,1011317707
555,943,5,1011318130
555,1850,4,1011318846
555,1041,4,1011318879
555,198,5,1011319530
555,280,4,1011320386
555,962,4,1011320990
555,56,4,1011321103
555,1563,5,1011321893
555,612,5,1011322316
555,95,5,1011323110
556,837,3,1011323520
556,1108,4,1011323882
556,423,4,1011324678
556,951,4,1011325213
556,375,3,1011326185
556,274,4,1011326816
556,1462,5,1011327610
556,1218,4,1011328241
556,1926,5,1011328393
556,1898,4,1011328908
556,1990,4,1011329338
556,114,5,1011330197
556,552,4,1011330725
556,576,3,1011330837
556,608,4,1011331757
556,1685,5,1011332722
556,564,4,1011333719
556,1929,3,1011334651
556,289,4,1011335603
556,1394,5,1011335909
556,1054,4,1011336812
556,368,5,1011337633
556,1200,5,1011338610
556,783,3,1011339300
556,210,5,1011339884
556,1370,4,1011340674
556,538,3,1011341498
556,1500,4,1011341963
556,1785,3,1011342844
556,546,5,1011342894
556,688,4,1011343388
556,143,5,1011343390
556,1061,4,1011344101
556,1653,3,1011344541
556,312,4,1011345233
556,422,4,1011346104
556,1467,4,1011346993
556,1341,5,1011347780
556,479,4,1011347884
556,424,4,1011348289
556,216,4,1011348870
556,45,5,1011349228
556,916,4,1011349397
556,309,3,1011349631
556,640,4,1011350028
556,1751,5,1011350373
557,866,5,1011350460
557,272,4,1011350780
557,1630,4,1011351415
557,1270,4,1011352141
557,423,5,1011352830
557,837,5,1011352847
557,1845,3,1011353499
557,363,3,1011354272
557,466,4,1011354824
557,1209,4,1011355016
557,1618,3,1011355808
557,1995,3,1011356601
557,670,4,1011357493
557,1588,4,1011357911
557,1595,3,1011358386
557,763,3,1011358566
557,55,3,1011358820
557,708,5,1011359222
557,1056,3,1011359349
557,1988,4,1011359874
558,1467,4,1011360207
558,423,3,1011360334
558,270,4,1011360995
558,837,4,1011361079
558,418,5,1011362026
558,1191,3,1011362435
558,797,3,1011362515
558,1462,3,1011363336
558,1882,4,1011364037
558,1405,3,1011364895
558,1402,5,1011365146
558,1999,5,1011365266
558,781,5,1011365810
558,1108,3,1011366428
558,49,4,1011366751
558,1048,3,1011367466
558,197,4,1011367814
558,26,4,1011368545
558,1875,5,1011369207
558,760,5,1011369459
558,169,3,1011369528
558,1785,4,1011369615
558,378,3,1011370306
558,165,5,1011371185
558,200,5,1011371207
558,1044,5,1011371999
558,544,5,1011372369
558,1728,4,1011372657
558,1056,4,1011372747
558,528,4,1011373065
558,1187,5,1011373281
558,1904,4,1011374042
558,1758,4,1011374737
558,301,5,1011375143
558,1772,5,1011375556
558,713,3,1011375846
558,734,3,1011376282
558,1014,5,1011376506
558,1618,4,1011377301
559,1014,4,1011378115
559,1710,4,1011378891
559,273,4,1011379692
559,837,4,1011379751
559,1268,3,1011380211
559,1108,5,1011380834
559,939,5,1011381364
559,1615,4,1011381651
559,1790,5,1011382107
559,1978,4,1011382839
559,984,4,1011383590
559,948,5,1011384034
559,1339,4,1011384596
559,1037,4,1011385482
559,544,4,1011385783
559,392,3,1011386086
559,1269,5,1011387060
559,355,4,1011387700
559,998,3,1011387925
559,162,4,1011388427
559,1618,3,1011389148
559,1056,3,1011389473
559,1323,5,1011390007
559,561,4,1011390434
559,1787,4,1011390442
559,423,4,1011390610
559,179,5,1011391428
559,141,4,1011391733
559,318,5,1011392566
559,1404,5,1011393381
559,369,5,1011393583
559,228,4,1011393875
559,1303,3,1011394257
559,1695,3,1011394439
559,70,4,1011394999
559,1033,5,1011395464
559,378,4,1011395760
559,1816,5,1011396433
559,849,4,1011396938
559,1355,5,1011397921
559,860,4,1011398688
559,1641,3,1011399432
559,1000,5,1011400389
559,1893,3,1011401087
559,684,4,1011401237
559,1467,4,1011402152
559,188,4,1011402720
559,340,3,1011403273
560,837,4,1011403467
560,764,3,1011404138
560,1589,5,1011404375
560,104,5,1011404385
560,1118,4,1011404611
560,299,3,1011404998
560,1026,3,1011405247
560,749,3,1011406024
560,543,4,1011406771
560,895,4,1011407710
560,384,3,1011408176
560,411,5,1011408621
560,1993,4,1011409343
560,1901,4,1011410246
560,1625,4,1011410934
560,1539,5,1011411783
560,51,5,1011412031
560,178,5,1011412888
560,1837,5,1011413123
560,1418,5,1011414082
560,423,4,1011414241
560,233,5,1011414670
560,1108,4,1011414837
560,222,5,1011414977
560,533,4,1011415806
560,1059,3,1011416163
560,1623,5,1011416662
560,1606,4,1011416703
560,1064,3,1011417001
560,1467,4,1011417291
560,1874,4,1011417334
560,831,4,1011417860
560,306,4,1011418503
560,307,3,1011419490
560,739,3,1011420238
560,259,4,1011420992
560,1775,5,1011421340
560,1565,3,1011421679
560,1974,4,1011422622
560,813,4,1011423200
560,1618,4,1011423568
560,1503,5,1011424049
561,345,5,1011424343
561,423,5,1011424793
561,837,4,1011425294
561,1359,4,1011426060
561,1968,4,1011426838
561,163,5,1011426885
561,707,4,1011427687
561,19,5,1011428479
561,1257,3,1011428813
561,1108,4,1011429158
561,393,5,1011429171
561,388,5,1011430163
561,10,5,1011430228
561,249,4,1011430834
561,1324,5,1011431069
561,1131,4,1011431505
561,777,4,1011432165
561,1056,5,1011432863
561,472,5,1011433119
561,285,3,1011434061
561,1593,5,1011434671
561,1729,5,1011434935
561,1596,4,1011435573
561,1251,3,1011435826
561,152,4,1011436325
561,1887,4,1011437153
561,1800,3,1011437624
561,1602,5,1011437764
561,1408,4,1011438282
561,991,3,1011439013
561,839,5,1011439746
561,1195,4,1011440382
561,890,5,1011440403
561,786,4,1011441069
561,1213,4,1011441500
561,1821,3,1011442312
561,415,5,1011443154
561,250,3,1011444007
561,310,5,1011444356
562,1108,4,1011445005
562,837,4,1011445266
562,423,4,1011446082
562,1512,4,1011446727
562,1752,4,1011447198
562,111,4,1011447781
562,1034,5,1011448730
562,405,4,1011449503
562,1043,3,1011449838
562,691,5,1011450280
562,1880,4,1011450864
562,1017,4,1011451259
562,715,5,1011452109
562,790,4,1011452748
562,463,4,1011453244
562,1614,5,1011453533
562,1414,4,1011454254
562,904,5,1011454674
562,1121,5,1011455337
562,680,5,1011455553
562,415,3,1011455774
562,1544,5,1011455872
562,1833,3,1011456007
562,230,5,1011456324
562,1498,5,1011457152
562,1327,5,1011457244
562,572,5,1011457805
562,656,4,1011458406
562,539,5,1011459148
562,60,3,1011459826
562,256,5,1011460305
562,1920,4,1011460640
562,1411,4,1011461054
562,1618,5,1011461264
562,1345,4,1011462259
562,944,4,1011462274
562,1653,4,1011462987
562,628,4,1011463982
562,518,5,1011464123
562,532,5,1011464979
562,777,4,1011465434
562,1470,5,1011466303
562,235,4,1011466305
562,1073,3,1011466451
562,1196,4,1011466713
562,1821,4,1011466819
562,824,4,1011467716
562,984,5,1011468601
562,1360,5,1011468653
562,348,4,1011469252
562,878,3,1011469630
562,83,4,1011470201
562,0,3,1011471121
563,837,3,1011471218
563,1467,5,1011471672
563,1021,5,1011472590
563,1509,5,1011473586
563,1258,3,1011474451
563,824,4,1011474662
563,154,5,1011475450
563,73,5,1011476059
563,614,4,1011476924
563,1393,4,1011476971
563,625,5,1011477188
563,846,5,1011477451
563,423,3,1011477996
563,258,4,1011478594
563,30,4,1011479395
563,1863,5,1011480335
563,145,4,1011480911
563,863,4,1011481389
563,20,5,1011482272
563,1338,4,1011483115
563,928,5,1011484048
563,1899,5,1011485005
563,1745,3,1011485874
563,1871,3,1011486818
563,267,4,1011487433
563,1108,5,1011487553
563,685,4,1011487872
563,1449,4,1011487924
563,1614,4,1011488621
563,525,4,1011489230
563,1510,3,1011489905
563,188,3,1011489928
563,1888,5,1011490583
563,999,4,1011491071
563,1430,3,1011491539
563,1930,4,1011492257
563,886,4,1011492273
563,629,5,1011492477
563,662,4,1011493279
564,839,4,1011493917
564,385,4,1011494826
564,1181,3,1011495423
564,159,5,1011495476
564,837,4,1011495670
564,1407,5,1011496045
564,81,3,1011496231
564,1749,5,1011496703
564,813,5,1011497626
564,1069,4,1011498354
564,1928,3,1011498859
564,1467,4,1011499024
564,1011,4,1011499957
564,1894,3,1011500860
564,175,5,1011500933
564,1994,4,1011501637
564,1108,4,1011502073
564,1896,5,1011502898
564,423,4,1011503857
564,1486,4,1011504318
564,20,5,1011505272
564,1996,4,1011505520
564,238,4,1011505680
564,371,4,1011506636
564,393,5,1011506815
564,1619,4,1011507774
564,1408,5,1011508013
564,447,5,1011508619
564,1563,5,1011509208
564,1135,5,1011509776
564,625,5,1011509997
564,1618,3,1011510262
564,1006,4,1011511215
564,873,4,1011511273
564,44,4,1011511280
564,1601,4,1011511745
564,536,5,1011512332
564,564,3,1011512739
564,1623,4,1011513698
564,148,5,1011513999
564,1887,4,1011514194
564,655,4,1011515086
564,1388,5,1011515398
564,723,4,1011516014
564,534,4,1011516766
564,337,5,1011516929
564,1911,3,1011517886
564,263,3,1011518670
564,1865,4,1011519179
564,1110,3,1011519641
564,1313,4,1011520584
564,1552,4,1011520996
564,96,3,1011521499
564,1926,4,1011521521
564,1498,4,1011521792
564,1546,5,1011522756
565,953,5,1011523749
565,867,4,1011523874
565,539,5,1011524834
565,1467,3,1011525796
565,1015,4,1011526317
565,638,5,1011526393
565,1529,5,1011527364
565,1068,4,1011527932
565,1547,4,1011528360
565,10,4,1011528655
565,837,4,1011529481
565,415,5,1011530305
565,1345,4,1011531204
565,423,4,1011531507
565,1364,4,1011531897
565,45,3,1011532199
565,948,4,1011532474
565,1067,3,1011533072
565,478,5,1011533213
565,536,5,1011534182
565,188,5,1011534842
565,1685,4,1011534939
565,105,4,1011535669
566,918,4,1011535768
566,1322,4,1011536257
566,837,4,1011536347
566,1528,3,1011536805
566,1846,5,1011537399
566,1320,4,1011537960
566,1041,4,1011538488
566,1461,5,1011538860
566,1153,4,1011539800
566,1516,3,1011539899
566,1482,5,1011540721
566,1844,4,1011541368
566,1125,4,1011541929
566,229,4,1011542320
566,1467,5,1011543214
566,119,4,1011543673
566,1053,3,1011543799
566,1618,3,1011544300
566,1136,5,1011544425
566,1692,3,1011545285
566,1754,5,1011545386
566,1108,5,1011546265
566,1932,4,1011546463
566,237,5,1011546927
566,423,4,1011547318
566,694,4,1011547672
566,1155,5,1011548543
566,1943,5,1011549449
566,488,5,1011549762
566,744,5,1011550072
566,535,4,1011550967
566,1051,4,1011551805
566,612,4,1011551890
566,453,4,1011552733
566,1331,5,1011552981
566,430,3,1011553433
566,1149,5,1011553624
566,164,4,1011554039
566,1454,5,1011554434
566,23,4,1011554828
566,1425,4,1011555629
566,356,5,1011556192
566,1445,5,1011556374
566,224,5,1011556459
566,706,3,1011556959
566,1447,4,1011557090
567,1931,4,1011557898
567,752,4,1011558846
567,1108,4,1011559008
567,837,4,1011559665
567,156,5,1011560366
567,383,3,1011561139
567,1926,5,1011561191
567,1388,5,1011561916
567,1347,5,1011562233
567,367,5,1011562464
567,35,5,1011562819
567,423,4,1011562999
567,1894,4,1011563723
567,1155,3,1011564669
567,1345,4,1011564884
567,134,5,1011565591
567,1285,3,1011566076
567,1946,3,1011566375
567,882,3,1011567249
567,1674,5,1011567726
567,1795,4,1011568222
567,1068,5,1011568727
567,570,4,1011568742
567,1242,5,1011569396
567,766,3,1011570327
567,1751,4,1011570920
567,1126,5,1011571720
567,783,5,1011571972
567,82,4,1011572181
567,1619,4,1011572774
567,1890,5,1011573597
567,1888,4,1011574251
567,1233,5,1011574410
567,564,5,1011574761
567,1701,4,1011575506
567,415,5,1011575570
567,1470,3,1011575784
567,1714,4,1011576538
567,1786,4,1011576869
567,1095,3,1011577057
567,1873,3,1011577669
567,96,5,1011577933
567,97,4,1011578092
567,1500,3,1011578272
567,1996,3,1011578849
567,336,3,1011578977
567,779,4,1011579253
567,1930,4,1011579782
567,1713,4,1011580118
567,828,5,1011581051
567,1725,4,1011581599
567,931,3,1011582109
567,732,5,1011582805
568,1647,5,1011582981
568,781,4,1011583147
568,837,3,1011583167
568,1885,5,1011583556
568,1978,3,1011584203
568,1377,3,1011584592
568,1677,5,1011585086
568,1536,5,1011585893
568,1024,4,1011586012
568,1013,5,1011586494
568,1375,4,1011586679
568,1748,5,1011587351
568,1108,5,1011587838
568,1336,4,1011588243
568,1303,4,1011589052
568,785,4,1011589750
568,195,4,1011590277
568,1870,4,1011590454
568,1224,5,1011590591
568,1177,4,1011590965
568,1826,4,1011591242
568,459,5,1011591281
568,1790,3,1011591891
568,994,5,1011592314
568,699,5,1011593093
568,24,5,1011593486
568,717,5,1011593586
568,423,5,1011594277
568,1467,4,1011595182
568,11,3,1011595217
568,1406,3,1011595634
568,88,5,1011596054
568,91,3,1011597001
568,903,4,1011597301
568,1904,4,1011597756
568,290,5,1011598615
568,558,4,1011599509
568,1356,3,1011600060
568,1760,5,1011600874
568,921,4,1011601667
568,922,4,1011601718
568,592,3,1011602392
568,700,4,1011602455
568,272,4,1011603369
568,225,4,1011603844
568,1453,3,1011604284
568,898,4,1011604454
568,1562,5,1011604830
568,1298,4,1011605051
568,1,4,1011605163
568,926,3,1011605354
568,1071,5,1011606106
568,270,3,1011606148
568,1903,4,1011606267
568,1588,4,1011606879
568,1787,4,1011607223
568,1228,4,1011607381
568,1643,4,1011607397
568,341,4,1011607985
568,1695,3,1011608348
569,80,5,1011608692
569,837,5,1011609027
569,1655,5,1011609578
569,547,3,1011610337
569,308,4,1011610929
569,1933,5,1011611776
569,50,5,1011612107
569,894,4,1011612180
569,727,5,1011612608
569,1320,4,1011612721
569,1495,4,1011613486
569,568,5,1011614034
569,1006,4,1011614260
569,150,4,1011615050
569,938,4,1011615132
569,423,4,1011616050
569,116,5,1011616563
569,742,5,1011617229
569,832,5,1011617463
569,82,4,1011618003
569,802,3,1011618450
569,1440,5,1011618967
569,1087,5,1011619052
569,1372,5,1011619705
569,1028,5,1011620204
569,1108,4,1011620865
569,1467,5,1011621455
569,1573,5,1011621815
569,958,3,1011622034
569,1031,3,1011622745
569,712,4,1011623100
569,1631,4,1011623815
569,1732,4,1011624319
569,732,4,1011624684
569,1313,4,1011625050
569,1510,5,1011625096
569,431,4,1011626021
569,734,3,1011626860
569,589,4,1011627331
569,702,5,1011627622
569,713,5,1011627916
569,1022,4,1011628800
569,760,5,1011629696
569,1509,3,1011630451
569,1868,4,1011631223
570,837,4,1011631996
570,1467,5,1011632987
570,1745,5,1011633534
570,1156,5,1011634474
570,647,3,1011634854
570,423,4,1011635254
570,1759,4,1011635834
570,1512,4,1011636586
570,599,4,1011637064
570,317,4,1011637338
570,327,4,1011637410
570,772,4,1011638106
570,563,3,1011638656
570,572,4,1011639486
570,784,4,1011640187
570,10,5,1011640742
570,1003,5,1011641103
570,1031,4,1011641115
570,645,4,1011642072
570,125,3,1011642896
570,1827,5,1011643732
570,698,3,1011644297
570,1783,4,1011644620
570,1873,5,1011645504
570,960,3,1011646367
570,923,4,1011647191
570,678,5,1011647991
570,1188,4,1011648564
570,447,3,1011648763
570,714,4,1011649726
570,627,4,1011649835
570,790,3,1011650484
570,135,3,1011651011
570,1108,4,1011651465
570,154,5,1011652138
570,1479,3,1011652504
570,908,5,1011652717
570,1393,5,1011653144
570,238,5,1011653203
570,398,4,1011653379
570,1200,4,1011654273
570,150,3,1011654795
570,1796,5,1011655352
570,980,4,1011656013
570,1313,4,1011656613
571,837,4,1011657290
571,1873,4,1011657826
571,335,3,1011658718
571,1405,5,1011659256
571,1564,5,1011659929
571,267,3,1011660886
571,1825,4,1011661206
571,423,4,1011661700
571,317,4,1011661982
571,967,5,1011662737
571,1006,3,1011663080
571,479,4,1011663399
571,1510,4,1011663616
571,1894,5,1011664177
571,1524,3,1011664713
571,1786,3,1011664774
571,787,4,1011665717
571,83,4,1011666028
571,850,4,1011666553
571,722,3,1011666984
571,1310,4,1011667475
571,1961,4,1011668343
571,1402,4,1011668760
571,1313,5,1011668810
571,374,5,1011669784
571,1395,4,1011670268
571,634,4,1011671244
571,662,5,1011671397
571,982,5,1011671861
571,1744,3,1011672475
572,837,4,1011673127
572,1108,3,1011673656
572,151,5,1011674489
572,1212,4,1011675261
572,605,3,1011675317
572,1251,4,1011675547
572,289,3,1011676323
572,1760,4,1011676667
572,186,4,1011677198
572,581,3,1011677457
572,1356,5,1011677904
572,1842,3,1011678885
572,1227,4,1011679112
572,1202,4,1011679909
572,27,5,1011680736
572,888,4,1011681511
572,642,4,1011681585
572,1803,3,1011682239
572,155,4,1011683012
572,147,3,1011683628
572,1467,3,1011684397
572,353,4,1011684759
572,284,4,1011685267
572,221,3,1011685800
572,1390,5,1011686667
572,211,4,1011687155
572,748,5,1011687973
572,334,4,1011688830
572,1270,4,1011689417
572,301,5,1011689774
572,423,3,1011689832
572,1647,4,1011690220
572,37,4,1011690512
572,90,4,1011691250
572,1405,5,1011691783
572,12,5,1011692386
572,994,3,1011692864
573,1108,5,1011693476
573,837,5,1011694456
573,423,4,1011694649
573,1042,3,1011694784
573,1058,5,1011694901
573,518,4,1011695462
573,1314,4,1011695754
573,1467,4,1011696102
573,1997,4,1011696930
573,596,5,1011697834
573,258,4,1011698247
573,1000,4,1011698615
573,1385,5,1011699291
573,1297,5,1011699388
573,94,4,1011699398
573,1779,4,1011699530
573,1897,3,1011699590
573,674,3,1011700455
573,824,4,1011700707
573,947,3,1011700965
573,1637,5,1011701089
573,549,5,1011701966
573,932,4,1011701985
573,1499,4,1011702742
573,645,5,1011703242
573,847,4,1011704092
573,1681,3,1011704191
573,680,3,1011704988
573,1076,4,1011705932
573,136,4,1011706225
573,1862,4,1011706664
573,1263,4,1011707534
573,1880,5,1011708522
574,837,4,1011709316
574,1191,3,1011709415
574,420,4,1011709847
574,641,3,1011710430
574,1712,3,1011710453
574,1036,4,1011710798
574,155,5,1011711475
574,1618,4,1011712447
574,1562,4,1011713000
574,423,4,1011713390
574,1669,4,1011713839
574,1860,4,1011714335
574,928,4,1011714349
574,196,4,1011714372
574,281,5,1011714415
574,1467,4,1011714854
574,34,5,1011715045
574,668,4,1011715415
574,1186,4,1011716314
574,633,4,1011716995
574,8,5,1011717214
574,1108,4,1011717719
574,227,5,1011717963
574,650,3,1011718331
574,1804,3,1011718466
574,1374,4,1011718738
574,295,4,1011719189
574,1423,4,1011719319
574,326,4,1011720294
574,1766,5,1011721288
574,1289,4,1011722028
574,1298,4,1011722077
575,837,3,1011722846
575,1295,3,1011723686
575,299,4,1011723722
575,1010,4,1011724683
575,293,4,1011725428
575,257,4,1011726143
575,1747,5,1011726878
575,1715,4,1011727415
575,1587,5,1011727663
575,1032,3,1011727684
575,1648,3,1011728472
575,1467,5,1011728813
575,423,5,1011729467
575,1718,5,1011729528
575,413,4,1011729558
575,1780,4,1011730015
575,1325,5,1011730377
575,1975,3,1011731018
575,1376,4,1011731431
575,382,5,1011731688
575,1108,4,1011732242
575,1191,5,1011732535
575,1405,4,1011733165
575,1776,5,1011733766
575,140,5,1011733781
575,1326,4,1011734330
575,1412,4,1011735210
575,1809,5,1011735293
575,13,3,1011735342
575,528,4,1011735702
575,1269,4,1011736256
575,1682,4,1011736666
575,1054,4,1011736715
575,1442,5,1011736898
575,795,5,1011737140
575,1236,5,1011738024
575,1671,5,1011738954
575,1229,5,1011739479
575,1731,4,1011740279
575,507,5,1011741198
575,1292,4,1011741387
575,1351,5,1011741921
575,849,4,1011742728
575,885,3,1011743307
575,1815,4,1011744210
575,467,5,1011744806
575,273,5,1011745273
575,1049,4,1011745574
575,1772,4,1011746085
575,1963,5,1011746301
575,1792,4,1011747193
575,1582,3,1011747672
575,301,5,1011747740
575,1279,3,1011748135
575,1332,5,1011748863
575,1001,4,1011748982
575,1694,4,1011749391
575,1979,4,1011750127
575,1961,5,1011750809
576,837,5,1011750924
576,423,3,1011751464
576,1102,4,1011752229
576,102,4,1011752473
576,1920,4,1011752766
576,939,4,1011753316
576,935,4,1011753985
576,377,3,1011754701
576,1618,4,1011754916
576,258,3,1011755086
576,1112,4,1011755392
576,482,3,1011756107
576,1033,5,1011756288
576,1978,4,1011756771
576,1953,3,1011757132
576,255,4,1011758131
576,1615,4,1011758135
576,35,4,1011758661
576,1338,5,1011759592
576,982,4,1011760154
576,1465,4,1011760836
576,934,4,1011761496
576,1203,5,1011762269
576,348,5,1011762807
576,691,5,1011763200
576,1365,4,1011763904
576,1108,5,1011763928
576,1339,4,1011764165
576,1557,5,1011764638
576,432,3,1011765512
576,1614,4,1011765766
576,1910,4,1011765805
576,1014,4,1011765968
576,203,5,1011766208
576,268,5,1011766983
576,331,4,1011767149
576,914,3,1011768028
576,611,3,1011768793
576,370,5,1011769164
576,1925,5,1011769481
576,1023,4,1011769813
576,1255,4,1011770079
576,1091,5,1011770762
576,1870,5,1011771087
576,1303,3,1011771663
576,131,3,1011772094
576,1231,5,1011772358
576,903,4,1011772906
576,1949,5,1011773078
576,984,5,1011773889
576,1594,5,1011774421
576,1643,4,1011775030
576,144,5,1011775314
576,1880,4,1011775468
576,1039,4,1011776286
576,1674,4,1011776516
576,1367,4,1011776688
576,931,4,1011776764
576,544,5,1011777252
576,412,4,1011777386
577,29,5,1011778280
577,837,3,1011778296
577,423,4,1011779252
577,630,5,1011779693
577,1602,3,1011780375
577,1302,4,1011780625
577,1846,4,1011780856
577,1467,4,1011781468
577,1494,4,1011782036
577,1326,3,1011782553
577,522,4,1011782560
577,971,5,1011782650
577,1376,4,1011782677
577,152,5,1011783115
577,1532,3,1011783601
577,497,4,1011784146
577,1166,5,1011784592
577,393,5,1011784615
577,7,4,1011785326
577,1108,3,1011785550
577,1597,3,1011786151
577,1593,3,1011786372
577,1128,4,1011786982
577,858,5,1011787635
577,46,5,1011788359
577,1141,3,1011789328
577,1122,5,1011790255
577,1671,5,1011790664
577,1645,4,1011790959
577,1392,4,1011791682
577,369,4,1011791769
577,1190,4,1011792051
577,1774,5,1011792907
577,373,4,1011793596
577,1732,5,1011793894
577,190,4,1011794834
577,1941,4,1011795098
577,1944,4,1011795921
577,1968,5,1011796703
577,741,4,1011796756
577,1730,5,1011797704
577,776,5,1011797807
577,257,4,1011798622
577,923,5,1011799461
578,837,4,1011800042
578,1056,4,1011800057
578,1467,5,1011800934
578,1590,3,1011801184
578,210,5,1011801824
578,292,5,1011802094
578,653,5,1011802654
578,1658,3,1011803589
578,1520,3,1011804564
578,484,4,1011805103
578,84,5,1011805203
578,241,5,1011805941
578,1093,4,1011806831
578,1630,4,1011807409
578,613,3,1011808289
578,415,4,1011808836
578,381,3,1011809507
578,1009,5,1011809641
578,864,4,1011810539
578,1882,5,1011810857
578,1786,5,1011811214
578,1888,5,1011811724
578,1167,4,1011812125
578,1639,4,1011812403
578,1556,3,1011812761
578,503,5,1011813692
578,1108,5,1011813999
578,1006,4,1011814830
579,1257,5,1011815654
579,837,4,1011815830
579,1719,5,1011815844
579,391,4,1011815883
579,1108,5,1011816249
579,538,5,1011816342
579,423,4,1011816470
579,1924,4,1011817103
579,944,5,1011817841
579,1830,3,1011818154
579,466,5,1011818908
579,60,5,1011819769
579,33,4,1011819900
579,1273,4,1011820324
579,487,5,1011820426
579,680,5,1011821023
579,336,3,1011821361
579,1109,4,1011821672
579,595,5,1011821947
579,1764,5,1011821986
579,1043,4,1011822907
579,383,5,1011823578
579,1385,4,1011824400
579,591,5,1011824693
579,1935,5,1011825405
579,111,4,1011825716
579,363,5,1011826123
579,1995,4,1011826983
579,1913,4,1011827265
579,175,5,1011827317
579,821,5,1011827964
579,1909,4,1011828060
579,1703,5,1011828668
579,1147,5,1011829465
579,1595,5,1011829484
579,1382,5,1011829509
579,1582,5,1011830466
579,761,4,1011831068
580,837,5,1011831578
580,1798,5,1011832508
580,581,5,1011832816
580,1631,5,1011833811
580,1410,3,1011834796
580,1532,5,1011835642
580,1108,4,1011836491
580,1800,4,1011836570
580,1100,5,1011837421
580,563,3,1011838174
580,15,5,1011838716
580,1721,4,1011839648
580,1895,4,1011840170
580,275,3,1011840909
580,1930,4,1011841539
580,1844,4,1011841754
580,957,5,1011842576
580,941,4,1011842697
580,1349,3,1011843312
580,1635,4,1011843973
580,1479,5,1011844129
580,650,5,1011845003
580,1907,5,1011845997
580,436,3,1011846603
580,164,5,1011846658
580,694,4,1011846699
580,211,5,1011847552
580,1153,3,1011847685
580,250,4,1011848037
580,1003,4,1011848826
580,19,4,1011849362
580,589,3,1011849775
580,1190,4,1011850728
580,1759,4,1011851437
580,1247,4,1011851999
580,423,4,1011852532
580,1510,5,1011853393
580,443,5,1011853549
580,1780,3,1011854177
580,202,4,1011854370
580,804,4,1011854905
580,1962,4,1011855557
580,1467,4,1011856338
580,623,4,1011857070
580,37,4,1011857626
580,44,4,1011857816
580,757,3,1011858571
580,1918,4,1011859143
580,1106,5,1011859880
580,196,4,1011860418
580,1128,5,1011860646
580,1786,4,1011861436
580,1125,5,1011861652
580,1946,5,1011862390
580,1873,4,1011862779
580,886,4,1011862877
580,1621,4,1011863678
580,512,5,1011864013
580,415,4,1011864588
580,912,4,1011865358
581,1736,5,1011866303
581,837,4,1011867138
581,1846,5,1011867369
581,733,4,1011867632
581,423,5,1011868426
581,1245,5,1011868537
581,884,3,1011868898
581,1938,4,1011869445
581,1895,4,1011870210
581,913,3,1011870786
581,1108,5,1011871513
581,1406,4,1011872020
581,332,4,1011872802
581,692,4,1011873674
581,615,3,1011874056
581,1540,5,1011874920
581,1618,3,1011875057
581,1087,5,1011875533
581,1100,5,1011876285
581,1180,4,1011876655
581,71,3,1011876914
581,879,4,1011877719
581,236,5,1011878410
581,341,5,1011878910
581,1436,4,1011879447
581,1219,4,1011879927
581,955,3,1011880577
582,837,5,1011881302
582,1556,4,1011881630
582,739,3,1011882086
582,869,4,1011882110
582,248,5,1011882899
582,660,3,1011883691
582,1108,3,1011883917
582,1467,4,1011884650
582,1214,4,1011885339
582,415,4,1011885433
582,423,4,1011885764
582,1700,4,1011886519
582,1073,5,1011886826
582,883,5,1011887670
582,381,4,1011888201
582,1637,5,1011888722
582,1196,3,1011888999
582,1502,5,1011889739
582,822,3,1011890688
582,601,4,1011891058
582,1185,4,1011891220
582,380,5,1011892010
582,120,5,1011892440
582,1322,3,1011892904
582,687,5,1011893347
582,1492,4,1011893980
582,1193,4,1011894401
582,39,4,1011894523
582,940,3,1011895286
582,1840,4,1011895343
582,1515,4,1011895965
582,490,3,1011896686
582,77,3,1011896961
582,283,4,1011897621
582,1610,3,1011898202
582,1021,4,1011898745
582,1007,4,1011899182
583,769,4,1011899918
583,837,5,1011900711
583,1467,3,1011900857
583,1270,5,1011901283
583,312,4,1011901602
583,1390,4,1011902056
583,423,5,1011902810
583,384,5,1011902946
583,143,4,1011903643
583,1544,4,1011904571
583,1202,5,1011905410
583,241,4,1011905551
583,1395,3,1011906379
583,710,5,1011906683
583,1077,5,1011907216
583,1227,5,1011908059
583,1032,4,1011908231
583,660,4,1011909062
583,336,3,1011909986
583,906,4,1011910424
583,1108,4,1011910690
583,1347,5,1011910820
583,508,3,1011911743
583,114,5,1011911845
583,1012,5,1011912591
583,447,3,1011913317
583,845,3,1011914185
583,498,4,1011914870
583,1015,4,1011915184
583,503,5,1011915226
583,627,3,1011915423
583,415,5,1011916119
583,1167,4,1011916633
583,1388,3,1011917022
584,1671,4,1011917219
584,147,4,1011917920
584,162,3,1011918185
584,837,5,1011919084
584,1088,5,1011919504
584,151,5,1011919817
584,915,5,1011920086
584,1392,4,1011921013
584,996,3,1011921339
584,1355,4,1011921768
584,371,4,1011922304
584,1623,3,1011922607
584,1122,5,1011922984
584,423,5,1011923195
584,427,3,1011923246
584,523,5,1011924107
584,1630,3,1011924753
584,925,3,1011925003
584,586,4,1011925756
584,658,5,1011925893
584,537,4,1011926539
585,1599,4,1011927259
585,837,4,1011928074
585,544,4,1011928446
585,1108,5,1011928575
585,1057,4,1011929368
585,1241,4,1011929396
585,161,3,1011930308
585,423,4,1011930375
585,809,4,1011930977
585,392,5,1011931349
585,87,4,1011931973
585,24,5,1011932340
585,922,4,1011932618
585,620,5,1011933400
585,1854,5,1011934030
585,215,4,1011934243
585,1224,5,1011934290
585,1450,3,1011934673
585,1191,4,1011934774
585,1050,4,1011935374
585,701,4,1011936161
585,401,4,1011936818
585,755,4,1011936989
585,331,5,1011937918
585,1391,3,1011938547
585,179,4,1011938643
585,1467,5,1011938968
585,1630,4,1011939321
585,1288,3,1011939625
585,1672,5,1011939661
585,678,4,1011939759
585,1046,4,1011940437
585,1321,5,1011940900
585,1013,4,1011941353
585,132,3,1011941776
585,1058,5,1011942469
585,65,5,1011943272
585,903,4,1011943327
585,88,4,1011943497
586,33,5,1011943645
586,608,4,1011943781
586,1333,3,1011943817
586,1665,4,1011943908
586,1047,5,1011944020
586,72,4,1011945004
586,837,5,1011945412
586,1243,3,1011945618
586,1131,4,1011945623
586,631,4,1011945658
586,754,5,1011946349
586,387,4,1011947238
586,1457,5,1011947934
586,1265,3,1011948584
586,1764,4,1011949568
586,406,5,1011949907
586,371,5,1011950215
586,594,4,1011951102
586,1108,4,1011951859
586,981,5,1011952214
586,595,5,1011952366
586,1770,3,1011953047
586,1113,5,1011953297
586,1897,4,1011953827
586,1618,4,1011954007
586,1957,3,1011954313
586,316,5,1011954974
586,891,5,1011955855
586,1889,4,1011956312
586,1175,4,1011956475
586,947,4,1011957136
586,31,4,1011957229
586,1429,4,1011957302
586,1867,5,1011957471
586,1642,4,1011958121
586,578,5,1011958731
586,1111,4,1011959331
586,902,4,1011960162
586,423,5,1011960392
586,1649,4,1011960490
586,337,5,1011961316
586,220,5,1011961477
586,425,5,1011962462
586,1060,4,1011963054
586,142,4,1011963781
586,560,4,1011964665
586,1625,5,1011964851
586,611,4,1011965189
586,1234,5,1011965540
586,1944,4,1011965576
586,1467,4,1011966099
586,1419,3,1011966686
586,1954,4,1011966724
586,266,5,1011966818
586,1896,3,1011967726
586,393,4,1011968717
586,81,4,1011969195
586,1070,5,1011970131
587,837,5,1011970559
587,600,4,1011970661
587,423,4,1011971013
587,1168,4,1011971715
587,1659,4,1011971948
587,1506,3,1011972417
587,1618,5,1011972646
587,395,5,1011972662
587,946,5,1011972963
587,988,4,1011973273
587,585,5,1011974168
587,1655,5,1011974777
587,324,5,1011975089
587,1676,5,1011975486
587,990,5,1011975814
587,794,4,1011976070
587,852,4,1011976319
587,1592,4,1011976583
587,599,4,1011976619
587,844,5,1011976633
587,1835,4,1011977571
587,785,5,1011977944
587,1652,4,1011978814
587,1042,4,1011979792
587,161,5,1011980098
587,191,4,1011980815
587,1891,5,1011981447
587,1308,5,1011982241
587,1450,5,1011982893
587,1991,4,1011983179
587,1467,3,1011984013
587,1108,4,1011984857
587,1,5,1011985843
587,1071,5,1011986543
587,139,5,1011987300
587,1987,4,1011987911
587,338,4,1011988531
587,1709,5,1011988703
587,1570,4,1011989070
587,1240,5,1011989444
587,1080,3,1011989651
587,755,4,1011989753
587,1476,5,1011989879
587,700,4,1011990227
587,1459,5,1011990969
587,287,4,1011991480
587,1630,5,1011991858
587,1499,4,1011992536
588,1108,5,1011992981
588,1176,5,1011993336
588,755,4,1011993432
588,611,3,1011994198
588,923,4,1011995033
588,837,4,1011995750
588,423,5,1011996530
588,24,4,1011997184
588,370,4,1011997685
588,860,5,1011998002
588,1787,4,1011998527
588,1288,4,1011998991
588,1046,4,1011999641
588,781,5,1012000489
588,1790,4,1012000948
588,1033,3,1012001545
588,1071,4,1012001547
588,1159,4,1012001971
588,794,4,1012002574
588,172,5,1012002923
588,1143,5,1012003497
588,675,5,1012003817
588,972,4,1012004710
588,206,5,1012005035
588,286,3,1012005614
588,1014,4,1012006000
588,1845,4,1012006226
588,1050,3,1012006757
588,1978,5,1012007127
588,1595,5,1012007565
588,1919,4,1012008541
588,1818,3,1012009375
588,1756,5,1012010355
588,690,3,1012011330
588,1705,4,1012012069
588,699,4,1012012495
588,1746,5,1012013308
588,1083,3,1012013953
588,8,4,1012014755
588,1870,4,1012015649
588,1490,5,1012016131
588,1475,4,1012016685
589,345,4,1012017125
589,837,3,1012017365
589,366,4,1012017653
589,1444,4,1012017986
589,276,4,1012018753
589,1941,4,1012019130
589,1056,3,1012019694
589,1467,4,1012020268
589,1243,5,1012020858
589,60,5,1012020909
589,1269,3,1012021647
589,1346,4,1012022178
589,1066,3,1012022874
589,1073,4,1012022980
589,1175,4,1012023822
589,1527,3,1012024489
589,806,4,1012024694
589,839,4,1012024873
589,673,5,1012025009
589,1997,3,1012025239
589,1069,5,1012025828
589,609,5,1012026311
589,423,4,1012026627
589,36,5,1012026952
589,657,4,1012027846
589,936,5,1012028074
589,1582,5,1012028521
589,1326,4,1012029414
589,591,4,1012029972
589,1438,5,1012030595
589,387,4,1012031363
589,497,5,1012032132
589,569,5,1012032801
589,48,4,1012033046
589,1703,4,1012033734
589,877,5,1012033780
589,507,4,1012034102
589,1474,4,1012034826
589,1108,5,1012034832
589,1730,4,1012035007
589,1319,3,1012035575
589,1739,4,1012035980
589,1411,4,1012036676
589,1548,5,1012037654
589,890,5,1012038363
589,269,5,1012039304
589,1011,4,1012039642
589,814,5,1012040550
589,902,5,1012040965
589,1309,5,1012041758
590,1845,4,1012041959
590,837,3,1012042493
590,1573,4,1012043104
590,456,3,1012043499
590,1563,3,1012044237
590,860,3,1012045202
590,1893,5,1012045991
590,1108,4,1012046376
590,1870,4,1012046492
590,1514,5,1012046849
590,172,4,1012047522
590,1520,4,1012047962
590,385,4,1012048232
590,1805,4,1012049074
590,908,3,1012049935
590,1668,3,1012050632
590,1989,5,1012051312
590,753,5,1012052301
590,726,4,1012053035
590,165,4,1012053601
590,500,4,1012054561
590,1221,4,1012055323
590,423,4,1012055388
590,557,4,1012055947
590,1786,5,1012056020
590,1619,4,1012056474
590,1310,5,1012057352
590,1953,4,1012057801
590,379,3,1012058419
590,21,4,1012059228
590,546,4,1012059284
590,608,4,1012059478
590,375,3,1012060144
590,1237,4,1012060535
590,263,4,1012061416
591,837,4,1012061677
591,727,4,1012061702
591,308,4,1012062545
591,423,5,1012063017
591,293,5,1012063757
591,214,4,1012064472
591,399,4,1012065088
591,1618,5,1012065342
591,1630,3,1012065400
591,576,3,1012065762
591,1467,5,1012065835
591,1086,4,1012066057
591,1164,4,1012066338
591,1108,5,1012066816
591,1294,4,1012067738
591,835,4,1012068259
591,575,4,1012069075
591,876,5,1012069124
591,1199,4,1012069257
591,517,4,1012069598
591,649,5,1012070322
591,797,4,1012071289
591,577,4,1012071667
591,1248,3,1012071804
591,1370,5,1012072003
591,1084,4,1012072819
591,1506,5,1012073052
591,853,5,1012073253
591,1322,4,1012073524
591,1044,4,1012073760
591,641,5,1012074348
591,264,5,1012074436
591,335,5,1012075147
591,997,3,1012075249
591,395,3,1012075360
591,1961,5,1012075674
591,722,4,1012076555
591,295,5,1012077422
591,1882,4,1012078088
591,1724,5,1012078493
591,481,3,1012078757
591,1395,4,1012079303
591,1462,4,1012079804
591,1007,5,1012080779
592,837,5,1012081271
592,515,4,1012082104
592,1836,4,1012083035
592,1258,4,1012083267
592,1916,5,1012083664
592,1606,3,1012084001
592,149,3,1012084336
592,1810,5,1012085126
592,1108,3,1012085921
592,764,4,1012086109
592,679,5,1012086435
592,453,5,1012086999
592,1651,4,1012087696
592,423,5,1012088624
592,896,4,1012089045
592,1694,4,1012089729
592,1735,4,1012089940
592,304,4,1012090224
592,261,5,1012090703
592,1307,5,1012091043
592,911,5,1012092034
592,724,3,1012092756
592,1480,4,1012093456
592,1489,5,1012093844
592,1698,3,1012094446
592,356,4,1012095209
592,1579,3,1012095721
592,1343,5,1012096178
592,1679,3,1012097137
592,1173,4,1012097705
592,1712,4,1012097952
593,474,4,1012098805
593,680,3,1012099762
593,1107,4,1012100436
593,837,4,1012101087
593,1463,4,1012101265
593,294,4,1012102223
593,965,4,1012102505
593,821,4,1012102635
593,1216,5,1012102792
593,312,5,1012103488
593,656,4,1012103970
593,45,4,1012104218
593,1005,4,1012104675
593,1123,5,1012105210
593,576,5,1012105932
593,256,4,1012106555
593,1109,4,1012107420
593,1744,3,1012108114
593,1265,4,1012108865
593,126,4,1012109812
593,1882,4,1012110512
593,950,5,1012111510
593,1685,4,1012112262
593,415,4,1012112488
593,423,4,1012112525
593,880,4,1012113279
593,1842,5,1012113412
593,1926,4,1012113704
593,714,4,1012113972
593,1387,4,1012114431
593,1073,5,1012115347
593,1295,3,1012116014
593,114,3,1012116243
593,1467,3,1012116959
593,1135,5,1012117838
593,1108,5,1012117846
593,539,4,1012118339
593,871,3,1012118665
593,175,5,1012119559
593,826,5,1012120313
593,663,4,1012121273
593,1470,4,1012121907
593,383,3,1012122215
593,425,4,1012122492
593,1512,4,1012123376
593,1187,5,1012123935
594,363,4,1012124818
594,1322,5,1012125633
594,1435,3,1012125733
594,837,4,1012126072
594,333,4,1012126227
594,1823,4,1012126708
594,1766,4,1012127638
594,1021,5,1012127719
594,70,3,1012128614
594,103,4,1012129477
594,801,4,1012130272
594,863,3,1012130332
594,415,5,1012130410
594,1967,4,1012131188
594,423,4,1012131733
594,1501,4,1012132198
594,1346,5,1012132371
594,1108,3,1012133064
594,1992,4,1012133471
594,229,5,1012133778
594,1277,3,1012134559
594,1351,3,1012134722
594,923,4,1012135670
594,578,3,1012135905
594,1587,5,1012136630
594,1686,3,1012136664
594,1122,4,1012136830
594,339,5,1012137158
594,859,5,1012137859
594,665,4,1012138771
594,397,4,1012139570
594,232,5,1012140111
594,579,5,1012140420
594,1702,5,1012141381
594,356,4,1012142276
594,1457,5,1012142831
594,23,5,1012143525
594,1221,4,1012143876
594,546,4,1012144212
594,490,4,1012145133
594,1136,4,1012145598
594,1985,5,1012145618
594,537,5,1012145964
594,1222,4,1012146797
594,849,4,1012147476
594,1467,5,1012148062
594,1900,4,1012148889
594,971,5,1012149521
594,1853,5,1012149883
594,1871,3,1012150520
594,1767,4,1012150787
595,837,5,1012150808
595,1293,3,1012150940
595,885,5,1012151108
595,175,5,1012151807
595,423,4,1012152231
595,519,5,1012152249
595,1969,5,1012153119
595,476,5,1012153195
595,1467,4,1012153830
595,1729,5,1012154036
595,1424,5,1012154558
595,950,5,1012155305
595,449,4,1012156186
595,213,4,1012156744
595,848,4,1012157669
595,1216,5,1012158350
595,816,4,1012158577
595,1408,5,1012158847
595,664,5,1012159421
595,191,5,1012160198
595,570,4,1012160459
595,550,3,1012160461
595,1108,4,1012161352
595,126,3,1012161860
595,51,5,1012162040
595,932,4,1012162973
595,1116,5,1012163763
595,1281,4,1012163976
595,593,4,1012164614
595,1096,4,1012165373
595,1170,5,1012166338
595,89,4,1012167137
595,1966,5,1012167540
595,1864,4,1012167757
595,761,5,1012168560
595,1156,3,1012169095
595,764,3,1012169135
595,1672,4,1012169884
595,157,5,1012170448
595,359,5,1012171244
595,1443,4,1012171693
595,508,4,1012171882
595,1958,4,1012172296
595,1664,4,1012172667
596,837,5,1012173430
596,127,5,1012173697
596,923,5,1012173934
596,1292,4,1012174671
596,1108,4,1012174683
596,1202,4,1012174751
596,909,3,1012175689
596,1635,5,1012176059
596,880,4,1012176852
596,423,4,1012177494
596,846,4,1012178369
596,1350,4,1012178550
596,1467,5,1012179435
596,105,4,1012179862
596,889,5,1012180797
596,948,4,1012181700
596,230,4,1012182499
596,1920,4,1012182668
596,1961,4,1012183571
596,1284,4,1012184353
596,776,4,1012184481
596,1368,5,1012185439
596,1832,5,1012185933
596,1744,5,1012186207
596,741,4,1012186596
596,1462,4,1012187582
596,350,4,1012188431
597,837,3,1012188788
597,1298,4,1012189197
597,250,4,1012190005
597,229,3,1012190634
597,88,3,1012191465
597,676,4,1012191552
597,1820,3,1012192435
597,652,3,1012193163
597,1224,4,1012193907
597,423,4,1012194651
597,623,4,1012195129
597,124,4,1012195233
597,1555,4,1012196190
597,1900,3,1012197147
597,1734,5,1012197699
597,160,3,1012198448
597,1472,4,1012198861
597,610,4,1012199384
597,362,3,1012199912
597,991,4,1012200020
597,194,5,1012200395
598,1781,3,1012200882
598,837,5,1012201607
598,1176,4,1012202012
598,1692,5,1012202145
598,423,3,1012202811
598,1457,3,1012203720
598,1203,5,1012204461
598,735,3,1012205246
598,744,3,1012206169
598,1431,5,1012206323
598,1199,4,1012207311
598,1491,4,1012207892
598,977,4,1012208043
598,1111,5,1012208246
598,578,4,1012208635
598,430,4,1012208821
598,1008,3,1012209599
598,1306,4,1012209713
598,363,4,1012210140
598,614,5,1012210755
598,1770,4,1012211223
598,32,4,1012211794
598,333,4,1012212019
598,905,5,1012212720
598,232,4,1012212916
598,1232,4,1012213176
598,771,4,1012213507
598,1108,5,1012214274
598,1618,4,1012215047
598,1822,4,1012215503
598,1753,5,1012216323
598,461,4,1012216371
598,1136,3,1012217172
598,1622,5,1012217599
598,1084,4,1012218334
598,1543,4,1012219241
598,471,3,1012219949
598,72,4,1012220666
598,1823,5,1012221447
598,1924,5,1012222268
598,1478,3,1012222297
598,799,4,1012222725
598,248,3,1012222806
598,131,4,1012223331
598,71,5,1012223986
598,693,4,1012224932
598,635,5,1012225782
598,624,4,1012225996
598,1777,4,1012226936
598,422,5,1012227029
599,837,4,1012227182
599,1517,4,1012227460
599,380,4,1012228003
599,384,3,1012228465
599,1589,4,1012228786
599,1108,4,1012228858
599,927,3,1012228947
599,82,4,1012229893
599,423,5,1012230395
599,241,4,1012231218
599,795,3,1012232137
599,1852,5,1012233131
599,1230,4,1012233289
599,1078,5,1012233736
599,1960,4,1012234417
599,1040,5,1012234757
599,57,3,1012235050
599,1679,3,1012235999
599,1928,4,1012236489
599,1948,4,1012236685
600,837,4,1012237173
600,1103,3,1012237738
600,400,4,1012237885
600,626,4,1012238432
600,113,5,1012239069
600,423,4,1012239498
600,1467,4,1012239734
600,1038,5,1012240000
600,700,3,1012240388
600,1602,5,1012240497
600,1486,5,1012241267
600,1108,4,1012241366
600,1082,3,1012241916
600,1905,5,1012242852
600,287,3,1012243744
600,648,4,1012244213
600,1857,4,1012244595
600,1944,5,1012245193
600,415,4,1012245896
600,1966,5,1012245910
600,1866,5,1012246750
600,1264,3,1012247580
600,17,5,1012248359
600,428,5,1012249327
600,987,5,1012249477
600,540,4,1012249526
600,1186,4,1012249811
600,1143,3,1012250204
600,1955,5,1012250394
600,852,4,1012251116
600,61,5,1012252007
600,91,4,1012252734
600,271,4,1012253346
600,1302,4,1012253739
600,1308,5,1012254609
600,1672,5,1012254888
600,4,4,1012255720
600,1131,3,1012256501
600,496,4,1012256916
601,723,4,1012257623
601,423,4,1012257915
601,541,4,1012258597
601,837,3,1012258685
601,486,4,1012259431
601,415,3,1012259652
601,216,5,1012260236
601,1140,5,1012260739
601,664,3,1012261072
601,612,4,1012261596
601,1343,5,1012262458
601,1653,4,1012262988
601,942,5,1012263585
601,672,5,1012264341
601,906,4,1012265139
601,919,4,1012265804
601,1156,5,1012265996
601,833,3,1012266273
601,827,5,1012267136
601,1819,4,1012267813
601,1108,3,1012267994
601,900,4,1012268248
601,1717,4,1012268975
601,79,4,1012269164
601,878,5,1012269668
601,1102,5,1012269798
601,761,3,1012270751
601,223,5,1012271682
601,1984,5,1012271798
601,43,4,1012272545
601,1630,4,1012272752
601,1575,5,1012273328
601,1454,4,1012274305
601,1105,4,1012274381
601,564,5,1012274872
601,432,5,1012275856
601,117,4,1012276011
601,1120,5,1012276706
601,1699,4,1012277037
601,388,4,1012277871
601,536,3,1012278834
601,383,4,1012278936
601,1223,4,1012279291
601,1470,3,1012279810
601,1627,4,1012280457
601,534,5,1012281263
601,1408,5,1012281565
601,937,4,1012281803
601,1932,4,1012282717
601,1414,3,1012282738
601,217,5,1012283481
601,666,4,1012283535
601,1366,4,1012284212
601,1400,5,1012285094
601,800,5,1012285498
601,644,4,1012285519
602,837,4,1012286219
602,746,5,1012286843
602,232,4,1012287607
602,885,4,1012288034
602,423,4,1012288166
602,1002,5,1012288598
602,1489,4,1012289217
602,1184,5,1012290171
602,1266,5,1012290562
602,810,4,1012290790
602,72,4,1012291137
602,172,3,1012291309
602,1862,4,1012291472
602,1986,4,1012291764
602,251,5,1012292736
602,639,3,1012293232
602,1340,3,1012294014
602,439,5,1012294455
602,545,5,1012294521
602,1108,4,1012295413
602,130,4,1012295453
602,1113,4,1012296302
602,1778,3,1012296352
602,1990,4,1012297191
602,1147,4,1012297195
602,933,4,1012298131
602,1563,4,1012298886
602,1815,4,1012298991
603,1785,3,1012299346
603,837,4,1012300179
603,1370,5,1012300654
603,1518,5,1012301335
603,398,3,1012302095
603,1382,5,1012302743
603,1209,3,1012303613
603,171,4,1012304173
603,1108,3,1012304549
603,1198,3,1012304815
603,1379,4,1012304983
603,1462,4,1012305874
603,364,4,1012306367
603,172,4,1012307177
603,1215,3,1012308046
603,325,3,1012308252
603,1914,4,1012308459
603,423,4,1012309277
603,1780,4,1012310088
603,775,5,1012310456
603,880,4,1012310894
603,1628,4,1012311310
603,95,4,1012311970
603,526,3,1012312182
603,1165,4,1012312431
603,1845,5,1012312591
603,763,3,1012313062
603,604,5,1012313327
603,246,4,1012314178
603,513,4,1012314219
603,1097,5,1012315143
603,606,4,1012315899
603,1270,4,1012316659
603,631,4,1012317532
603,540,4,1012318346
603,1380,4,1012318743
603,1467,5,1012318991
603,1867,4,1012319922
603,1191,4,1012320312
603,1936,4,1012320337
603,519,4,1012320797
603,1049,5,1012321117
603,1442,4,1012321589
603,520,5,1012322337
604,423,4,1012323232
604,1108,3,1012323285
604,1724,4,1012323770
604,837,4,1012324138
604,172,4,1012324597
604,1563,5,1012324873
604,1061,3,1012325131
604,1002,5,1012326091
604,1757,4,1012326634
604,736,3,1012326979
604,754,5,1012327645
604,633,4,1012327783
604,502,5,1012328689
604,760,5,1012328931
604,422,4,1012329084
604,1422,4,1012329463
604,1848,4,1012330158
604,71,4,1012330851
604,1954,5,1012331226
604,1283,4,1012332175
604,211,4,1012332276
604,1793,4,1012333175
604,1195,4,1012333548
604,1995,5,1012333761
604,988,4,1012333763
604,12,4,1012334542
604,1511,5,1012334601
604,1048,5,1012334912
604,1676,5,1012335840
604,829,4,1012336709
604,308,3,1012337595
604,1359,4,1012338268
604,1867,3,1012338407
604,194,5,1012339006
604,323,5,1012339067
604,415,5,1012339445
604,262,3,1012339873
604,1180,3,1012340144
604,158,4,1012340184
604,1985,3,1012340264
604,310,4,1012341179
604,80,5,1012341645
604,608,3,1012342323
604,888,5,1012343213
604,1655,5,1012343989
604,1286,4,1012344561
604,738,4,1012345414
604,1860,4,1012345889
604,1221,3,1012346354
604,1047,4,1012346721
605,1865,5,1012347411
605,837,5,1012347876
605,1848,5,1012348605
605,202,4,1012348788
605,353,4,1012349514
605,777,5,1012350178
605,1491,4,1012350406
605,1108,5,1012350839
605,821,4,1012350909
605,19,5,1012351835
605,1285,4,1012352791
605,1427,4,1012352813
605,114,4,1012353265
605,1864,3,1012353976
605,658,4,1012354857
605,1860,5,1012355330
605,453,5,1012355853
605,856,5,1012356686
605,423,5,1012356922
605,1347,5,1012357228
605,1822,4,1012357535
605,1653,3,1012358429
605,336,3,1012358834
605,1135,5,1012359516
605,253,4,1012359695
605,1246,3,1012360337
605,656,4,1012361121
605,283,3,1012361402
605,1943,4,1012361648
605,769,3,1012361795
605,869,4,1012362134
605,1126,4,1012362608
605,1496,4,1012363015
605,523,5,1012364010
605,1470,3,1012364294
605,237,3,1012364517
605,1578,4,1012365219
605,1798,3,1012365512
605,111,3,1012365825
605,959,5,1012366160
605,1766,5,1012366884
605,1502,5,1012367189
605,1751,4,1012367243
605,1413,4,1012368178
605,1685,5,1012368728
605,143,5,1012369634
605,388,3,1012370599
606,837,4,1012371178
606,147,5,1012372026
606,1411,3,1012372822
606,1108,4,1012373549
606,1243,4,1012374235
606,1472,4,1012374789
606,123,4,1012374980
606,1527,4,1012375209
606,729,4,1012375502
606,1907,4,1012376150
606,874,3,1012376945
606,1629,5,1012377017
606,1538,4,1012377616
606,670,3,1012377824
606,415,4,1012378669
606,1536,4,1012378925
606,1219,3,1012379576
606,518,4,1012379803
606,1076,5,1012380718
606,1467,3,1012381678
606,902,5,1012382643
606,1217,5,1012383641
606,619,3,1012384361
606,591,4,1012384943
606,1378,3,1012385120
606,623,5,1012385446
606,658,5,1012386163
607,837,3,1012386386
607,72,5,1012386723
607,423,5,1012386919
607,194,4,1012387765
607,1635,5,1012388652
607,692,4,1012388923
607,350,4,1012389302
607,1108,5,1012390210
607,1704,5,1012390314
607,1511,4,1012391093
607,309,4,1012391354
607,1989,5,1012392185
607,1508,3,1012392303
607,182,4,1012392845
607,605,5,1012393014
607,62,5,1012393393
607,1158,4,1012394232
607,1349,4,1012394549
607,1532,4,1012394818
607,746,4,1012395474
607,1467,5,1012395958
607,1207,3,1012396735
607,1176,4,1012397057
607,1161,5,1012397079
607,993,4,1012397224
607,707,4,1012398140
607,1317,4,1012398393
607,650,3,1012399220
607,12,4,1012399499
608,1647,5,1012400346
608,825,4,1012400921
608,837,4,1012401509
608,636,3,1012402314
608,811,4,1012403287
608,279,5,1012403993
608,1397,3,1012404475
608,1855,4,1012405260
608,54,5,1012405901
608,1108,5,1012406437
608,389,3,1012406503
608,213,4,1012406634
608,1204,5,1012407518
608,65,5,1012407765
608,660,4,1012407775
608,622,5,1012408771
608,1262,4,1012408838
608,899,3,1012409043
608,1058,4,1012409227
608,1658,4,1012409335
608,1630,5,1012410011
608,748,4,1012410391
608,123,5,1012411235
608,324,5,1012411690
608,1197,5,1012411797
608,593,3,1012412758
608,747,4,1012413315
608,1415,3,1012413343
608,1150,4,1012413509
608,1403,5,1012413970
608,90,4,1012414577
608,1829,4,1012415457
608,571,4,1012416389
608,1358,5,1012416450
608,670,5,1012416617
608,423,4,1012416932
608,976,4,1012417117
608,167,5,1012418090
608,100,4,1012419088
608,696,4,1012419283
608,1977,4,1012419669
608,84,4,1012419980
608,1697,4,1012420753
608,780,3,1012420918
608,1467,4,1012420964
609,837,5,1012421663
609,118,4,1012422442
609,1948,4,1012423067
609,184,5,1012423266
609,829,5,1012424084
609,1473,3,1012424496
609,1088,5,1012424547
609,1302,5,1012425233
609,1108,4,1012426005
609,1148,5,1012426174
609,1993,5,1012426406
609,311,5,1012427205
609,1593,3,1012427705
609,1945,5,1012427818
609,1592,3,1012427931
609,1011,5,1012428724
609,496,5,1012429353
609,265,3,1012429662
609,760,5,1012429918
609,1896,4,1012430524
609,415,3,1012430858
609,1991,4,1012430973
609,1441,5,1012431392
609,201,4,1012432119
609,477,3,1012432122
609,1506,5,1012432427
609,773,4,1012433240
609,758,5,1012433796
609,1824,5,1012434713
609,989,4,1012435279
609,1171,5,1012435650
609,1131,4,1012435805
609,423,4,1012436288
609,1974,5,1012436936
609,69,4,1012437138
609,427,5,1012438081
609,484,4,1012438253
609,1957,5,1012438371
609,1055,3,1012438483
609,543,4,1012439066
609,169,4,1012439663
609,56,4,1012440382
609,315,4,1012441241
609,734,4,1012442042
609,1968,5,1012442198
609,1630,3,1012442892
609,1658,3,1012442986
609,409,5,1012443548
609,1432,5,1012444195
609,1887,5,1012444933
609,988,3,1012444938
609,695,4,1012445124
609,47,5,1012445606
610,837,4,1012446305
610,1361,3,1012447140
610,1108,4,1012447435
610,1551,5,1012447933
610,15,4,1012448856
610,1033,4,1012449598
610,1834,3,1012449952
610,726,5,1012450722
610,1738,4,1012450881
610,1907,4,1012451026
610,1375,5,1012451315
610,1861,4,1012451948
610,75,4,1012452044
610,888,5,1012452481
610,1194,3,1012453356
610,582,5,1012453545
610,221,4,1012454101
610,929,5,1012454133
610,809,5,1012454596
610,1940,3,1012455452
610,168,3,1012455961
610,1677,4,1012456107
610,856,4,1012456344
611,1467,4,1012456772
611,837,4,1012457382
611,1977,4,1012458221
611,245,4,1012458725
611,1704,3,1012459720
611,1106,4,1012460290
611,1858,5,1012460341
611,104,5,1012460798
611,1406,4,1012461378
611,1852,4,1012461945
611,1456,4,1012462571
611,347,4,1012462862
611,298,4,1012463541
611,278,4,1012464407
611,306,4,1012464676
611,423,4,1012464825
611,1108,3,1012464927
611,525,3,1012465911
611,20,4,1012465997
611,1886,5,1012466268
611,1410,5,1012466996
611,55,4,1012467672
611,970,4,1012467948
611,621,5,1012468911
611,862,4,1012469792
611,150,4,1012470775
611,874,4,1012471158
611,57,5,1012472107
611,1901,5,1012472343
611,1211,5,1012472746
611,1353,5,1012473253
611,1618,5,1012473887
611,90,4,1012473901
611,346,5,1012474755
611,140,4,1012475344
611,1836,3,1012476312
611,732,5,1012476699
611,199,3,1012476711
611,1424,5,1012477591
611,768,4,1012478274
611,439,5,1012479082
611,1868,4,1012479315
611,1679,4,1012479574
611,1230,5,1012479753
611,980,4,1012480401
611,156,3,1012480976
612,99,3,1012481818
612,837,4,1012482799
612,152,4,1012483054
612,835,4,1012483616
612,1484,5,1012484364
612,600,4,1012485233
612,609,5,1012485284
612,314,3,1012485793
612,423,4,1012486688
612,724,4,1012487041
612,283,3,1012487883
612,1872,4,1012488441
612,281,5,1012489115
612,1088,5,1012490072
612,6,5,1012490348
612,30,3,1012491282
612,962,5,1012491983
612,1891,5,1012492670
612,868,5,1012493645
612,1777,3,1012494450
612,978,5,1012495176
612,1474,4,1012495195
612,1467,4,1012496042
612,1192,3,1012496523
612,329,4,1012496754
612,1945,4,1012497059
612,1065,5,1012497658
612,239,3,1012498623
612,1602,3,1012498882
612,985,4,1012499119
612,876,3,1012499534
612,1943,4,1012500079
612,1084,4,1012500532
612,1108,5,1012500885
612,1304,5,1012500989
612,400,3,1012501017
612,1115,5,1012501888
612,676,5,1012502430
612,1765,4,1012503184
612,1812,4,1012503933
612,1507,4,1012504092
612,337,4,1012504251
612,1021,3,1012504960
612,1934,4,1012505868
612,749,3,1012505934
612,665,4,1012506772
612,426,3,1012506790
612,163,5,1012507332
612,178,4,1012507913
613,975,5,1012508329
613,1108,4,1012509237
613,482,4,1012509741
613,423,4,1012510017
613,1829,3,1012510861
613,837,4,1012511295
613,1051,4,1012511869
613,739,4,1012512769
613,480,5,1012513225
613,1064,4,1012514019
613,1331,5,1012514235
613,69,4,1012514292
613,1605,4,1012515271
613,1469,4,1012515627
613,1618,5,1012516192
613,1135,5,1012516966
613,1534,5,1012517491
613,461,5,1012517855
613,233,4,1012518199
613,1200,4,1012519032
613,508,5,1012519988
613,905,4,1012520649
613,484,3,1012520763
613,1242,4,1012521465
614,423,3,1012522135
614,837,5,1012522582
614,1108,5,1012522625
614,677,5,1012523202
614,1369,3,1012523914
614,1495,4,1012524387
614,627,5,1012524985
614,582,5,1012525809
614,1208,5,1012526365
614,1654,5,1012526492
614,882,5,1012526836
614,1389,5,1012527255
614,941,3,1012527621
614,983,4,1012528533
614,638,4,1012528960
614,1498,5,1012529119
614,857,4,1012530002
614,75,5,1012530609
614,1128,4,1012531474
614,473,4,1012531596
614,521,4,1012532398
614,1470,4,1012532667
614,615,3,1012533643
614,469,3,1012533824
614,238,4,1012534745
614,918,5,1012535138
614,1126,3,1012535656
614,644,5,1012536106
614,779,4,1012536854
614,1911,3,1012537675
614,570,5,1012538468
614,893,5,1012539033
614,786,4,1012539966
614,1158,5,1012540698
614,1603,4,1012541121
614,1769,4,1012542077
614,879,5,1012542389
614,896,3,1012543317
614,1162,5,1012543462
614,1729,4,1012544225
614,159,5,1012545191
614,1918,5,1012545375
614,1493,5,1012545569
614,954,5,1012546167
614,1218,4,1012546321
614,1909,4,1012546808
614,474,5,1012547258
614,1846,5,1012547629
614,443,4,1012548094
614,28,5,1012548926
614,1420,3,1012549413
614,59,3,1012550215
614,995,5,1012550756
615,701,3,1012550831
615,972,4,1012550975
615,423,5,1012551603
615,837,4,1012552013
615,847,3,1012552223
615,668,5,1012552502
615,1166,4,1012553030
615,853,4,1012553180
615,1814,3,1012553560
615,1108,5,1012554128
615,1134,4,1012555005
615,428,4,1012555408
615,1063,4,1012556244
615,898,4,1012557211
615,662,5,1012558056
615,415,5,1012558920
615,793,4,1012559137
615,426,4,1012559272
615,80,4,1012559690
615,1763,4,1012560473
615,603,5,1012560657
615,1085,5,1012561017
615,83,4,1012561312
615,939,5,1012562296
615,1177,3,1012562305
615,437,3,1012563272
615,338,4,1012563878
615,592,4,1012564859
615,815,4,1012565129
615,1741,3,1012565571
615,247,4,1012565682
615,702,4,1012566592
615,1684,5,1012567411
615,850,3,1012568280
615,1825,3,1012568804
615,1659,4,1012568974
615,742,5,1012569912
615,188,3,1012570232
615,1920,4,1012570618
615,1612,3,1012570835
615,1467,4,1012571796
615,889,4,1012572048
615,348,4,1012572466
615,700,4,1012573100
615,923,5,1012573644
615,1267,4,1012574503
615,195,4,1012575396
615,1972,5,1012576172
615,1569,5,1012576498
615,105,5,1012577187
615,1875,3,1012577898
615,1592,4,1012577902
615,1089,5,1012578490
615,712,4,1012579098
615,227,4,1012579836
616,553,5,1012580105
616,837,5,1012580335
616,923,3,1012580630
616,1776,4,1012581210
616,1108,3,1012582123
616,1833,3,1012582959
616,220,4,1012583488
616,423,3,1012583734
616,933,3,1012584116
616,1423,4,1012584830
616,1282,5,1012585205
616,716,4,1012585924
616,684,4,1012585925
616,1314,4,1012586699
616,382,4,1012587222
616,420,4,1012587966
616,130,4,1012588473
616,605,3,1012588476
616,1848,4,1012588839
616,242,5,1012589702
616,1927,4,1012590192
616,1467,5,1012590456
616,1582,4,1012591226
616,1800,4,1012592069
616,642,3,1012592565
616,1229,5,1012592919
616,1942,3,1012593773
616,1196,5,1012593992
616,276,3,1012594646
616,1922,4,1012595189
616,683,4,1012595580
616,483,3,1012595768
616,1327,3,1012595922
616,858,3,1012596862
616,415,4,1012597810
616,62,4,1012598523
616,162,3,1012599149
616,537,4,1012599414
616,876,4,1012599959
616,1649,5,1012600156
616,1355,4,1012600961
616,1834,4,1012601586
616,849,5,1012601792
616,1951,5,1012602374
616,1319,5,1012603140
617,837,3,1012603435
617,1538,5,1012604131
617,127,3,1012604785
617,423,4,1012605347
617,1099,4,1012605458
617,123,5,1012605743
617,279,5,1012606446
617,197,4,1012607402
617,1226,3,1012607511
617,358,3,1012607610
617,1988,3,1012607898
617,1529,5,1012608870
617,866,5,1012609078
617,1415,5,1012609392
617,1467,4,1012609975
617,705,4,1012610238
617,479,3,1012610354
617,516,5,1012610406
617,1032,4,1012611319
617,107,4,1012611775
617,737,5,1012612081
617,1044,3,1012612410
617,349,5,1012612419
617,792,5,1012612547
617,1108,4,1012613444
617,1733,5,1012613521
617,721,3,1012613957
617,11,5,1012614214
617,1270,5,1012614728
617,1876,3,1012615502
617,1977,4,1012616375
617,999,4,1012616942
617,438,4,1012617396
617,1525,4,1012617878
617,782,4,1012617943
617,954,3,1012618470
617,521,5,1012619215
617,919,4,1012619235
617,1563,3,1012619715
617,582,4,1012620246
617,1369,4,1012620775
617,718,5,1012620816
617,415,3,1012621551
618,837,5,1012622178
618,1979,3,1012622388
618,1991,3,1012622841
618,743,5,1012623265
618,1761,4,1012623685
618,1671,3,1012624468
618,489,4,1012624571
618,1959,3,1012624692
618,423,5,1012624804
618,313,4,1012625381
618,115,4,1012625856
618,773,3,1012626386
618,1219,3,1012626481
618,1891,5,1012626724
618,1494,3,1012627587
618,569,4,1012627768
618,90,4,1012628714
618,290,4,1012629262
618,686,5,1012629642
618,588,5,1012630390
618,712,4,1012631250
618,189,4,1012632115
618,955,3,1012632892
618,915,4,1012633061
618,1676,4,1012633370
618,1566,4,1012633816
618,1811,5,1012634433
618,1537,5,1012634636
618,925,5,1012634690
618,1108,4,1012634858
618,1973,4,1012635222
618,1466,5,1012635358
618,1276,4,1012635467
618,1915,5,1012636004
618,399,5,1012636846
618,1876,5,1012637451
618,742,4,1012637487
618,729,4,1012637862
618,457,4,1012638736
618,358,5,1012639610
618,354,5,1012639911
618,621,4,1012640298
618,9,5,1012640619
618,415,4,1012641201
618,1682,5,1012641683
618,801,5,1012641719
618,943,3,1012641786
618,40,4,1012642439
618,1415,5,1012643084
618,994,4,1012643583
618,1325,4,1012644245
618,1934,3,1012644721
618,247,4,1012645466
618,1358,4,1012646283
619,837,4,1012646478
619,758,5,1012647239
619,1077,4,1012647836
619,1405,4,1012647950
619,1467,3,1012648531
619,1108,5,1012648651
619,530,5,1012648673
619,930,4,1012649292
619,407,5,1012649457
619,1344,4,1012650300
619,1600,5,1012650599
619,1167,4,1012651065
619,1977,3,1012651401
619,1556,4,1012652373
619,1056,5,1012652978
619,926,4,1012653950
619,1959,3,1012654543
619,876,5,1012654894
619,1960,4,1012655793
619,233,3,1012656635
619,705,4,1012657087
619,503,5,1012657629
619,1733,5,1012657755
619,358,3,1012658184
619,1609,4,1012659108
619,1782,4,1012659806
619,1988,5,1012660409
619,42,3,1012660932
619,763,3,1012661440
619,1504,5,1012661896
619,1785,3,1012662537
619,864,4,1012663534
619,423,5,1012663876
619,528,4,1012663956
619,653,5,1012664287
619,1519,4,1012664592
619,1838,5,1012664709
619,725,4,1012664802
619,1882,4,1012665447
619,1295,4,1012665688
619,259,5,1012666324
619,843,4,1012666576
619,622,3,1012666916
619,290,4,1012667759
619,1700,4,1012668283
619,278,4,1012669018
619,1842,4,1012669776
619,69,5,1012670485
619,415,5,1012670701
619,1358,3,1012670913
619,1876,3,1012671161
619,123,5,1012671880
620,164,5,1012672030
620,837,4,1012672797
620,1241,4,1012672964
620,1477,4,1012673435
620,1108,3,1012673990
620,1467,5,1012674568
620,378,5,1012674589
620,1372,5,1012674986
620,456,5,1012675015
620,1128,4,1012675092
620,1445,4,1012675309
620,379,3,1012675750
620,38,5,1012676584
620,394,3,1012677541
620,1733,5,1012678199
620,236,4,1012678891
620,1728,4,1012679720
620,1062,5,1012679816
620,1574,3,1012680445
620,1288,5,1012681372
620,74,5,1012681773
620,997,5,1012682511
620,1532,3,1012682588
620,1141,4,1012682688
620,481,4,1012683372
620,423,3,1012683705
620,1568,5,1012684186
620,1007,3,1012684556
620,281,5,1012685512
620,1635,3,1012686207
620,740,3,1012687164
620,469,4,1012688021
620,304,4,1012688490
620,168,5,1012688940
620,1482,4,1012689455
620,1322,4,1012689585
621,837,5,1012690096
621,1108,3,1012690285
621,1056,4,1012690932
621,584,4,1012691719
621,1127,5,1012692044
621,1589,4,1012692749
621,423,3,1012693742
621,1996,5,1012694175
621,1688,5,1012694598
621,1808,4,1012695208
621,1571,5,1012696038
621,770,3,1012696290
621,1600,5,1012696960
621,911,3,1012697293
621,1467,4,1012697546
621,1019,4,1012697954
621,671,5,1012698489
621,1605,5,1012698828
621,679,4,1012698945
621,995,5,1012699041
621,259,5,1012699119
621,1095,4,1012699379
621,923,4,1012699697
621,1691,4,1012700162
621,589,4,1012700669
621,167,4,1012701043
621,919,3,1012701316
622,1108,4,1012701433
622,837,5,1012701783
622,1929,3,1012701810
622,1772,3,1012701899
622,815,4,1012702731
622,1705,5,1012703414
622,1465,5,1012704407
622,188,3,1012704499
622,1914,3,1012704547
622,1832,3,1012705464
622,1985,4,1012705885
622,688,5,1012706154
622,1163,4,1012706349
622,1604,4,1012707247
622,423,5,1012708079
622,1012,3,1012708359
622,1999,4,1012708860
622,1756,4,1012709294
622,1180,5,1012710118
622,520,4,1012710379
622,136,5,1012710790
622,1395,4,1012711690
622,260,3,1012712657
622,1990,4,1012712723
622,1278,4,1012712886
622,824,4,1012713712
622,1370,4,1012714203
622,377,3,1012715118
622,1160,5,1012715723
622,102,4,1012715906
622,1049,4,1012716619
622,1920,4,1012717402
622,1339,3,1012717462
622,1077,3,1012717711
622,415,5,1012718043
622,1002,5,1012718654
622,1061,5,1012719424
622,1154,5,1012720327
622,1925,4,1012721201
622,861,4,1012721970
622,348,5,1012722233
622,904,4,1012722312
622,258,3,1012722711
622,754,4,1012722865
622,846,5,1012723584
622,1463,4,1012724438
622,1814,4,1012724969
622,1081,4,1012725808
622,1511,4,1012726513
622,889,3,1012726807
622,578,3,1012727020
622,847,5,1012727670
622,1483,4,1012728509
622,1294,4,1012729266
623,1233,4,1012729586
623,1222,3,1012730533
623,1078,4,1012730867
623,961,5,1012731802
623,837,3,1012732415
623,385,3,1012733346
623,1238,4,1012734006
623,423,3,1012734046
623,625,5,1012734326
623,840,4,1012735227
623,589,4,1012735599
623,1888,5,1012735952
623,801,3,1012736186
623,925,4,1012736331
623,1108,5,1012736348
623,1619,5,1012736931
623,421,4,1012737063
623,561,4,1012737104
623,154,5,1012737720
623,1148,4,1012737763
623,1765,4,1012738306
623,1927,4,1012738920
623,1755,5,1012739840
623,1092,3,1012739978
623,895,5,1012740618
623,968,4,1012741196
623,1930,5,1012741581
623,1282,4,1012742058
623,1535,3,1012742677
623,103,3,1012742902
623,1944,5,1012743567
623,1095,3,1012743850
623,1302,4,1012744074
623,1625,4,1012744842
623,148,5,1012745364
623,16,5,1012745676
623,1922,5,1012745926
624,341,4,1012746012
624,837,5,1012746531
624,563,4,1012746754
624,1546,3,1012747638
624,687,5,1012748210
624,1702,3,1012749198
624,1246,4,1012749878
624,768,4,1012750302
624,869,4,1012750563
624,73,4,1012750672
624,1313,4,1012751448
624,1521,5,1012751801
624,551,4,1012751975
624,1062,4,1012752148
624,698,3,1012752211
624,1467,5,1012753151
624,1108,4,1012753518
624,52,5,1012754257
624,994,4,1012754716
624,42,4,1012754788
624,1967,4,1012755513
624,884,5,1012756047
624,589,3,1012756550
624,1310,4,1012757071
624,272,5,1012757957
624,634,4,1012758097
624,803,3,1012758347
624,724,4,1012758487
624,1106,3,1012758540
624,1415,4,1012759239
624,1245,5,1012759841
624,1427,4,1012760552
624,959,5,1012761463
624,811,5,1012762190
624,275,4,1012762245
624,1977,5,1012762704
624,1260,4,1012763059
624,423,5,1012763983
624,1344,4,1012764513
624,986,5,1012765025
624,717,3,1012765142
625,1108,4,1012766088
625,837,5,1012766403
625,1591,5,1012766494
625,798,5,1012767222
625,1931,5,1012767563
625,73,5,1012768530
625,449,4,1012769327
625,1855,4,1012769678
625,219,5,1012770560
625,1573,5,1012771039
625,423,5,1012771928
625,768,4,1012772134
625,1233,4,1012772811
625,1467,5,1012773537
625,123,5,1012773751
625,1276,5,1012774376
625,550,4,1012774757
625,667,4,1012774803
625,525,4,1012774849
625,1606,4,1012775231
625,1410,3,1012775621
625,1456,4,1012776399
625,1634,4,1012776797
625,828,3,1012777464
625,1585,4,1012777636
625,1230,5,1012778585
625,625,3,1012778643
625,1363,4,1012779564
625,1383,4,1012780127
625,1455,4,1012780414
625,1520,5,1012781317
625,1299,5,1012781853
625,884,5,1012782276
625,703,3,1012783009
625,1815,4,1012783060
625,1618,5,1012783423
625,1670,5,1012783715
625,145,5,1012784521
625,831,4,1012784605
625,728,4,1012784746
625,1759,3,1012785321
625,698,4,1012785952
625,1886,3,1012786186
625,1601,4,1012787164
625,1743,5,1012787835
625,150,3,1012788422
625,1959,4,1012788754
625,748,4,1012789590
625,122,5,1012790164
626,1504,5,1012790436
626,837,4,1012791242
626,1895,5,1012791464
626,1732,4,1012791524
626,423,4,1012792370
626,535,3,1012792634
626,899,5,1012792759
626,28,4,1012793482
626,1467,5,1012794113
626,376,4,1012794423
626,677,3,1012794956
626,449,5,1012795837
626,926,3,1012795922
626,1191,5,1012796870
626,306,4,1012796952
626,551,3,1012797664
626,1859,5,1012798558
626,25,4,1012799133
626,530,5,1012799840
626,879,5,1012800060
626,866,5,1012800165
626,952,5,1012800494
626,917,3,1012801003
626,192,4,1012801613
626,1884,3,1012802169
626,741,3,1012802385
626,533,4,1012802645
626,1733,5,1012802903
626,199,4,1012803607
626,282,4,1012803630
626,1539,3,1012804182
626,1886,5,1012804468
626,1022,4,1012805218
626,272,5,1012805668
626,1363,5,1012805785
626,686,4,1012806423
626,1901,4,1012806565
626,1780,4,1012806612
626,1735,4,1012806936
626,2,4,1012807225
626,1858,3,1012808076
626,1362,5,1012808833
626,107,3,1012808975
626,1424,4,1012809632
626,1813,3,1012810566
626,811,4,1012810903
626,1357,4,1012811148
626,795,3,1012811414
626,1318,4,1012812337
626,1108,5,1012813169
626,341,5,1012813515
626,11,4,1012813660
627,454,3,1012814609
627,1618,4,1012815028
627,837,4,1012815294
627,244,4,1012816060
627,1420,4,1012817028
627,1579,4,1012817618
627,1502,4,1012817847
627,614,5,1012818435
627,423,3,1012819375
627,711,4,1012820041
627,816,4,1012820453
627,1911,5,1012820821
627,714,4,1012821625
627,656,4,1012822274
627,940,3,1012822971
627,1223,3,1012823189
627,58,5,1012823196
627,1516,5,1012823524
627,644,3,1012823732
627,501,4,1012824612
627,1719,4,1012825424
627,572,5,1012825702
627,111,5,1012826525
627,1086,3,1012826756
627,643,4,1012827466
627,607,5,1012827575
627,978,3,1012828118
627,1108,3,1012828934
627,1205,4,1012829160
627,786,4,1012829600
627,783,3,1012829606
627,1052,3,1012829912
627,333,4,1012830064
627,564,3,1012830065
627,1105,4,1012830281
627,438,3,1012830676
627,1193,4,1012831402
627,534,4,1012831579
627,1218,4,1012831806
627,237,5,1012832100
627,1007,4,1012832453
627,1467,5,1012832826
627,664,4,1012833155
627,679,4,1012833632
627,1688,4,1012834105
627,78,4,1012834725
627,539,5,1012835102
627,1899,4,1012835503
627,176,4,1012835900
627,229,5,1012836593
628,837,4,1012837384
628,391,4,1012838065
628,1360,3,1012838927
628,876,3,1012839435
628,1650,4,1012840015
628,882,4,1012840473
628,352,4,1012840584
628,66,5,1012841360
628,1469,4,1012841975
628,1685,3,1012842225
628,1216,4,1012842227
628,1108,4,1012842935
628,1206,4,1012843145
628,1909,4,1012843292
628,1752,5,1012843758
628,761,3,1012844638
628,1366,3,1012845270
628,1056,5,1012845533
628,1708,4,1012846484
628,1559,4,1012847104
628,1272,3,1012847965
628,217,4,1012848291
628,273,4,1012849064
628,1494,4,1012849724
628,423,4,1012850614
628,336,5,1012850720
628,814,4,1012851527
628,1791,5,1012851960
628,1808,4,1012851998
628,1776,5,1012852398
628,915,4,1012852943
628,1792,4,1012853590
628,1927,5,1012853689
628,1729,4,1012853789
628,782,5,1012854579
628,438,5,1012854645
628,1417,5,1012855516
628,452,4,1012855920
628,590,5,1012856879
629,480,4,1012857042
629,423,4,1012857266
629,66,5,1012858087
629,1016,3,1012859046
629,837,5,1012859333
629,9,4,1012860310
629,56,4,1012860391
629,1948,4,1012861351
629,1529,5,1012861964
629,577,4,1012862212
629,802,4,1012862718
629,524,5,1012863360
629,67,4,1012864192
629,1108,4,1012864266
629,1506,4,1012864530
629,893,4,1012864653
629,233,4,1012864865
629,167,4,1012865319
629,47,4,1012866288
629,1973,5,1012866317
629,1519,4,1012866394
629,995,4,1012866885
629,505,4,1012866929
629,1467,3,1012867190
629,1991,5,1012867488
629,710,4,1012867725
629,727,3,1012868191
629,1655,5,1012868238
629,734,4,1012868291
629,1700,4,1012869072
629,314,4,1012870067
629,1788,5,1012870822
629,247,5,1012871483
629,618,5,1012871857
629,1603,3,1012872073
629,1132,4,1012872800
629,923,4,1012873623
630,837,5,1012873985
630,1852,3,1012874203
630,307,4,1012874693
630,920,4,1012874729
630,1235,5,1012875510
630,1108,4,1012876122
630,1467,5,1012876242
630,893,5,1012876303
630,1575,5,1012876660
630,639,3,1012877425
630,423,4,1012877468
630,89,4,1012877745
630,1488,4,1012878697
630,1913,4,1012879145
630,1657,3,1012879371
630,667,5,1012879547
630,565,5,1012880071
630,1984,4,1012880822
630,1986,5,1012881263
630,1424,5,1012882219
630,1813,4,1012883154
630,1419,5,1012883167
630,838,5,1012884077
630,532,5,1012884479
630,669,4,1012885382
630,1056,5,1012886073
630,810,3,1012886367
630,516,4,1012887309
630,217,5,1012887643
630,1072,4,1012888470
630,1211,5,1012888904
630,5,5,1012889459
630,60,5,1012889595
630,415,5,1012890438
630,1458,4,1012890988
630,1438,5,1012891277
630,897,4,1012891435
630,1998,5,1012891784
630,1019,3,1012892775
630,1271,3,1012893007
630,1073,5,1012893380
630,1810,4,1012893630
630,276,4,1012893661
630,78,5,1012894247
630,1090,3,1012894701
630,1265,5,1012895572
631,841,3,1012895835
631,1527,3,1012896076
631,837,3,1012896077
631,1856,3,1012896293
631,423,4,1012896937
631,1467,4,1012897467
631,441,3,1012898105
631,805,4,1012898326
631,480,5,1012899213
631,1704,5,1012899557
631,18,4,1012900504
631,100,4,1012900774
631,187,3,1012901495
631,396,3,1012901714
631,865,5,1012902234
631,147,3,1012903002
631,944,5,1012903509
631,888,4,1012903860
631,574,4,1012904346
631,1073,3,1012904573
631,1387,3,1012905361
631,1993,4,1012905763
631,1947,5,1012905935
631,1314,3,1012906337
631,463,5,1012906931
631,1629,4,1012907048
631,654,5,1012907094
631,386,4,1012907653
631,652,3,1012908003
631,820,3,1012908461
631,1596,5,1012908640
632,837,5,1012908842
632,1548,4,1012909125
632,695,5,1012909535
632,1467,4,1012909548
632,797,5,1012910463
632,1659,3,1012911014
632,713,5,1012911033
632,579,3,1012911349
632,81,5,1012912028
632,40,3,1012912393
632,1133,5,1012912838
632,481,4,1012913522
632,1516,5,1012914146
632,423,4,1012914291
632,1972,5,1012914568
632,201,3,1012915345
632,835,5,1012916285
632,1741,4,1012916565
632,1441,4,1012916865
632,1875,5,1012917381
632,1185,4,1012917854
632,629,4,1012918631
632,1035,5,1012919588
632,742,3,1012919612
632,1896,3,1012920010
632,1304,5,1012920167
632,1086,5,1012920788
632,940,3,1012921366
632,1286,4,1012921565
632,1806,5,1012922041
632,415,3,1012922343
632,1482,5,1012922942
632,448,4,1012923610
632,1530,5,1012923967
632,1474,4,1012924771
632,1302,5,1012925330
632,497,4,1012925386
632,1973,5,1012926326
632,665,5,1012926655
632,1766,5,1012927077
632,329,5,1012927130
632,773,4,1012928040
632,46,4,1012928635
632,214,5,1012929519
632,1633,5,1012930246
633,1509,4,1012930955
633,837,4,1012931362
633,1108,5,1012931940
633,1928,4,1012932695
633,490,4,1012932893
633,1619,4,1012932948
633,1822,3,1012933315
633,614,4,1012933708
633,1173,3,1012933986
633,1599,5,1012934253
633,1745,3,1012935129
633,1871,3,1012936094
633,698,5,1012936297
633,493,5,1012936710
633,641,5,1012936942
633,768,5,1012937764
633,318,4,1012938008
633,224,5,1012938568
633,1413,4,1012938901
633,957,4,1012939221
633,423,4,1012939906
633,923,3,1012940411
633,1481,5,1012941185
633,525,4,1012941753
633,1890,5,1012942553
633,1258,5,1012943356
633,1790,5,1012943370
633,379,4,1012943845
633,1136,4,1012943985
633,434,3,1012944033
633,1453,4,1012944740
633,1185,5,1012944818
633,1743,4,1012945298
633,1232,4,1012945727
633,1255,5,1012946087
633,1021,4,1012946883
633,119,3,1012946978
633,997,5,1012947269
633,82,3,1012947300
633,1288,4,1012947683
633,430,5,1012948265
633,30,3,1012948913
633,1517,4,1012949344
633,676,4,1012950321
633,1391,4,1012950455
633,1456,5,1012950956
633,1030,4,1012951410
633,14,5,1012951717
633,1618,4,1012952477
633,796,3,1012953381
633,456,5,1012953696
633,1502,3,1012954001
633,1594,3,1012954736
633,1646,3,1012955197
633,1546,5,1012955964
633,370,4,1012956762
633,1557,3,1012956983
633,440,4,1012957627
633,620,5,1012957882
633,491,4,1012958342
634,716,4,1012958934
634,1251,5,1012959018
634,1467,5,1012959140
634,837,4,1012959503
634,1445,4,1012960233
634,423,5,1012960776
634,1508,5,1012961246
634,1800,5,1012961369
634,1108,4,1012961763
634,1321,5,1012961842
634,155,5,1012962579
634,857,4,1012963229
634,726,3,1012963799
634,694,5,1012964285
634,1212,4,1012964815
634,168,4,1012965610
634,1372,4,1012966009
634,1191,5,1012966113
634,736,3,1012966324
634,1320,4,1012966989
634,1083,5,1012967232
634,418,4,1012967703
634,500,5,1012967837
634,1477,3,1012968442
634,1496,3,1012968608
634,1495,5,1012968651
634,652,4,1012969548
634,1033,3,1012970461
634,394,3,1012971368
634,1436,5,1012971834
634,682,3,1012972323
634,623,3,1012973106
634,675,5,1012973454
634,129,4,1012973552
634,881,3,1012973819
634,1097,3,1012974405
634,164,5,1012974833
634,1965,4,1012974970
634,917,4,1012975619
634,804,4,1012976192
634,1256,4,1012976218
635,837,4,1012977181
635,190,3,1012978007
635,1747,5,1012978035
635,1761,5,1012979022
635,1655,5,1012979196
635,609,3,1012979342
635,339,5,1012979872
635,467,3,1012980008
635,1887,5,1012980491
635,1874,3,1012981295
635,1236,4,1012981682
635,1131,4,1012982618
635,1944,5,1012983288
635,423,5,1012984126
635,1035,4,1012984399
635,1927,5,1012985317
635,1277,3,1012985979
635,1178,4,1012986365
635,684,4,1012986997
635,1467,3,1012987048
635,371,5,1012987881
635,198,5,1012988056
635,1715,5,1012988211
635,1108,4,1012988813
635,1731,4,1012989441
635,49,3,1012989924
635,1429,4,1012990839
635,262,4,1012991181
635,320,4,1012991979
636,837,4,1012992487
636,1504,5,1012992941
636,700,5,1012993618
636,423,4,1012993854
636,11,5,1012994172
636,629,4,1012994324
636,1103,4,1012994645
636,1903,3,1012994961
636,649,3,1012995290
636,955,4,1012996159
636,724,5,1012996212
636,1826,4,1012996329
636,1322,5,1012996940
636,1013,3,1012996973
636,1185,4,1012997572
636,1937,3,1012998145
636,1698,5,1012999080
636,1245,4,1012999621
636,1501,3,1013000045
636,237,4,1013000191
636,1249,5,1013000455
636,1057,5,1013001263
636,119,5,1013002001
636,870,3,1013002890
636,1618,5,1013003737
636,708,4,1013004370
636,304,5,1013005183
636,74,3,1013005990
636,876,4,1013006762
636,214,4,1013007397
636,665,3,1013008335
636,1632,4,1013008817
636,85,5,1013009500
636,1228,5,1013009934
636,844,5,1013010513
636,1108,4,1013010540
636,729,3,1013011190
636,192,5,1013011214
636,1722,5,1013011247
636,397,4,1013011420
636,1344,4,1013011630
636,1467,5,1013012258
636,419,4,1013012992
636,1812,4,1013013215
636,53,4,1013013905
636,928,3,1013014102
636,133,3,1013014842
636,899,5,1013015513
636,1822,4,1013016159
636,626,4,1013016807
636,1555,4,1013016990
636,721,5,1013017603
637,423,3,1013018547
637,1089,3,1013019065
637,837,3,1013019449
637,368,5,1013019607
637,1176,4,1013020572
637,428,4,1013020841
637,1209,4,1013020962
637,343,4,1013021497
637,1770,4,1013021771
637,604,4,1013022490
637,225,4,1013023127
637,459,4,1013023929
637,256,4,1013024052
637,965,5,1013024949
637,1885,3,1013025479
637,1314,4,1013025745
637,1518,3,1013026442
637,944,4,1013026625
637,1056,5,1013026677
637,1308,4,1013027293
637,1002,5,1013028155
637,692,5,1013028451
637,1935,3,1013028627
637,902,4,1013028898
637,1595,4,1013029524
637,680,4,1013029920
637,1378,3,1013030566
637,1924,4,1013031276
637,1919,5,1013031894
637,387,3,1013032664
637,291,5,1013033516
637,731,4,1013033992
637,132,5,1013034345
638,837,5,1013035243
638,1221,4,1013035417
638,857,4,1013035512
638,1144,5,1013035576
638,1938,4,1013035782
638,1846,4,1013036775
638,59,4,1013036866
638,423,5,1013037317
638,1727,4,1013037354
638,1467,4,1013038298
638,999,4,1013038791
638,1125,4,1013039627
638,1845,3,1013040055
638,138,4,1013040176
638,33,5,1013040657
638,1435,4,1013040687
638,1153,4,1013040777
638,71,5,1013041600
638,1618,4,1013042520
638,1508,5,1013042944
638,1108,4,1013043451
638,488,3,1013044013
638,1247,4,1013044402
638,1774,3,1013044526
638,594,4,1013045386
638,1543,5,1013045903
638,116,4,1013046333
638,1574,4,1013046808
638,1176,4,1013047415
638,110,4,1013048143
638,1357,5,1013048797
638,1132,5,1013049156
638,964,4,1013049748
638,260,4,1013050377
638,1768,5,1013051095
638,1895,3,1013051841
639,837,4,1013052012
639,1914,5,1013052679
639,423,4,1013052968
639,923,5,1013053035
639,1803,5,1013053596
639,1385,4,1013054115
639,1070,4,1013054598
639,1243,4,1013055536
639,1073,5,1013055598
639,256,5,1013055892
639,1340,4,1013056238
639,19,5,1013057102
639,650,4,1013057877
639,284,5,1013058317
639,674,3,1013059285
639,1467,4,1013059558
639,1497,3,1013060416
639,300,5,1013061182
639,1421,4,1013061955
639,1423,5,1013062925
639,130,4,1013062956
639,1108,5,1013063094
639,1054,5,1013063383
640,837,4,1013063840
640,174,5,1013064533
640,755,4,1013064814
640,1162,5,1013065626
640,1043,3,1013066132
640,847,3,1013066869
640,343,5,1013066977
640,1108,4,1013067850
640,423,4,1013068126
640,1017,4,1013068901
640,904,4,1013069638
640,1614,5,1013070610
640,1467,5,1013070720
640,428,3,1013071473
640,1068,4,1013071828
640,1638,5,1013071837
640,1408,5,1013072001
640,1909,5,1013072556
640,442,5,1013072852
640,1569,3,1013073490
640,982,5,1013074267
640,474,5,1013074371
640,564,4,1013074812
640,419,4,1013075543
640,338,3,1013076460
640,1218,4,1013076973
640,1272,4,1013076986
640,1154,3,1013077768
640,1364,4,1013078535
640,195,5,1013079353
640,699,5,1013079953
640,1259,5,1013080634
640,1553,3,1013081401
640,391,5,1013082053
640,662,5,1013082338
640,850,5,1013082383
640,1814,3,1013083344
640,749,5,1013083721
640,235,4,1013084314
640,1711,5,1013085218
640,783,4,1013085287
640,1666,5,1013086038
640,137,3,1013086611
640,1864,3,1013087034
640,1878,4,1013087392
640,549,4,1013087730
640,88,5,1013087819
640,786,4,1013088522
640,447,5,1013088635
640,1476,5,1013089261
640,92,4,1013090031
640,206,5,1013090475
640,1257,4,1013091172
640,1576,3,1013091377
640,87,5,1013091765
640,476,5,1013092338
641,387,4,1013092837
641,837,4,1013093173
641,1592,5,1013093676
641,423,3,1013093696
641,1374,5,1013094233
641,415,4,1013095070
641,1913,5,1013095464
641,137,5,1013096034
641,1637,4,1013096997
641,1703,5,1013097640
641,598,4,1013097857
641,1831,5,1013098390
641,1569,4,1013098528
641,1386,4,1013098986
641,1972,4,1013099035
641,1885,4,1013099744
641,773,5,1013100182
641,1133,4,1013100774
641,591,5,1013100885
641,401,5,1013101175
641,31,4,1013101312
641,1196,3,1013101450
641,1610,4,1013102080
641,87,5,1013102212
641,1143,4,1013102767
641,943,4,1013103425
641,713,3,1013104328
641,626,5,1013104547
641,1419,3,1013105387
641,755,5,1013105510
641,923,3,1013105531
641,1070,5,1013105742
641,251,4,1013106221
641,1467,3,1013107190
641,1103,4,1013108090
641,1826,4,1013108549
641,195,5,1013108746
641,1108,3,1013109485
641,518,4,1013110377
641,1056,4,1013111286
641,417,3,1013111730
641,701,5,1013112091
641,1319,3,1013112912
641,1618,5,1013113475
641,727,4,1013114396
641,822,4,1013114513
641,1897,4,1013115152
641,419,4,1013115452
641,1835,3,1013115563
641,802,5,1013116349
641,396,4,1013117151
641,1265,4,1013117357
641,1314,5,1013117900
641,1780,4,1013118578
641,749,5,1013119136
641,1072,5,1013119623
641,1248,4,1013119959
641,1576,3,1013120321
641,1684,4,1013120588
641,1488,3,1013121377
642,415,5,1013121895
642,837,4,1013122623
642,883,3,1013122946
642,1108,4,1013123100
642,949,3,1013123783
642,1532,5,1013124019
642,468,5,1013124545
642,1467,3,1013125226
642,1004,4,1013126020
642,423,3,1013126935
642,184,5,1013127544
642,881,4,1013128406
642,580,5,1013129096
642,403,5,1013129585
642,1701,4,1013130275
642,989,5,1013131018
642,977,5,1013131977
642,1692,4,1013132669
642,1560,5,1013133595
642,745,3,1013133767
642,1329,4,1013134135
642,1965,4,1013134541
642,776,4,1013134669
642,1846,3,1013134729
642,1053,4,1013134985
642,243,4,1013135212
642,1895,4,1013135771
642,1320,4,1013136041
642,1658,5,1013136758
642,187,3,1013137102
642,1172,4,1013137306
642,1788,5,1013137602
642,1311,5,1013138461
642,799,3,1013139314
642,660,5,1013139392
642,255,4,1013139720
642,18,5,1013140403
642,739,3,1013140651
642,1158,4,1013141622
642,1768,5,1013142377
642,1970,4,1013143353
642,624,4,1013144317
642,86,4,1013145216
642,740,4,1013145949
642,1357,4,1013146693
642,894,4,1013147511
642,1636,3,1013147936
642,166,3,1013148785
642,1993,4,1013149200
642,451,5,1013149385
642,1918,4,1013150290
643,981,4,1013150620
643,837,4,1013151573
643,713,4,1013152285
643,506,4,1013153155
643,39,5,1013153646
643,252,5,1013153932
643,943,3,1013154922
643,423,4,1013155037
643,1244,4,1013155755
643,1443,3,1013156412
643,49,3,1013157389
643,415,4,1013158017
643,1140,4,1013159016
643,1582,3,1013159924
643,1067,3,1013160777
643,9,5,1013161309
643,1567,4,1013161683
643,1340,4,1013162210
643,1234,4,1013163036
643,1751,4,1013163232
643,1724,4,1013163538
643,1152,3,1013164167
643,1319,4,1013164754
643,965,5,1013165640
643,1611,4,1013166464
643,598,4,1013166808
643,1063,4,1013167236
643,1739,5,1013167900
643,1345,5,1013168141
643,1467,4,1013168573
643,950,5,1013169528
643,1108,4,1013170312
643,314,3,1013171129
643,1257,4,1013171325
643,1123,5,1013171457
643,1951,4,1013172033
643,1070,4,1013172401
644,423,5,1013172583
644,837,4,1013172993
644,0,4,1013173238
644,909,5,1013173917
644,602,4,1013174755
644,756,5,1013175528
644,8,4,1013176308
644,1368,5,1013176876
644,4,4,1013177445
644,1289,5,1013178214
644,1824,4,1013178789
644,1108,4,1013179493
644,1020,4,1013179577
644,1944,5,1013180455
644,755,4,1013181348
644,1878,3,1013181998
644,1474,3,1013182095
644,840,5,1013182849
644,1608,5,1013183295
644,1169,3,1013183316
644,174,4,1013183541
644,715,3,1013183584
644,1476,5,1013184127
644,1723,5,1013184812
644,6,5,1013185429
644,1652,5,1013185904
644,258,5,1013186631
644,1300,4,1013187064
644,1082,5,1013187340
644,458,4,1013187606
644,1146,4,1013188018
644,560,4,1013188250
644,609,4,1013188367
644,240,4,1013188526
644,1103,4,1013189399
644,1763,5,1013190155
644,691,4,1013191025
644,1145,3,1013191139
644,807,4,1013192054
644,499,3,1013192566
644,1017,4,1013193538
644,1377,4,1013194125
644,1816,4,1013194494
644,852,3,1013194603
645,837,4,1013195509
645,1563,4,1013196428
645,1108,3,1013196721
645,1753,4,1013197119
645,514,4,1013197796
645,1673,5,1013198127
645,929,3,1013198211
645,927,4,1013199149
645,1589,4,1013199594
645,403,4,1013200543
645,541,4,1013201391
645,43,4,1013202228
645,1716,4,1013203055
645,1090,4,1013203943
645,1452,4,1013204714
645,1396,3,1013205398
645,59,5,1013205726
645,833,3,1013206643
645,1700,5,1013207014
645,1432,3,1013207433
645,1331,4,1013207881
646,837,4,1013208267
646,1185,3,1013209255
646,149,4,1013209601
646,194,4,1013209909
646,652,4,1013210102
646,1424,5,1013210226
646,306,4,1013210784
646,1901,4,1013211491
646,533,5,1013211538
646,160,4,1013211554
646,1698,4,1013212424
646,1812,3,1013212673
646,423,3,1013212949
646,574,4,1013213766
646,53,3,1013214316
646,812,4,1013214973
646,924,5,1013215832
646,1809,5,1013216237
646,1967,4,1013216336
646,1108,4,1013216370
646,207,5,1013216908
646,1118,5,1013217864
646,402,3,1013218478
646,285,5,1013219327
646,34,4,1013220291
646,1810,4,1013220457
646,1669,3,1013221427
646,1863,5,1013222053
646,453,5,1013222264
646,1025,4,1013222335
646,757,3,1013223015
646,1056,5,1013223341
646,12,4,1013223605
646,1383,5,1013224319
646,565,4,1013224400
646,639,5,1013225264
646,1822,5,1013225767
646,1799,4,1013225997
646,820,5,1013226469
646,759,5,1013227468
646,1585,4,1013227623
646,1467,4,1013228317
646,288,5,1013229220
646,805,3,1013229650
646,993,4,1013230642
646,928,5,1013230912
646,221,3,1013231122
646,1279,5,1013231141
646,1287,4,1013231426
646,1565,3,1013231936
646,1239,5,1013232111
646,101,3,1013232694
646,470,5,1013233085
646,1062,4,1013233744
646,838,5,1013234650
647,1513,4,1013234875
647,837,3,1013235440
647,1108,5,1013235809
647,467,4,1013236220
647,333,5,1013236634
647,1792,4,1013236764
647,1823,5,1013237299
647,1351,4,1013238229
647,1698,5,1013238702
647,806,5,1013239109
647,103,5,1013240045
647,553,5,1013240575
647,1863,5,1013241569
647,413,4,1013242523
647,683,5,1013243011
647,53,4,1013243761
647,207,5,1013244229
647,228,4,1013244837
647,1712,4,1013245648
647,1684,5,1013246090
647,649,3,1013247061
647,558,5,1013247717
647,859,4,1013248566
647,1582,4,1013249220
647,852,5,1013250188
647,1650,3,1013251172
647,423,4,1013251214
647,1696,4,1013251878
647,16,4,1013251977
647,1542,5,1013252166
647,87,4,1013252451
647,1516,4,1013252615
647,940,4,1013252833
647,455,5,1013253626
647,1903,5,1013253944
647,132,5,1013254559
647,91,5,1013254828
647,1298,5,1013255000
647,668,5,1013255856
647,1826,4,1013256171
647,1608,4,1013256645
647,1052,4,1013257025
647,1021,4,1013257786
647,1618,5,1013257937
647,1502,5,1013258087
647,1282,4,1013258609
647,1386,4,1013259152
647,1791,3,1013260150
647,214,4,1013260204
647,415,3,1013261180
648,1259,4,1013261279
648,837,4,1013261953
648,206,4,1013262711
648,343,5,1013263239
648,423,4,1013264115
648,1108,3,1013264176
648,361,4,1013264339
648,96,5,1013264820
648,1313,5,1013265600
648,1159,5,1013265824
648,751,5,1013266239
648,1138,4,1013266573
648,663,3,1013267320
648,1868,4,1013267868
648,1103,3,1013268744
648,1805,4,1013268991
648,957,5,1013269898
648,986,5,1013270335
648,807,5,1013271193
648,843,5,1013272038
649,837,5,1013272853
649,169,5,1013273506
649,1479,4,1013273702
649,926,4,1013274403
649,423,5,1013274714
649,1879,5,1013275391
649,1873,4,1013275449
649,20,5,1013275771
649,1467,4,1013276087
649,1573,5,1013276570
649,1721,4,1013276628
649,1381,4,1013277386
649,1855,5,1013277779
649,955,3,1013278125
649,802,5,1013279072
649,930,3,1013279098
649,1415,5,1013279253
649,994,4,1013279579
649,1724,4,1013280532
649,1888,4,1013280616
649,1780,5,1013281204
649,47,4,1013281831
649,1108,3,1013282175
649,1353,5,1013283118
649,415,4,1013283940
649,634,3,1013284038
649,1354,3,1013284096
650,837,4,1013284132
650,415,4,1013284289
650,423,5,1013284407
650,1101,4,1013284737
650,1991,5,1013285620
650,592,5,1013285737
650,600,3,1013286570
650,262,5,1013286794
650,573,4,1013286881
650,4,4,1013287244
650,749,5,1013288214
650,558,4,1013288482
650,734,4,1013289284
650,1609,5,1013289631
650,459,5,1013290148
650,802,4,1013290792
650,576,5,1013291198
650,198,4,1013292188
650,1590,4,1013293078
650,424,3,1013294000
650,853,5,1013294416
650,962,4,1013294791
650,1722,4,1013295565
650,88,5,1013296086
650,751,4,1013296630
650,227,5,1013296674
650,1298,4,1013297649
650,1108,5,1013297709
650,361,3,1013298459
650,843,4,1013298559
650,1740,4,1013298587
650,1227,5,1013299307
650,1248,3,1013299868
650,1133,5,1013299873
650,1785,4,1013300267
650,1441,5,1013300651
650,247,4,1013301424
650,343,5,1013301558
650,966,4,1013302349
651,809,5,1013302810
651,837,3,1013303525
651,1599,5,1013303877
651,1108,4,1013304551
651,408,3,1013305302
651,507,4,1013306058
651,961,3,1013306136
651,1900,4,1013306975
651,611,4,1013307050
651,910,5,1013307218
651,228,4,1013307748
651,283,5,1013307924
651,16,4,1013308441
651,162,4,1013308818
651,1515,4,1013308944
651,1086,4,1013309082
651,1033,5,1013309887
651,1777,4,1013310720
651,268,5,1013311319
651,141,5,1013311546
651,1467,4,1013311665
651,1677,4,1013312219
651,29,3,1013313164
651,1084,4,1013313937
651,684,5,1013314227
651,1822,4,1013314920
651,1453,5,1013315562
652,837,4,1013315983
652,1725,4,1013316904
652,1358,4,1013317709
652,1108,5,1013318496
652,255,5,1013319323
652,646,4,1013320032
652,1447,5,1013320939
652,1713,4,1013321124
652,877,5,1013321866
652,1467,5,1013322839
652,423,5,1013323404
652,1530,3,1013323874
652,1473,5,1013324072
652,686,3,1013324718
652,1781,4,1013325535
652,745,3,1013326296
652,1714,3,1013326828
652,744,5,1013327040
652,706,5,1013327129
652,36,5,1013327911
652,219,4,1013327964
652,1082,3,1013328746
652,1354,3,1013329451
652,1169,5,1013329874
652,11,5,1013330487
652,1959,5,1013330932
652,1889,4,1013331819
652,1523,4,1013332172
652,1521,4,1013332196
652,1626,4,1013332939
652,358,4,1013333736
652,1363,4,1013334346
652,1264,4,1013334471
652,819,5,1013334954
652,245,5,1013335303
652,432,4,1013335707
652,1980,5,1013336289
652,32,4,1013336794
652,1642,4,1013336796
652,1213,4,1013337033
652,90,5,1013337968
652,827,4,1013338920
652,1618,4,1013339348
652,1219,4,1013339490
652,1824,4,1013340060
652,1896,5,1013340151
652,1630,3,1013340749
652,1446,3,1013341326
652,1525,3,1013342177
653,837,4,1013342562
653,652,4,1013343309
653,196,5,1013343952
653,180,5,1013344064
653,1876,4,1013345018
653,423,3,1013345113
653,1450,3,1013345259
653,1976,4,1013345732
653,415,3,1013346225
653,1661,5,1013346682
653,362,4,1013346941
653,974,5,1013347404
653,993,3,1013347932
653,1664,4,1013348067
653,1342,5,1013348309
653,784,5,1013349066
653,1869,3,1013349919
653,1398,4,1013350210
653,113,3,1013350426
653,123,5,1013351269
653,825,5,1013351404
653,1733,4,1013352204
653,250,5,1013352405
653,1536,5,1013352777
653,1316,5,1013353368
653,956,5,1013354277
653,1108,3,1013354696
653,633,4,1013354783
653,1472,5,1013355389
653,300,4,1013356206
653,290,5,1013356825
653,1188,5,1013357718
653,647,3,1013358113
653,17,4,1013359102
653,1239,3,1013359468
653,1496,5,1013359889
653,1263,3,1013360393
653,976,5,1013360936
653,1361,3,1013361373
654,1475,4,1013362037
654,1782,5,1013362694
654,837,3,1013363528
654,378,3,1013364135
654,423,4,1013364714
654,1108,4,1013365595
654,823,4,1013366400
654,1164,4,1013366580
654,1056,3,1013367313
654,1012,4,1013368094
654,1404,4,1013368971
654,809,5,1013369942
654,277,4,1013370284
654,1618,4,1013370380
654,922,5,1013370625
654,688,5,1013371345
654,1439,5,1013371390
654,1921,3,1013371580
654,1187,3,1013371614
654,1677,5,1013372297
654,923,5,1013372686
654,1854,4,1013373577
654,179,4,1013374353
655,1131,5,1013374553
655,837,5,1013374930
655,423,5,1013375147
655,774,5,1013375309
655,328,5,1013375350
655,300,4,1013375901
655,1056,4,1013376310
655,1679,3,1013376760
655,1657,5,1013377669
655,1687,3,1013378229
655,1720,4,1013378910
655,242,5,1013379368
655,560,3,1013379427
655,531,3,1013379434
655,89,5,1013379826
655,1108,4,1013380551
655,1211,4,1013380832
655,104,3,1013380861
655,1181,5,1013381423
655,415,5,1013382324
655,57,4,1013382497
655,15,3,1013382886
656,1256,3,1013383794
656,53,5,1013384063
656,1056,5,1013384309
656,837,3,1013384746
656,1834,5,1013385097
656,1261,5,1013385171
656,62,4,1013386086
656,1484,5,1013386663
656,356,3,1013387157
656,1982,5,1013387801
656,124,4,1013387849
656,221,3,1013387897
656,15,5,1013388535
656,237,4,1013388942
656,687,5,1013389506
656,856,5,1013389705
656,304,3,1013390623
656,23,4,1013391366
656,248,4,1013391459
656,211,4,1013392213
656,1340,5,1013393146
656,60,4,1013393594
656,1305,4,1013394301
656,1157,4,1013394795
656,1070,4,1013395434
656,1823,3,1013395511
656,865,3,1013395818
656,1907,5,1013396499
656,1467,4,1013396587
656,1108,3,1013397093
656,460,5,1013397967
656,1777,5,1013398258
656,596,4,1013398710
656,1385,3,1013398879
656,623,4,1013399198
656,870,4,1013399464
656,947,5,1013399837
656,820,3,1013400076
656,1497,4,1013400925
656,1060,5,1013401415
656,1007,4,1013401731
656,1618,4,1013402048
656,923,4,1013402938
656,912,3,1013403875
657,955,4,1013404014
657,705,4,1013404431
657,837,3,1013405134
657,214,3,1013405555
657,423,5,1013406219
657,205,3,1013406642
657,869,4,1013406963
657,930,5,1013407349
657,453,4,1013408104
657,578,5,1013409083
657,1989,5,1013409623
657,1521,3,1013409808
657,1283,4,1013410292
657,21,3,1013410474
657,1108,5,1013411088
657,1543,3,1013411239
657,1221,3,1013411418
657,274,5,1013411546
657,1173,5,1013411796
657,870,5,1013412472
657,1249,4,1013412622
657,649,3,1013413320
657,619,5,1013413826
657,224,3,1013414588
657,53,4,1013415188
657,1980,3,1013415965
657,1491,3,1013416003
657,1572,5,1013416504
657,1872,5,1013416930
657,1516,3,1013417302
657,146,3,1013417986
657,1467,5,1013418510
657,1501,4,1013418954
657,237,3,1013419093
657,608,3,1013419303
657,1245,4,1013419670
657,119,3,1013419847
657,718,4,1013420714
657,397,3,1013420756
657,1219,5,1013421746
657,1770,5,1013421970
657,1845,3,1013422871
657,239,5,1013423706
657,1461,3,1013424204
657,11,4,1013424685
657,1062,4,1013424995
657,1358,3,1013425097
657,748,3,1013425189
657,884,4,1013425439
657,926,5,1013426022
657,622,3,1013426363
657,874,5,1013427014
657,1618,4,1013427842
657,1697,4,1013427859
657,1258,5,1013428297
657,631,5,1013428490
658,837,5,1013429443
658,1108,3,1013429451
658,1004,3,1013429981
658,269,5,1013430335
658,1571,3,1013430581
658,767,4,1013431137
658,423,5,1013431593
658,48,5,1013432413
658,99,4,1013433180
658,1960,4,1013433322
658,1175,5,1013433784
658,1429,4,1013433998
658,518,5,1013434990
658,1309,5,1013435004
658,1467,4,1013435775
658,1302,4,1013436530
658,1824,3,1013436936
658,1610,3,1013437796
658,591,4,1013438765
658,371,4,1013439154
658,1340,3,1013439753
658,1009,5,1013440315
658,1605,4,1013440875
658,243,3,1013441115
658,1874,5,1013441692
658,1637,4,1013442257
658,328,4,1013443250
658,266,5,1013443516
658,86,3,1013444217
658,415,4,1013444852
658,1264,3,1013445349
658,1026,5,1013445831
658,1319,3,1013446243
658,1948,4,1013446721
658,337,4,1013446903
658,1488,5,1013447073
658,69,4,1013447247
658,602,4,1013448234
658,1073,3,1013448449
658,36,4,1013449026
658,1856,3,1013449259
658,1942,4,1013449407
658,936,4,1013450330
658,1127,5,1013450767
658,60,3,1013451474
658,1618,5,1013452131
658,39,5,1013452688
658,1225,5,1013453494
658,220,3,1013453582
659,837,4,1013453630
659,1108,5,1013453970
659,1715,4,1013454288
659,630,4,1013455126
659,8,3,1013455617
659,537,4,1013455703
659,1828,5,1013456163
659,1906,3,1013456711
659,29,4,1013457655
659,4,5,1013458594
659,1476,4,1013458702
659,1563,5,1013458987
659,1103,4,1013459824
659,1104,5,1013460706
659,1513,4,1013460944
659,1113,3,1013461937
659,965,4,1013462187
659,1386,3,1013462758
659,683,4,1013463631
659,1147,4,1013464235
659,423,3,1013464595
659,1374,4,1013465505
659,1488,4,1013466376
659,64,4,1013467089
659,1319,4,1013467675
659,70,4,1013468480
659,112,4,1013469479
659,361,4,1013469808
659,1682,4,1013470009
659,1117,5,1013470347
659,137,4,1013470851
659,1908,4,1013471200
659,1045,4,1013471985
660,837,3,1013472268
660,927,5,1013472760
660,767,4,1013473102
660,524,3,1013473185
660,396,5,1013473375
660,503,4,1013473398
660,415,4,1013473642
660,409,4,1013473754
660,423,5,1013474716
660,1314,5,1013475519
660,999,4,1013475728
660,311,5,1013476135
660,1833,4,1013476411
660,983,5,1013477368
660,1420,5,1013477729
660,43,5,1013478056
660,1913,4,1013478509
660,251,5,1013478560
660,1467,4,1013479419
660,1861,3,1013480158
660,1808,5,1013480870
660,501,4,1013481043
660,989,4,1013482018
660,1838,4,1013482978
660,184,3,1013483677
660,1411,3,1013484444
660,1175,5,1013485372
660,954,3,1013485851
660,217,4,1013486153
660,1605,3,1013486324
660,60,4,1013487153
660,1529,5,1013487868
660,1108,5,1013488605
660,463,4,1013488983
660,1250,5,1013489517
660,893,3,1013490090
660,1556,5,1013490304
660,1856,5,1013490311
660,1444,4,1013491218
661,1023,3,1013491229
661,837,3,1013491773
661,305,4,1013492255
661,1610,4,1013493243
661,1739,4,1013493270
661,1442,4,1013493460
661,1758,4,1013493506
661,1726,3,1013493655
661,396,4,1013494289
661,1531,5,1013495032
661,415,3,1013495365
661,1101,4,1013496327
661,1674,4,1013496402
661,316,4,1013496688
661,1618,4,1013497406
661,1400,3,1013498164
661,1108,5,1013498542
661,722,3,1013499069
661,1411,4,1013499199
661,1830,5,1013499243
661,423,3,1013499543
662,837,5,1013500542
662,933,4,1013500565
662,531,3,1013501033
662,993,4,1013501393
662,415,4,1013502218
662,1951,4,1013503137
662,423,4,1013503547
662,595,5,1013503954
662,747,3,1013504912
662,1108,4,1013505587
662,571,4,1013506480
662,642,4,1013507019
662,1907,5,1013507757
662,1802,5,1013508283
662,1217,4,1013508702
662,245,4,1013509540
662,251,5,1013509652
662,1913,5,1013510349
662,718,5,1013510596
662,707,4,1013511404
662,865,3,1013511887
662,155,4,1013512589
662,1249,4,1013512787
662,617,4,1013513218
662,926,5,1013513244
662,670,4,1013514202
662,396,4,1013514668
662,1359,4,1013514896
662,936,5,1013515870
662,887,4,1013516089
662,944,5,1013516852
662,1349,5,1013517371
662,1567,4,1013518326
662,930,5,1013518624
662,1152,3,1013519533
662,1344,4,1013520297
662,310,4,1013520334
662,1504,3,1013520396
662,48,4,1013521290
662,460,4,1013521536
662,1976,4,1013522283
662,1319,4,1013523144
662,871,3,1013523543
662,1467,3,1013524355
662,811,3,1013524892
662,729,5,1013525846
663,1154,5,1013526156
663,1467,4,1013526709
663,1949,5,1013527322
663,837,4,1013527731
663,953,5,1013528097
663,423,4,1013528114
663,1108,4,1013528855
663,917,4,1013529097
663,1540,5,1013530069
663,1436,4,1013530538
663,1953,3,1013530751
663,854,4,1013530899
663,268,5,1013531265
663,1925,3,1013532057
663,1137,3,1013532139
663,1965,4,1013532440
663,1584,5,1013532821
663,1978,4,1013533313
663,1846,4,1013534138
663,1485,4,1013534415
663,535,4,1013534905
663,0,5,1013535387
663,881,4,1013536124
663,493,5,1013537098
663,1631,5,1013537253
663,1746,3,1013537457
663,597,5,1013537743
663,1056,5,1013537876
663,1854,3,1013538241
663,378,4,1013538832
663,433,4,1013539291
663,804,5,1013539326
663,465,4,1013540035
663,110,5,1013540158
663,1774,4,1013540288
663,138,5,1013541242
663,756,4,1013542175
663,215,4,1013542613
663,730,5,1013542702
663,236,4,1013543026
663,240,4,1013543760
663,1321,4,1013544636
663,918,3,1013544739
663,512,3,1013545052
663,1884,5,1013545256
664,385,4,1013545656
664,837,5,1013546515
664,73,3,1013547249
664,16,4,1013548089
664,1330,3,1013548255
664,1998,4,1013549187
664,683,4,1013549365
664,1229,5,1013549582
664,1582,5,1013550022
664,902,5,1013550863
664,276,3,1013551039
664,1509,5,1013551908
664,1833,3,1013552168
664,561,4,1013552864
664,387,4,1013553294
664,423,4,1013553647
664,986,3,1013553882
664,601,4,1013554819
664,1260,5,1013555624
664,48,4,1013555757
664,1494,4,1013556734
665,80,4,1013557014
665,837,4,1013557165
665,568,4,1013557757
665,423,4,1013558198
665,835,3,1013558782
665,1133,5,1013558874
665,1979,5,1013558894
665,762,4,1013559406
665,1108,5,1013559507
665,1248,4,1013560452
665,59,4,1013561098
665,354,3,1013561674
665,261,5,1013562661
665,1682,3,1013563501
665,911,5,1013563886
665,505,5,1013564536
665,1417,4,1013565511
665,1577,4,1013566168
665,1934,4,1013566913
665,800,4,1013567678
665,561,4,1013568537
665,547,4,1013569532
665,415,5,1013570163
665,1654,3,1013570894
665,582,3,1013571186
665,212,4,1013571838
665,1575,5,1013572762
665,1922,3,1013572892
665,1551,5,1013572933
665,671,5,1013573069
665,352,4,1013573473
665,1582,4,1013574015
665,1337,5,1013574702
665,413,4,1013574758
665,1891,5,1013575328
666,837,5,1013575734
666,7,3,1013576574
666,1361,5,1013577010
666,32,4,1013577532
666,334,4,1013577537
666,537,5,1013578031
666,1467,4,1013578053
666,1535,3,1013578062
666,652,4,1013578482
666,1618,4,1013578935
666,1210,4,1013579044
666,457,4,1013579095
666,1692,3,1013579705
666,630,3,1013580146
666,1229,5,1013580316
666,382,5,1013580932
666,888,4,1013581662
666,975,5,1013581777
666,223,5,1013582484
666,849,3,1013582883
666,402,4,1013583485
666,423,4,1013584470
666,716,5,1013584746
666,1222,4,1013585327
666,1108,4,1013585544
666,1326,5,1013585758
666,834,3,1013586375
666,935,3,1013587357
666,1907,4,1013587997
666,1640,4,1013588805
666,1280,3,1013589065
666,134,4,1013589764
666,273,5,1013589902
666,1325,4,1013590381
666,1800,4,1013590458
666,131,4,1013591213
666,1962,4,1013591810
666,925,4,1013591816
666,757,5,1013592807
666,1401,3,1013593220
666,415,5,1013594099
666,1922,3,1013594868
666,257,5,1013595528
666,1674,3,1013595883
666,1454,5,1013596791
666,961,4,1013597018
666,1098,4,1013597224
666,1946,5,1013597563
666,1596,4,1013598021
666,242,4,1013598079
666,789,4,1013598524
666,482,5,1013599503
666,642,4,1013600145
666,1915,5,1013600548
666,1114,4,1013601474
667,1855,4,1013601954
667,837,5,1013602202
667,571,5,1013602861
667,512,3,1013603784
667,1415,4,1013604149
667,1189,4,1013604500
667,230,4,1013605373
667,904,5,1013606156
667,332,4,1013606314
667,236,4,1013606318
667,423,5,1013607057
667,164,4,1013607590
667,530,5,1013607761
667,1846,5,1013608755
667,55,5,1013609266
667,1056,4,1013610014
667,1647,5,1013610541
667,188,4,1013611104
667,102,3,1013611854
667,717,4,1013612842
667,1416,5,1013613162
667,982,5,1013613272
667,1350,4,1013614045
667,1108,5,1013614895
667,939,4,1013615050
667,1574,5,1013615824
667,1467,4,1013616479
667,1666,4,1013616539
667,743,5,1013616614
667,0,5,1013617313
667,670,3,1013617871
667,721,5,1013618794
667,1334,4,1013618862
667,1320,4,1013619261
667,1952,4,1013619833
667,1339,4,1013619835
667,341,3,1013619924
667,1201,4,1013620692
667,355,3,1013621410
667,1832,5,1013621421
667,377,3,1013622251
667,973,4,1013622309
667,1784,3,1013623260
667,1247,4,1013623478
667,948,4,1013623847
667,730,3,1013624083
667,272,5,1013624864
667,1638,5,1013625119
667,1553,4,1013625536
667,1816,4,1013625623
667,1524,4,1013625640
667,998,5,1013626591
667,415,4,1013626950
667,1733,4,1013627682
667,458,4,1013628587
668,235,4,1013629570
668,704,4,1013629615
668,837,3,1013629680
668,485,4,1013630141
668,1467,5,1013630784
668,1232,5,1013631425
668,1339,4,1013632254
668,1910,4,1013632977
668,1515,5,1013633874
668,415,5,1013634341
668,248,3,1013635152
668,1108,3,1013635889
668,606,5,1013636227
668,423,4,1013637202
668,355,3,1013637599
668,1502,4,1013637999
668,188,3,1013638519
668,688,4,1013639170
668,869,5,1013639448
668,614,5,1013639804
668,1056,4,1013640597
668,207,3,1013641500
668,1617,4,1013641944
668,904,4,1013642774
668,1434,4,1013643660
668,870,5,1013644381
668,1516,3,1013645085
668,1350,4,1013645262
668,1367,5,1013645389
668,1772,5,1013645916
668,1638,5,1013646782
668,1034,4,1013647350
668,1338,5,1013648198
668,847,4,1013648442
668,562,5,1013648609
668,1154,3,1013649176
668,1618,5,1013649853
668,1049,4,1013650085
668,1390,5,1013650112
668,629,5,1013650305
668,1620,3,1013650681
668,1000,5,1013651150
668,876,4,1013652102
668,83,5,1013652885
668,230,4,1013653730
668,267,3,1013653819
668,1021,4,1013654075
668,203,3,1013654956
668,1231,3,1013655130
668,303,3,1013655276
668,1246,3,1013655979
668,1054,5,1013656453
669,546,4,1013657034
669,837,4,1013657772
669,1613,5,1013657793
669,1108,4,1013658718
669,1382,4,1013658959
669,1572,5,1013659461
669,864,5,1013660009
669,1995,5,1013660562
669,1235,3,1013660775
669,661,5,1013661246
669,259,4,1013661669
669,1437,4,1013661910
669,1948,4,1013661915
669,423,5,1013662883
669,1663,4,1013662937
669,84,4,1013663074
669,1467,5,1013663787
669,1654,3,1013663806
669,1618,5,1013663970
669,187,4,1013664839
669,22,4,1013665399
669,1705,4,1013665845
669,477,4,1013666560
669,1651,4,1013667230
670,415,5,1013667343
670,1579,4,1013667790
670,1144,3,1013668217
670,505,4,1013668931
670,837,4,1013669729
670,1396,5,1013669932
670,1082,4,1013670568
670,1206,5,1013670791
670,1367,4,1013671486
670,1575,4,1013671726
670,201,3,1013672147
670,1602,5,1013673011
670,1814,5,1013673616
670,1523,4,1013674291
670,188,5,1013675253
670,973,4,1013675395
670,1593,4,1013675546
670,1530,3,1013676093
670,522,5,1013676244
670,1017,4,1013676465
670,817,3,1013677269
670,458,5,1013677779
670,1467,3,1013678382
670,1108,5,1013679365
670,297,5,1013680093
670,1037,5,1013681052
670,1691,3,1013681698
670,410,4,1013682241
670,371,3,1013683001
671,320,5,1013683871
671,423,4,1013684618
671,837,5,1013685078
671,1718,5,1013685165
671,339,4,1013685434
671,133,4,1013685884
671,1676,3,1013686400
671,49,5,1013686872
671,537,3,1013687426
671,198,5,1013687879
671,413,4,1013688176
671,448,4,1013688805
671,1626,3,1013689408
671,651,4,1013689420
671,1972,5,1013689980
671,1612,4,1013690327
671,278,4,1013690723
671,1876,5,1013691128
671,1108,3,1013691850
671,1542,3,1013692558
671,1139,5,1013692652
671,657,5,1013693607
671,1249,4,1013693858
671,1467,4,1013694192
671,749,4,1013694612
671,507,4,1013695155
671,103,5,1013695174
671,1811,4,1013695530
671,1682,5,1013696140
671,1741,4,1013696811
671,547,4,1013697779
671,814,4,1013698488
671,577,5,1013699360
671,13,4,1013699431
671,1254,3,1013700117
671,561,4,1013700276
671,573,4,1013700452
671,1222,5,1013701386
671,16,4,1013701751
671,234,4,1013701754
671,1950,4,1013702360
671,866,4,1013702830
671,1633,5,1013703255
671,1630,4,1013703439
671,7,5,1013703780
671,874,4,1013704258
671,1268,4,1013704571
671,1582,4,1013705407
671,1941,5,1013706237
671,272,5,1013706752
671,1376,5,1013706819
671,835,5,1013707692
671,748,3,1013707847
671,2,4,1013707974
671,1980,4,1013708029
671,1262,5,1013708289
671,1274,4,1013708599
671,1891,4,1013708924
671,455,4,1013709567
672,423,5,1013710343
672,1089,5,1013711249
672,708,4,1013712043
672,705,4,1013712971
672,280,3,1013713724
672,1843,4,1013714178
672,1108,4,1013714566
672,837,3,1013714944
672,1425,4,1013715542
672,435,5,1013715757
672,218,4,1013716475
672,1932,5,1013716675
672,635,5,1013717228
672,571,3,1013717866
672,206,4,1013718647
672,341,4,1013719549
672,1955,5,1013719840
672,290,3,1013720261
672,1835,5,1013720344
672,1652,5,1013720965
672,279,3,1013721489
672,969,5,1013722259
672,1674,5,1013722381
672,1903,3,1013723158
672,1521,4,1013723553
672,1760,5,1013724055
672,1817,3,1013724382
672,745,4,1013724543
672,743,4,1013725470
672,85,4,1013726192
672,475,4,1013726723
672,343,4,1013727317
672,401,4,1013727630
672,358,3,1013727650
672,735,4,1013728211
672,1331,4,1013728919
672,1689,4,1013729387
672,415,3,1013729500
672,1051,5,1013730323
672,2,5,1013730762
672,1632,4,1013731500
672,807,5,1013732012
672,1538,4,1013732247
672,751,4,1013732554
673,837,4,1013732601
673,1108,4,1013732754
673,442,4,1013732792
673,81,3,1013733512
673,839,3,1013733598
673,1945,5,1013733656
673,560,4,1013733849
673,423,5,1013734805
673,1819,5,1013735427
673,1944,4,1013735480
673,612,3,1013736135
673,1149,4,1013736634
673,223,3,1013737433
673,1473,4,1013737616
673,607,3,1013737946
673,1877,4,1013738051
673,61,4,1013738377
673,1135,5,1013738830
673,1447,4,1013739445
673,882,4,1013740364
673,1889,3,1013740725
673,624,4,1013741332
673,46,3,1013741509
673,1414,4,1013741930
673,1043,5,1013742744
674,837,4,1013742928
674,671,3,1013743276
674,1343,5,1013744275
674,466,3,1013744335
674,1557,4,1013744799
674,1695,4,1013744927
674,1518,5,1013745011
674,1226,4,1013745521
674,1787,3,1013745814
674,1771,4,1013746158
674,1108,5,1013746403
674,604,5,1013746670
674,731,4,1013746882
674,1989,4,1013747740
674,1206,4,1013747883
674,1582,5,1013748535
674,446,4,1013749407
674,71,4,1013749804
674,415,5,1013750098
674,1551,3,1013750439
674,808,3,1013751114
674,1467,4,1013752062
674,1421,3,1013752217
674,1435,4,1013753146
674,1603,4,1013753400
674,1938,4,1013754155
674,75,5,1013754979
674,1995,4,1013755671
674,1892,4,1013755751
674,365,5,1013756022
674,495,5,1013756946
674,1296,4,1013757405
674,1746,5,1013758309
674,1047,5,1013758718
674,999,4,1013759584
674,277,3,1013759930
674,954,4,1013760596
674,261,3,1013761024
674,1845,5,1013761470
674,423,5,1013762219
674,1030,3,1013763120
674,1651,5,1013763635
674,1382,4,1013763654
675,42,4,1013764111
675,837,4,1013764607
675,1621,4,1013765247
675,105,4,1013765293
675,756,4,1013765490
675,964,5,1013765696
675,245,4,1013766140
675,1056,5,1013767075
675,102,5,1013767375
675,939,5,1013767656
675,478,4,1013767687
675,423,5,1013768520
675,1219,4,1013768776
675,1553,5,1013768784
675,123,3,1013769428
675,952,5,1013769835
675,1146,4,1013770331
675,465,4,1013770941
675,489,5,1013771834
675,344,4,1013771932
675,721,4,1013771966
675,1317,4,1013772600
675,1108,5,1013773476
675,708,4,1013773923
675,1895,4,1013774498
676,837,4,1013774591
676,488,4,1013774904
676,423,3,1013775604
676,1785,5,1013775860
676,663,5,1013776681
676,576,4,1013777035
676,1970,4,1013777263
676,1961,5,1013777749
676,1667,4,1013777910
676,1034,4,1013777976
676,1108,5,1013778284
676,1732,5,1013779080
676,102,5,1013779446
676,348,4,1013780375
676,1952,4,1013780696
676,1975,5,1013781305
676,27,4,1013781591
676,0,5,1013781673
676,264,4,1013782388
676,1803,5,1013782948
676,1704,5,1013783542
676,50,4,1013784213
676,197,4,1013784671
676,730,4,1013785245
676,677,4,1013785617
676,226,5,1013786163
676,1395,3,1013787161
676,1231,3,1013788117
676,847,5,1013788242
676,555,4,1013788270
676,1049,4,1013788416
676,1334,4,1013788682
676,733,4,1013789492
676,303,3,1013789766
676,289,3,1013789870
676,1620,3,1013790455
676,1189,4,1013791140
676,1056,4,1013791999
677,516,4,1013792857
677,837,4,1013793486
677,1108,4,1013793633
677,703,5,1013793965
677,1890,4,1013794306
677,330,4,1013795083
677,525,4,1013795830
677,423,5,1013795928
677,1550,4,1013796639
677,1689,3,1013796999
677,1233,5,1013797682
677,1780,5,1013798489
677,1019,3,1013799251
677,1155,5,1013799533
677,298,4,1013799665
677,1203,5,1013800547
677,1400,5,1013801153
677,1946,3,1013801733
677,1226,4,1013801998
677,1701,5,1013802853
677,1603,3,1013803520
677,937,5,1013804140
677,782,5,1013804573
677,1093,5,1013805000
677,461,3,1013805856
677,929,4,1013806344
677,261,3,1013806695
677,672,4,1013807607
677,1447,4,1013807999
677,122,5,1013808173
677,1762,3,1013808967
677,78,4,1013809416
677,582,5,1013810351
677,1873,3,1013810786
677,1692,5,1013811406
677,154,4,1013811751
677,1654,3,1013812435
677,970,5,1013813136
677,1688,5,1013814129
678,1108,5,1013814372
678,339,5,1013815233
678,837,5,1013816078
678,1977,3,1013816846
678,1178,4,1013817052
678,1222,4,1013817135
678,1770,5,1013817398
678,1111,5,1013817897
678,1561,5,1013818321
678,71,4,1013818660
678,341,5,1013818706
678,1392,4,1013818891
678,1979,5,1013819245
678,709,4,1013820043
678,622,4,1013820263
678,1513,3,1013821134
678,1985,5,1013821888
678,1705,4,1013822436
678,1696,5,1013822542
678,423,5,1013823270
678,42,5,1013823445
678,1671,4,1013824047
678,1184,5,1013825003
678,1525,4,1013825585
678,1315,5,1013826344
678,825,4,1013827166
678,608,4,1013827915
678,1381,4,1013828563
678,123,3,1013828741
678,811,5,1013829438
678,1467,4,1013829901
678,971,5,1013830055
679,837,4,1013830388
679,1611,4,1013830634
679,1398,4,1013831193
679,342,4,1013831450
679,543,3,1013832155
679,118,5,1013832411
679,1328,3,1013832424
679,729,4,1013833367
679,337,4,1013834229
679,646,5,1013834669
679,686,3,1013835007
679,423,5,1013835761
679,1923,4,1013836486
679,435,3,1013836500
679,748,4,1013837166
679,1108,3,1013837832
679,727,4,1013838594
679,946,5,1013838932
679,1934,4,1013839657
679,1088,5,1013840326
679,90,5,1013840340
679,926,5,1013840363
679,1733,5,1013840570
679,496,3,1013841032
679,955,4,1013842004
679,272,3,1013842765
679,1887,4,1013842823
679,1676,4,1013842847
679,1530,3,1013843532
679,252,4,1013844148
679,373,5,1013844427
679,1859,5,1013844530
679,1876,5,1013845314
679,1473,3,1013845518
679,1356,5,1013846268
679,426,4,1013846806
679,115,5,1013846875
679,1633,5,1013846971
680,777,4,1013847708
680,837,4,1013847790
680,607,5,1013847996
680,1748,5,1013848035
680,1559,3,1013848319
680,353,5,1013848935
680,1195,4,1013849756
680,147,4,1013850346
680,1217,4,1013851089
680,423,3,1013851228
680,719,5,1013851888
680,284,4,1013852003
680,1108,4,1013852312
680,950,4,1013852324
680,1375,4,1013853147
680,1068,4,1013853161
680,12,5,1013853312
680,1563,4,1013853653
680,1668,3,1013854340
680,143,5,1013854432
680,1820,5,1013854972
681,1714,5,1013855313
681,837,5,1013856247
681,192,5,1013856956
681,530,5,1013857060
681,358,4,1013857503
681,494,5,1013857779
681,279,3,1013858740
681,949,4,1013859450
681,1008,4,1013860251
681,937,4,1013860974
681,403,4,1013861085
681,1588,4,1013861088
681,1292,4,1013861923
681,1467,3,1013862073
681,617,4,1013862504
681,1697,3,1013862996
681,1415,5,1013863953
681,415,3,1013864776
681,1937,5,1013865199
681,624,5,1013865776
681,580,4,1013866145
681,1733,5,1013866868
681,1403,4,1013867281
681,729,5,1013867323
681,1525,4,1013868293
681,55,3,1013868364
681,1108,5,1013868735
681,551,4,1013868834
681,686,5,1013869471
681,1370,4,1013869625
681,1249,4,1013870512
682,837,3,1013871420
682,1044,5,1013872008
682,1722,4,1013872600
682,517,5,1013872952
682,875,5,1013873475
682,1708,5,1013874467
682,999,4,1013874972
682,423,4,1013875061
682,1654,5,1013875095
682,688,5,1013875713
682,1769,5,1013876547
682,690,5,1013877211
682,668,4,1013877598
682,352,5,1013878039
682,880,4,1013878040
682,1916,5,1013878432
682,1223,5,1013878724
682,1808,4,1013879597
682,437,3,1013880083
682,91,4,1013880495
682,1866,3,1013880713
682,1740,5,1013880945
682,87,3,1013881626
682,582,3,1013882286
682,1159,4,1013882446
682,900,5,1013882805
682,1782,4,1013882819
682,108,5,1013882858
682,225,4,1013883044
682,1652,4,1013883414
682,1861,5,1013883460
682,590,4,1013884421
682,541,3,1013884430
682,78,4,1013884534
682,264,5,1013885187
682,576,5,1013886048
682,1734,4,1013886524
682,301,4,1013887030
682,195,5,1013887036
682,1946,3,1013887547
682,261,4,1013887774
682,415,4,1013888661
682,1108,5,1013889530
682,644,4,1013889853
682,972,4,1013890419
682,979,4,1013890978
682,43,4,1013891814
682,1551,3,1013892238
682,843,5,1013892768
682,1988,5,1013892832
682,1608,4,1013893808
682,1583,4,1013894786
682,501,5,1013895635
682,1,4,1013896510
683,1624,4,1013897232
683,1660,3,1013897816
683,423,5,1013898687
683,1108,5,1013899237
683,837,4,1013900148
683,1635,3,1013900428
683,857,4,1013901204
683,1088,5,1013901903
683,733,4,1013901936
683,163,4,1013902658
683,1681,4,1013903501
683,1568,5,1013903635
683,387,4,1013904404
683,209,4,1013905042
683,1951,5,1013905950
683,1642,4,1013906562
683,1411,5,1013906624
683,1201,4,1013907238
683,1082,5,1013907246
683,99,4,1013907938
683,1190,4,1013908913
683,767,3,1013908974
683,965,5,1013909392
683,469,5,1013910280
683,1730,5,1013910462
683,1438,4,1013910878
683,1378,3,1013911009
683,1497,5,1013911115
683,730,4,1013911436
683,1191,4,1013912313
683,1213,5,1013913086
683,1247,5,1013913990
683,142,3,1013914610
683,1065,5,1013915373
683,282,5,1013915470
683,415,5,1013916346
683,1234,3,1013917064
683,414,5,1013917155
683,1131,4,1013917489
683,488,5,1013918368
683,1593,4,1013919074
683,1630,3,1013919126
683,822,5,1013920125
683,813,3,1013921049
684,1210,5,1013921186
684,134,5,1013922106
684,837,5,1013922328
684,977,5,1013922869
684,432,4,1013923555
684,458,5,1013923903
684,826,3,1013924238
684,1108,5,1013924877
684,423,5,1013925398
684,1152,4,1013925802
684,1522,4,1013926360
684,39,3,1013926887
684,1017,4,1013927805
684,48,4,1013928199
684,1430,5,1013928418
684,1638,5,1013929377
684,415,3,1013930046
684,60,4,1013930539
684,494,4,1013930952
684,1365,4,1013931433
684,914,3,1013932023
684,1447,4,1013932894
684,817,4,1013933409
684,1155,4,1013934377
684,981,4,1013934529
684,788,5,1013934731
684,174,4,1013934940
684,756,5,1013935920
684,1000,5,1013936790
684,735,5,1013936829
684,1913,5,1013937329
684,425,5,1013937634
684,905,4,1013938099
684,1419,3,1013938763
684,624,4,1013939344
684,1066,3,1013939562
685,1708,4,1013940272
685,837,3,1013941135
685,1208,5,1013941234
685,1861,3,1013941735
685,512,4,1013941762
685,1125,4,1013942164
685,32,4,1013942616
685,432,3,1013942779
685,1317,5,1013943430
685,1691,4,1013944226
685,423,3,1013944438
685,1568,4,1013945415
685,1769,4,1013945512
685,1223,3,1013945713
685,1445,4,1013946471
685,494,4,1013946610
685,471,5,1013946815
685,900,5,1013947301
685,1753,3,1013948243
685,740,5,1013948296
685,66,5,1013949132
685,894,3,1013949660
685,1205,5,1013950079
685,1714,4,1013950997
685,1201,4,1013951368
685,1132,5,1013951637
685,1440,5,1013952237
685,556,5,1013952461
685,1713,4,1013953019
685,1141,5,1013953659
685,1108,4,1013954116
685,1226,4,1013954477
685,261,5,1013955471
686,837,5,1013955784
686,1108,5,1013956582
686,478,4,1013957301
686,1095,5,1013957495
686,880,5,1013957551
686,1163,3,1013958134
686,423,4,1013958645
686,1054,5,1013958833
686,787,5,1013959590
686,606,4,1013960218
686,424,5,1013961196
686,575,4,1013961958
686,1146,5,1013962680
686,715,5,1013963029
686,796,4,1013963268
686,1370,3,1013963521
686,1782,3,1013963801
686,121,5,1013964295
686,1704,4,1013964519
686,916,5,1013964948
686,1619,3,1013965712
686,1339,4,1013966270
686,491,4,1013966617
686,82,4,1013966748
686,317,5,1013967514
686,703,4,1013967692
686,1517,5,1013967732
686,1462,4,1013967752
686,1078,3,1013968669
686,83,4,1013969283
686,235,4,1013969784
687,837,5,1013970694
687,179,5,1013971664
687,550,4,1013971835
687,1329,5,1013972149
687,1683,3,1013972598
687,1022,5,1013973161
687,500,5,1013973945
687,423,5,1013974408
687,587,4,1013975110
687,445,4,1013975481
687,740,4,1013976024
687,804,4,1013976410
687,1732,5,1013977018
687,1949,5,1013977027
687,1678,3,1013977149
687,894,5,1013977334
687,57,3,1013977997
687,1108,5,1013978949
687,444,5,1013979581
687,38,4,1013980531
687,923,3,1013980862
687,1421,5,1013981783
687,1606,4,1013982778
687,616,5,1013983471
687,1539,5,1013984175
688,837,5,1013984912
688,1108,4,1013985259
688,1467,5,1013985859
688,423,4,1013986196
688,912,4,1013986692
688,679,4,1013987544
688,983,3,1013987856
688,417,3,1013988405
688,654,3,1013988718
688,310,4,1013989598
688,1496,3,1013990179
688,261,3,1013990629
688,767,4,1013991156
688,506,4,1013991737
688,1389,3,1013992122
688,1551,5,1013992339
688,965,4,1013992579
688,1366,5,1013992870
688,31,5,1013993513
688,505,3,1013993724
688,1056,5,1013994534
688,650,4,1013995304
688,251,4,1013995487
688,176,4,1013996203
688,1660,5,1013997138
688,1452,3,1013997168
688,1579,5,1013997392
688,1327,3,1013997819
688,316,4,1013998526
688,1420,4,1013998857
688,1099,4,1013999754
688,37,3,1014000510
688,77,5,1014000624
688,415,5,1014001067
689,837,4,1014001380
689,1781,4,1014001976
689,117,3,1014002399
689,1208,4,1014003388
689,931,4,1014004196
689,1108,3,1014004611
689,1149,4,1014004892
689,1794,4,1014005364
689,644,4,1014005842
689,1628,4,1014006367
689,78,4,1014007075
689,423,4,1014007268
689,923,4,1014008259
689,1674,4,1014008480
689,932,3,1014008706
689,1446,4,1014008776
689,1041,4,1014008805
689,788,3,1014009154
689,177,5,1014009964
689,1946,5,1014010286
689,911,5,1014011000
689,582,3,1014011818
689,789,4,1014012789
689,1725,5,1014013523
689,1380,5,1014014478
689,990,5,1014015429
689,1366,4,1014015998
689,462,5,1014016904
689,624,4,1014017248
689,983,4,1014017548
689,1459,5,1014018452
689,108,4,1014019006
689,762,5,1014019492
689,261,5,1014019765
689,1235,4,1014020487
689,482,5,1014020598
689,706,5,1014020700
690,78,5,1014021066
690,1194,3,1014021426
690,1903,4,1014021868
690,643,3,1014022011
690,15,4,1014022331
690,837,4,1014022679
690,1607,4,1014022968
690,1452,4,1014023686
690,1228,4,1014023820
690,415,5,1014024253
690,423,3,1014025123
690,285,3,1014025169
690,1962,3,1014026040
690,1828,3,1014026576
690,1654,5,1014027435
690,87,3,1014028216
690,1359,4,1014029095
690,12,5,1014029267
690,921,4,1014029787
690,202,5,1014030291
690,1831,5,1014030657
690,402,4,1014031427
690,1738,3,1014032198
690,186,4,1014032848
690,1108,5,1014033051
690,326,4,1014033890
690,1808,3,1014034193
690,1793,5,1014034963
690,867,5,1014035532
690,505,3,1014036326
690,286,4,1014036540
690,954,5,1014036754
690,644,3,1014036857
690,1848,4,1014037138
690,59,4,1014037362
690,1212,5,1014037719
690,158,5,1014038019
690,1085,5,1014038251
690,1576,4,1014038422
690,212,4,1014039240
690,124,3,1014040016
690,1651,4,1014040800
690,516,5,1014041734
690,919,5,1014041849
690,261,5,1014041929
690,1608,4,1014042832
690,360,4,1014043427
690,1596,4,1014043948
690,196,4,1014044492
690,438,5,1014044507
690,1071,5,1014044535
691,837,3,1014044932
691,1165,4,1014045333
691,3,4,1014045932
691,415,3,1014046735
691,1215,5,1014047549
691,791,3,1014048390
691,80,4,1014048625
691,1140,4,1014049543
691,423,5,1014050484
691,398,4,1014051446
691,956,3,1014052060
691,678,4,1014052754
691,585,3,1014052903
691,308,4,1014053508
691,1499,4,1014054481
691,1850,4,1014054590
691,395,4,1014054773
691,1080,3,1014055423
691,1796,4,1014056261
691,1875,5,1014056832
692,760,4,1014057599
692,1829,3,1014057717
692,1875,5,1014058710
692,837,4,1014058790
692,988,5,1014058897
692,1608,3,1014059800
692,409,5,1014060418
692,1108,3,1014060524
692,1386,4,1014061385
692,749,4,1014061600
692,423,4,1014062249
692,1056,4,1014062404
692,1248,4,1014063221
692,853,3,1014063273
692,1838,3,1014063820
692,1298,4,1014064200
692,972,4,1014065166
692,1009,5,1014065967
692,120,5,1014066957
692,785,4,1014067489
692,415,3,1014068075
692,1948,4,1014068885
692,1788,4,1014069005
692,727,5,1014069553
692,189,4,1014070397
693,146,5,1014070983
693,899,3,1014071840
693,535,5,1014072662
693,1207,4,1014072854
693,840,3,1014073181
693,837,5,1014073633
693,1192,5,1014074351
693,1245,4,1014074690
693,423,3,1014075555
693,877,5,1014076309
693,313,4,1014077223
693,1088,5,1014078191
693,1697,3,1014078471
693,1315,5,1014078878
693,1092,4,1014079452
693,1440,5,1014079887
693,1538,4,1014080231
693,373,3,1014080244
693,1473,5,1014080494
693,1970,4,1014081435
693,290,5,1014081738
693,811,5,1014082265
693,315,3,1014082377
693,560,5,1014082805
693,1687,4,1014083436
693,743,4,1014084127
693,55,4,1014084348
693,1754,5,1014085077
693,1844,4,1014085943
693,1108,4,1014085973
693,819,5,1014086303
693,1593,4,1014086592
693,222,4,1014087308
693,1264,5,1014087732
693,345,4,1014088116
693,1704,5,1014088557
693,1508,5,1014089083
693,1768,4,1014089702
693,1937,4,1014089857
693,1552,3,1014090790
693,621,4,1014091772
693,1276,5,1014092489
694,837,5,1014092618
694,1989,3,1014092961
694,1511,4,1014093666
694,29,5,1014094216
694,1775,4,1014094406
694,1435,5,1014094957
694,1507,3,1014095833
694,1749,4,1014096617
694,655,3,1014096938
694,877,3,1014097020
694,1747,4,1014097276
694,1108,4,1014098035
694,1577,3,1014098529
694,1002,4,1014098742
694,890,5,1014098814
694,1731,3,1014099134
694,1791,3,1014099310
694,1877,5,1014099520
694,423,3,1014100067
694,594,4,1014100211
694,315,4,1014100670
694,1887,5,1014101176
694,1184,3,1014101997
694,537,4,1014102554
694,1178,3,1014102661
694,1945,5,1014103436
694,891,4,1014104093
694,1968,4,1014104607
694,1494,3,1014104709
694,1466,4,1014105031
694,371,5,1014105932
694,413,3,1014106188
695,1826,4,1014106768
695,1797,5,1014106989
695,837,4,1014107062
695,1189,3,1014107087
695,1608,5,1014107355
695,946,3,1014108346
695,1108,4,1014108938
695,1652,5,1014109040
695,200,4,1014109092
695,1448,5,1014110089
695,776,5,1014110772
695,1377,4,1014111603
695,1259,5,1014112016
695,1171,4,1014112944
695,428,5,1014113640
695,751,3,1014114250
695,773,5,1014114402
695,1618,4,1014115235
695,690,5,1014115504
695,415,5,1014115569
695,423,5,1014116387
695,8,5,1014116965
695,898,3,1014117540
695,429,5,1014117830
695,1866,4,1014118015
695,234,5,1014118266
695,1153,4,1014119155
695,28,3,1014119476
695,1965,5,1014119965
695,1540,5,1014120042
695,765,5,1014120713
695,844,3,1014120835
695,913,5,1014121272
695,1611,3,1014122154
695,169,4,1014122851
695,618,5,1014123198
695,1576,4,1014123960
695,132,4,1014124256
695,1903,5,1014124907
695,1145,4,1014125433
695,247,4,1014126064
695,419,5,1014126960
695,431,5,1014127913
695,399,5,1014128477
695,1087,4,1014129442
695,1631,4,1014130197
695,338,3,1014130467
695,91,3,1014131371
695,56,5,1014132178
695,252,5,1014133016
695,426,5,1014133927
696,1605,4,1014134671
696,1587,4,1014135451
696,990,4,1014136413
696,837,4,1014136560
696,553,3,1014137062
696,325,4,1014137128
696,382,5,1014137462
696,441,4,1014138130
696,113,4,1014138777
696,498,5,1014139283
696,1450,5,1014139543
696,559,3,1014140379
696,1397,5,1014141011
696,588,5,1014141143
696,1150,5,1014141733
696,1108,4,1014141843
696,29,4,1014142305
696,647,4,1014142703
696,1467,4,1014143329
696,390,4,1014143371
696,1376,4,1014143602
696,69,5,1014143954
696,161,4,1014144158
696,369,4,1014144708
696,354,4,1014145340
696,636,4,1014145803
696,1857,5,1014145892
696,398,3,1014146402
696,1783,5,1014147200
696,1577,5,1014148157
696,16,4,1014148384
696,976,4,1014148714
696,1355,5,1014149013
696,1346,4,1014149471
696,423,5,1014150152
696,17,4,1014150366
696,415,4,1014150674
696,537,3,1014151340
696,775,5,1014151907
696,190,5,1014152589
696,1312,5,1014153461
696,324,3,1014153863
696,484,4,1014154566
696,1064,5,1014155098
696,1432,4,1014155134
696,468,4,1014155767
696,1661,4,1014155829
696,540,5,1014156707
696,1597,5,1014157687
696,364,5,1014157850
696,561,3,1014158625
696,1059,5,1014159238
696,925,5,1014159573
696,569,3,1014160435
696,183,5,1014160599
696,814,4,1014161276
696,157,5,1014161512
697,1424,4,1014161992
697,51,4,1014162208
697,831,4,1014162593
697,423,3,1014162968
697,837,4,1014163751
697,1074,4,1014164737
697,1823,3,1014165631
697,57,4,1014166209
697,299,4,1014167077
697,1822,4,1014168001
697,992,4,1014168883
697,1954,5,1014169096
697,778,4,1014169923
697,579,5,1014170563
697,876,5,1014171078
697,98,4,1014171098
697,149,5,1014171174
697,199,4,1014172068
697,1118,5,1014173067
697,907,5,1014173102
697,1625,4,1014173391
697,538,4,1014173551
697,356,5,1014174441
697,1129,4,1014175168
697,869,3,1014175273
697,1108,4,1014176222
697,232,4,1014176285
697,870,4,1014176634
697,449,4,1014177538
697,1967,4,1014177666
697,1062,4,1014178494
697,1618,3,1014179083
697,1266,4,1014179484
697,1694,5,1014180013
697,1061,5,1014181002
697,1278,5,1014181291
697,1111,3,1014182069
697,1924,4,1014182760
697,333,4,1014182822
697,764,4,1014183222
697,1221,4,1014183286
697,274,4,1014183987
697,1735,4,1014184806
697,1807,4,1014185604
697,487,5,1014186159
697,1919,3,1014186243
697,1373,5,1014186680
697,1296,3,1014187252
697,759,5,1014187804
697,578,4,1014188107
697,89,5,1014188618
697,1518,5,1014189197
697,1939,5,1014189427
697,248,4,1014189768
698,837,5,1014190394
698,410,4,1014191043
698,423,5,1014191300
698,206,5,1014191407
698,852,3,1014192320
698,945,4,1014192485
698,1108,4,1014192537
698,1112,5,1014192598
698,1556,4,1014193560
698,1711,4,1014193645
698,1034,5,1014194437
698,725,4,1014195378
698,1526,5,1014196010
698,478,4,1014196217
698,1224,5,1014197099
698,1064,5,1014197724
698,492,4,1014198637
698,465,3,1014199254
698,287,4,1014200053
698,1467,4,1014200253
698,1605,4,1014200842
698,343,5,1014201224
699,455,4,1014202196
699,837,5,1014202516
699,339,4,1014202527
699,1728,4,1014203382
699,1474,4,1014203389
699,1625,4,1014203846
699,1222,3,1014204794
699,141,3,1014204883
699,673,4,1014205215
699,1983,4,1014205351
699,1192,5,1014205694
699,1213,4,1014206535
699,183,3,1014207121
699,423,5,1014207165
699,814,5,1014207367
699,1312,5,1014208238
699,683,4,1014208352
699,543,4,1014209200
699,968,5,1014209862
699,340,4,1014210694
699,496,3,1014211255
699,611,3,1014211883
699,1594,5,1014212475
699,1404,5,1014212831
699,834,4,1014213782
699,1893,3,1014214676
699,553,4,1014215245
699,1108,5,1014215604
700,837,5,1014215871
700,1153,5,1014216757
700,1779,5,1014216883
700,1144,3,1014217822
700,1108,4,1014218391
700,1207,4,1014219108
700,1056,4,1014220096
700,1884,4,1014220557
700,1450,4,1014221272
700,740,4,1014221376
700,1987,3,1014221570
700,1038,3,1014222452
700,1618,5,1014222684
700,1532,3,1014223427
700,1933,4,1014223981
700,1293,4,1014224742
700,1191,4,1014225116
700,741,4,1014225769
700,423,4,1014225835
700,1125,4,1014226323
700,1042,4,1014226640
700,246,4,1014227531
700,1080,3,1014227689
700,415,4,1014228195
700,65,4,1014228959
700,1188,3,1014229799
700,436,5,1014230083
700,1774,5,1014230986
700,1235,5,1014231647
700,1628,5,1014232452
700,999,5,1014232516
700,784,4,1014232770
700,548,5,1014233364
700,875,5,1014234340
701,1648,4,1014234745
701,837,3,1014235041
701,1796,5,1014235659
701,109,3,1014236064
701,1988,4,1014236090
701,606,4,1014236689
701,704,3,1014237622
701,423,4,1014237892
701,1216,3,1014237984
701,1044,5,1014238487
701,1914,3,1014239476
701,1628,5,1014239478
701,383,4,1014239616
701,1056,4,1014240404
701,585,5,1014241373
701,1795,4,1014242088
701,749,5,1014243085
701,714,5,1014243700
701,1450,3,1014244502
701,1197,5,1014244584
701,1108,4,1014245097
701,1394,3,1014245574
701,663,4,1014245760
701,966,5,1014245838
701,1295,4,1014246812
701,180,3,1014247228
701,1864,3,1014247934
701,1869,4,1014248299
701,990,4,1014248795
701,10,4,1014248840
701,1412,3,1014248995
701,559,4,1014249838
701,1462,5,1014249884
701,95,3,1014250729
701,1215,3,1014251446
701,1850,3,1014252074
701,1049,5,1014252224
701,1408,4,1014252940
701,1174,5,1014253648
701,1653,4,1014254444
701,1801,5,1014255357
701,1672,5,1014255637
701,143,4,1014256329
701,452,4,1014256420
701,534,3,1014256604
701,1898,5,1014256718
701,1785,5,1014256882
701,1512,4,1014257564
701,1487,3,1014257824
701,882,5,1014258736
701,213,3,1014259590
701,1316,5,1014259641
701,1038,4,1014260402
701,777,5,1014261337
702,837,4,1014262265
702,1194,3,1014263204
702,983,5,1014263666
702,63,4,1014263992
702,675,5,1014264508
702,692,4,1014264867
702,1229,4,1014265725
702,1346,4,1014266457
702,68,4,1014267091
702,1950,5,1014267598
702,1453,5,1014268371
702,423,5,1014268950
702,1108,5,1014269881
702,651,5,1014270314
702,1718,4,1014271126
702,922,5,1014271491
702,1682,3,1014272402
702,1467,4,1014272995
702,1439,4,1014273472
702,923,5,1014273694
702,569,4,1014273703
702,1790,3,1014274533
702,320,5,1014274646
702,501,4,1014275421
702,1561,3,1014275572
702,67,4,1014275881
702,611,4,1014276102
702,369,5,1014276879
702,418,5,1014277589
702,806,5,1014277718
702,1494,3,1014278240
702,352,4,1014278629
702,1688,3,1014278790
702,1678,3,1014279374
702,1579,5,1014280225
702,1668,4,1014280290
702,1355,5,1014281035
702,929,4,1014281592
702,1144,3,1014282413
702,464,5,1014283178
702,1120,4,1014283537
702,529,4,1014284005
702,900,4,1014284945
702,582,3,1014285236
702,903,5,1014286087
702,1706,4,1014286922
702,79,4,1014287851
702,1392,4,1014288695
702,1335,4,1014289627
702,179,4,1014289848
702,620,4,1014290079
702,500,5,1014290763
702,925,4,1014291290
702,782,4,1014292160
702,1654,5,1014292557
702,801,5,1014292917
702,254,3,1014293792
703,1806,3,1014294414
703,1199,3,1014294763
703,53,3,1014295504
703,837,4,1014296439
703,1437,4,1014296826
703,669,4,1014297780
703,659,4,1014298297
703,1764,3,1014298960
703,1457,3,1014299466
703,1705,5,1014299669
703,754,4,1014300542
703,1341,4,1014300869
703,119,5,1014301221
703,57,4,1014301880
703,546,5,1014302851
703,30,5,1014303142
703,869,5,1014303391
703,1108,3,1014303650
703,608,5,1014303687
703,778,4,1014304071
703,1209,4,1014304524
703,423,4,1014304890
703,1458,3,1014304945
703,1096,3,1014305411
703,1220,5,1014305736
703,1084,4,1014306372
703,1735,5,1014306623
703,1810,5,1014307226
703,140,4,1014308216
703,838,4,1014308227
703,565,5,1014308732
703,924,5,1014309104
703,1585,3,1014309822
703,611,5,1014309861
703,1900,5,1014310834
703,1818,5,1014311570
703,1382,3,1014312361
703,1989,4,1014312638
703,34,4,1014312783
703,746,4,1014312972
703,545,5,1014313746
703,346,5,1014314487
703,1572,5,1014315152
703,1118,3,1014315419
703,1899,4,1014315933
703,870,5,1014316240
703,1954,3,1014316770
703,1409,5,1014317753
703,803,5,1014318082
703,1424,5,1014318092
703,1823,4,1014318927
703,172,5,1014319421
703,978,3,1014320275
703,160,4,1014320428
703,1322,5,1014321016
703,33,5,1014321313
703,1124,4,1014321513
703,430,5,1014322458
704,180,4,1014322824
704,595,4,1014323783
704,1108,3,1014324198
704,837,3,1014325058
704,357,4,1014325549
704,197,4,1014326356
704,576,4,1014327135
704,1327,5,1014327877
704,1433,4,1014328570
704,139,4,1014329476
704,987,3,1014330359
704,246,4,1014330375
704,680,4,1014330867
704,688,4,1014331525
704,519,4,1014332244
704,1080,3,1014333111
704,1618,4,1014334008
704,591,4,1014334186
704,1772,5,1014334946
704,1385,4,1014334965
704,871,5,1014335123
704,880,3,1014335965
704,1850,5,1014336592
704,540,5,1014336973
704,1165,4,1014337518
704,387,4,1014338410
704,1681,3,1014338730
704,1073,5,1014339124
704,94,4,1014339871
704,1113,3,1014340774
704,1913,3,1014341341
704,1975,4,1014342169
704,1198,5,1014343128
704,335,3,1014343515
704,128,5,1014344407
704,1997,5,1014344706
704,1244,4,1014344878
704,1187,4,1014345788
704,127,4,1014346636
704,1862,5,1014347234
704,398,4,1014347815
704,1077,5,1014348320
704,517,4,1014349298
704,697,3,1014349823
704,585,4,1014349851
704,423,5,1014350480
704,231,4,1014351310
704,60,5,1014352202
704,784,4,1014352244
704,599,4,1014352790
704,1042,4,1014353384
704,1243,3,1014353518
704,944,3,1014353767
704,1056,5,1014354547
704,1988,5,1014355465
705,837,5,1014356115
705,47,4,1014356767
705,1946,3,1014357507
705,448,5,1014357924
705,1063,5,1014358887
705,931,5,1014359582
705,1525,4,1014360032
705,818,5,1014360424
705,341,4,1014361057
705,423,5,1014361787
705,1692,3,1014362167
705,1713,3,1014362441
705,1056,4,1014362539
705,1972,5,1014363202
705,1108,4,1014363864
705,969,3,1014363891
705,937,5,1014364784
705,1354,4,1014365232
705,56,5,1014365929
705,278,3,1014366441
705,1741,5,1014366980
705,853,4,1014366987
705,1753,5,1014367295
705,1902,5,1014368141
705,1448,4,1014368158
705,9,3,1014369128
705,622,5,1014369943
705,1636,5,1014370315
705,255,3,1014370521
705,55,5,1014371121
705,1400,5,1014371458
705,735,5,1014372131
705,1725,3,1014373049
705,712,4,1014373467
705,1934,5,1014373471
705,1415,4,1014373754
705,825,5,1014374684
705,1028,5,1014374807
705,1760,3,1014375125
705,200,3,1014375477
705,713,5,1014376146
705,743,5,1014376604
705,766,3,1014376838
705,1240,5,1014376881
705,412,5,1014377472
705,1139,5,1014377916
706,837,5,1014378696
706,1310,4,1014379138
706,1467,4,1014380100
706,698,5,1014380952
706,811,4,1014381703
706,281,4,1014382503
706,1888,4,1014383349
706,926,5,1014383573
706,1601,3,1014383651
706,1698,4,1014384044
706,145,4,1014384560
706,551,4,1014385274
706,1238,4,1014386141
706,1702,5,1014386956
706,123,5,1014387673
706,154,5,1014388443
706,530,4,1014388551
706,1322,5,1014389166
706,90,4,1014390146
706,423,4,1014390740
706,828,5,1014390937
706,884,4,1014391297
706,1330,4,1014392256
706,239,3,1014392926
706,646,5,1014393132
706,1230,3,1014393775
706,1108,3,1014394649
706,107,3,1014395285
706,670,3,1014395813
706,985,4,1014396009
706,44,5,1014396304
706,1930,3,1014396925
706,525,3,1014397435
706,1246,4,1014397675
706,237,5,1014397955
706,866,3,1014398317
706,34,5,1014399270
706,278,5,1014399763
706,263,5,1014399910
706,1219,5,1014400523
706,42,4,1014400792
706,721,3,1014401256
706,385,5,1014401968
706,1290,5,1014402937
706,73,4,1014403800
706,1199,3,1014404319
706,1110,5,1014404944
706,229,4,1014405635
706,1358,3,1014406563
706,440,3,1014406570
706,192,4,1014407340
706,119,5,1014408052
707,837,3,1014408758
707,290,4,1014409337
707,1861,4,1014409479
707,1108,4,1014410228
707,1683,3,1014410461
707,762,4,1014410507
707,313,4,1014411306
707,1274,4,1014411581
707,1884,5,1014411718
707,729,4,1014411827
707,1780,3,1014412357
707,1262,3,1014412619
707,689,4,1014413261
707,1363,4,1014413941
707,217,4,1014414917
707,110,3,1014415507
707,1631,5,1014416379
707,423,3,1014416903
707,1158,4,1014417540
707,1651,4,1014417916
707,177,4,1014418553
707,1532,4,1014419184
707,548,4,1014419792
707,1284,5,1014419963
707,874,3,1014420190
707,79,4,1014421057
707,1189,5,1014421438
707,899,5,1014421921
707,1732,4,1014422417
707,25,3,1014422508
707,1087,4,1014422806
707,78,3,1014423178
707,747,4,1014423182
707,415,4,1014423426
707,436,5,1014424012
707,679,4,1014424732
707,1206,4,1014425428
707,1525,4,1014425987
707,516,5,1014426958
707,917,3,1014427280
707,1436,4,1014427596
707,1647,5,1014427800
707,1603,4,1014428722
707,918,4,1014429174
707,1343,4,1014429387
707,955,5,1014429656
707,1467,5,1014430350
707,1428,5,1014430868
707,1094,4,1014431409
707,1886,4,1014431511
707,1742,5,1014431801
707,740,4,1014432675
707,272,3,1014432945
707,352,5,1014433389
707,621,4,1014433521
707,1329,4,1014434265
708,837,4,1014434864
708,1612,3,1014435718
708,423,5,1014436343
708,289,4,1014436666
708,1633,5,1014436791
708,780,4,1014436919
708,1700,5,1014437323
708,1405,4,1014437785
708,1882,4,1014438364
708,1108,5,1014438859
708,247,3,1014439172
708,1589,5,1014439886
708,1004,4,1014440653
708,661,5,1014441095
708,1782,4,1014441632
708,120,4,1014441789
708,1758,4,1014442540
708,40,4,1014443141
708,153,5,1014444095
708,293,3,1014444147
708,1467,3,1014444303
708,169,4,1014444916
708,927,5,1014445542
708,292,5,1014445771
708,1054,5,1014446678
708,916,5,1014447656
708,575,4,1014448259
708,1063,4,1014449190
708,573,4,1014449270
708,1658,5,1014449682
708,1856,5,1014450397
709,999,5,1014450781
709,837,4,1014451647
709,1567,5,1014452230
709,423,4,1014452623
709,1319,4,1014453305
709,1087,3,1014453587
709,176,4,1014453907
709,443,5,1014454749
709,1560,4,1014455262
709,177,5,1014455885
709,282,4,1014456103
709,1372,4,1014456559
709,541,3,1014457177
709,1942,4,1014457629
709,936,4,1014458452
709,1754,5,1014458801
709,1984,5,1014459102
709,294,3,1014459526
709,1317,3,1014460362
709,674,4,1014461339
709,900,3,1014461463
709,1284,5,1014462398
709,28,5,1014462575
709,1477,5,1014462654
709,952,5,1014462937
709,1172,3,1014463089
709,1076,5,1014463521
709,1161,4,1014463665
709,1223,3,1014464447
709,737,5,1014465167
709,1075,5,1014465482
709,881,5,1014465654
709,1493,5,1014466046
709,1108,5,1014466449
709,893,5,1014467336
709,1440,3,1014467423
709,1654,4,1014468340
709,1739,5,1014468743
709,964,4,1014469071
709,1452,5,1014470043
709,923,4,1014470956
709,1683,3,1014471094
709,1631,4,1014471669
709,1508,4,1014472556
709,1094,3,1014473214
709,1147,4,1014474117
709,1583,4,1014475071
709,77,4,1014475603
709,1196,4,1014476423
709,582,4,1014476750
709,1244,4,1014477057
709,1072,4,1014477149
709,1334,3,1014477748
709,220,3,1014478595
710,237,4,1014479359
710,248,3,1014480096
710,328,5,1014480641
710,837,5,1014480740
710,423,5,1014481618
710,1108,5,1014481851
710,1749,5,1014482473
710,1363,3,1014483322
710,1245,5,1014484241
710,329,5,1014484535
710,55,3,1014484906
710,1199,5,1014485577
710,1503,4,1014486099
710,472,5,1014486205
710,1982,4,1014486261
710,222,4,1014487104
710,955,4,1014488032
710,152,5,1014488800
710,1876,5,1014488928
710,497,5,1014489321
710,926,5,1014489431
710,994,3,1014489907
710,1515,5,1014490859
710,959,5,1014491856
710,676,5,1014492781
710,1415,5,1014493399
710,133,4,1014494275
710,1474,5,1014494816
710,342,4,1014495771
710,1484,4,1014496175
710,1262,5,1014496631
710,1427,4,1014496735
710,1191,5,1014496861
710,1358,4,1014497347
710,1775,4,1014498136
710,42,4,1014498168
710,415,4,1014498915
710,748,5,1014499191
710,1967,4,1014499320
710,1467,5,1014499378
710,1968,4,1014499829
710,803,5,1014500260
710,1398,3,1014500472
710,6,3,1014500957
710,205,3,1014501776
710,23,4,1014502061
710,930,4,1014502270
710,1173,5,1014502693
710,81,4,1014503493
710,499,4,1014503833
710,1538,5,1014504001
710,249,4,1014504574
710,1413,3,1014505533
710,891,4,1014505691
710,163,4,1014506569
710,1482,4,1014506928
710,1698,4,1014507070
711,1865,5,1014507785
711,733,4,1014508761
711,837,4,1014509437
711,164,4,1014509554
711,48,3,1014510106
711,1005,5,1014510384
711,1467,3,1014510900
711,1372,4,1014511222
711,881,3,1014511508
711,116,4,1014512251
711,694,3,1014513033
711,1864,4,1014513139
711,776,3,1014513839
711,423,3,1014514634
711,1469,5,1014515473
711,1660,4,1014515844
711,182,5,1014516526
711,1436,4,1014517053
711,1104,3,1014517988
711,111,4,1014518708
711,1840,4,1014518952
711,25,3,1014519378
711,1108,4,1014519503
711,506,4,1014519997
711,244,3,1014520067
711,50,4,1014520930
711,1635,4,1014521350
711,532,4,1014521721
711,597,4,1014522389
711,45,4,1014522509
711,1567,3,1014522868
711,1128,5,1014523758
711,960,4,1014524257
711,1318,4,1014524295
711,1135,5,1014524616
712,1856,4,1014524833
712,1828,5,1014524844
712,319,5,1014525736
712,837,3,1014526259
712,1618,5,1014527068
712,720,5,1014528003
712,1352,3,1014528122
712,594,5,1014529065
712,807,3,1014529799
712,1184,5,1014530040
712,1,4,1014530065
712,1373,4,1014530949
712,1341,3,1014531297
712,422,5,1014531677
712,921,3,1014532433
712,1885,5,1014533071
712,1572,4,1014533625
712,1467,4,1014533774
712,363,5,1014534717
712,1059,3,1014535420
712,557,4,1014535527
712,1186,5,1014536481
712,668,5,1014536505
712,1180,3,1014537296
712,1013,4,1014537306
712,1009,5,1014537730
712,1929,4,1014538701
712,1797,5,1014538860
712,1989,4,1014539174
712,1204,3,1014540095
712,1374,5,1014540798
712,423,4,1014541492
712,187,5,1014541677
712,592,5,1014541947
712,225,4,1014542166
712,836,5,1014542530
712,754,5,1014543094
712,1111,5,1014543583
712,1705,5,1014544487
712,1770,4,1014545447
712,1829,5,1014545548
712,459,4,1014545636
713,837,5,1014546289
713,181,4,1014546379
713,237,5,1014546502
713,34,4,1014546518
713,413,5,1014547362
713,517,4,1014547661
713,651,4,1014548505
713,910,5,1014549085
713,640,4,1014549494
713,205,4,1014550138
713,1927,3,1014550245
713,1045,4,1014550820
713,1187,5,1014551378
713,257,5,1014551625
713,876,5,1014551809
713,1696,4,1014551869
713,1049,4,1014552612
713,673,5,1014553275
713,485,3,1014554113
713,803,3,1014554613
713,1812,4,1014554675
713,1108,5,1014555271
713,423,5,1014555452
713,1791,5,1014555638
713,1119,3,1014555661
713,1639,4,1014556144
713,869,5,1014556222
713,281,4,1014556530
713,1294,5,1014556827
713,688,4,1014557240
713,1915,4,1014557869
713,1535,3,1014558646
713,1229,3,1014558928
713,859,4,1014558964
713,1412,3,1014559694
713,1312,4,1014559916
713,537,4,1014560319
713,1618,3,1014561030
713,301,5,1014561654
713,464,3,1014561830
713,339,5,1014561869
713,1325,3,1014562090
713,74,3,1014562802
713,1922,3,1014563504
713,1351,5,1014564332
714,423,3,1014564485
714,1497,5,1014565063
714,837,5,1014565581
714,707,4,1014566030
714,124,4,1014566536
714,11,4,1014567201
714,1108,5,1014567550
714,415,5,1014568403
714,947,3,1014568424
714,1104,5,1014569231
714,617,4,1014569383
714,278,4,1014569959
714,489,4,1014570239
714,285,3,1014570843
714,1073,3,1014571206
714,1607,4,1014571871
714,1060,5,1014572455
714,300,3,1014573244
714,965,4,1014573295
714,1349,5,1014573861
714,147,3,1014574450
714,1196,4,1014574800
714,1624,3,1014575168
714,736,5,1014576046
714,856,4,1014576395
714,1358,3,1014577328
714,658,4,1014577523
714,1876,4,1014578461
714,386,4,1014578600
714,62,4,1014578916
714,1860,4,1014579770
714,923,4,1014580300
714,1618,5,1014581067
714,1363,4,1014581969
714,1537,5,1014582505
714,718,4,1014582927
714,581,3,1014583871
714,1319,4,1014584751
714,1130,5,1014585682
714,130,5,1014586282
714,1625,4,1014586577
715,44,3,1014587001
715,837,4,1014587883
715,1108,4,1014587935
715,317,4,1014588292
715,1481,3,1014588909
715,1898,4,1014589263
715,1051,4,1014590128
715,388,3,1014590612
715,97,4,1014590999
715,951,4,1014591359
715,1029,3,1014592349
715,35,3,1014592930
715,156,5,1014593549
715,1162,5,1014593574
715,494,5,1014594090
715,1701,4,1014594764
715,905,4,1014595549
715,1864,3,1014595953
715,1091,4,1014596877
715,634,5,1014596905
715,1662,3,1014597404
715,1347,5,1014597806
715,421,5,1014598505
715,770,4,1014598805
715,423,3,1014599673
715,827,4,1014600667
715,1713,5,1014601507
715,1675,3,1014601614
715,412,3,1014602176
715,777,4,1014602888
715,1873,4,1014603016
715,336,5,1014603440
715,415,4,1014603662
715,238,3,1014603844
715,969,4,1014603961
715,1996,5,1014604718
715,1725,5,1014605391
715,1546,5,1014606315
715,93,3,1014606949
715,1126,3,1014607697
715,1714,3,1014608348
715,664,5,1014608359
715,745,4,1014609133
715,1272,5,1014609756
715,1005,5,1014610272
715,1819,5,1014610281
715,1095,4,1014610927
715,627,5,1014611669
715,1627,3,1014612040
715,1559,3,1014612243
715,1311,3,1014612799
715,305,4,1014613452
716,1929,5,1014613594
716,837,4,1014613894
716,279,4,1014614882
716,780,5,1014615605
716,184,3,1014616365
716,1504,5,1014616463
716,1108,3,1014617110
716,232,3,1014617769
716,1111,4,1014618314
716,1422,5,1014618733
716,1977,4,1014618785
716,622,5,1014618977
716,1935,4,1014619970
716,1588,5,1014620408
716,423,4,1014620927
716,708,5,1014621309
716,1435,4,1014621371
716,710,5,1014621556
716,738,4,1014622485
716,571,4,1014623303
716,90,3,1014623570
716,192,4,1014624247
716,557,5,1014624733
716,503,4,1014624860
716,296,4,1014625640
716,1204,3,1014626627
716,1613,5,1014627522
716,1974,4,1014628119
716,883,4,1014628363
716,1990,3,1014628760
716,435,5,1014629574
716,1533,4,1014629611
716,1127,4,1014630075
716,1180,4,1014630981
716,1845,5,1014631299
716,1948,4,1014631323
716,2,3,1014631737
716,498,4,1014632571
716,604,5,1014633196
716,989,4,1014633452
716,1262,3,1014633600
717,423,5,1014633608
717,44,5,1014634132
717,837,3,1014634732
717,298,3,1014635164
717,1663,4,1014635252
717,450,5,1014635895
717,1396,3,1014636045
717,1776,5,1014636091
717,915,5,1014636207
717,1108,4,1014637201
717,634,3,1014637332
717,967,5,1014638208
717,1105,4,1014639027
717,833,4,1014639201
717,1564,4,1014639789
717,968,4,1014639968
717,770,4,1014640290
717,1206,3,1014640821
717,1691,5,1014641807
717,561,5,1014642612
717,1099,4,1014642778
717,1389,5,1014643436
717,217,5,1014644009
717,1090,4,1014644877
717,1467,4,1014645247
717,553,4,1014645450
717,630,5,1014645900
717,1299,5,1014646247
717,413,4,1014647070
717,13,4,1014647571
717,1551,4,1014647723
717,1529,5,1014648719
717,505,5,1014648922
717,1290,4,1014649054
717,1582,5,1014649719
717,737,3,1014650171
717,1056,3,1014650778
717,586,3,1014650787
717,590,3,1014651003
717,859,5,1014651934
717,1120,3,1014652657
717,1513,4,1014653413
717,666,5,1014654278
717,919,5,1014655085
717,1922,3,1014655984
717,1792,5,1014656813
717,162,5,1014656857
717,1236,4,1014656892
717,1238,3,1014656955
717,1269,5,1014657275
717,910,3,1014658212
717,1619,5,1014659031
717,1325,5,1014659437
718,562,4,1014659518
718,1463,4,1014660058
718,837,4,1014660701
718,1881,3,1014661689
718,766,3,1014661908
718,640,4,1014662765
718,547,3,1014663162
718,1395,3,1014663459
718,905,5,1014663801
718,423,3,1014664772
718,1630,3,1014665276
718,528,4,1014665419
718,1108,3,1014665442
718,1988,4,1014666395
718,624,5,1014666498
718,153,3,1014666681
718,1782,4,1014666704
718,1550,4,1014667566
718,1625,5,1014667877
718,1875,5,1014668163
718,1294,3,1014668433
718,799,4,1014668491
718,568,5,1014668855
718,1534,4,1014668856
718,1442,4,1014669834
718,977,3,1014670154
719,1569,5,1014670872
719,837,3,1014671606
719,8,4,1014671864
719,1224,4,1014672146
719,1993,5,1014672280
719,1851,4,1014672993
719,85,4,1014673512
719,994,4,1014673852
719,1108,5,1014673943
719,459,5,1014674281
719,1562,5,1014675132
719,1467,4,1014675888
719,729,4,1014676622
719,887,3,1014677124
719,1386,4,1014677176
719,1831,4,1014678010
719,1829,4,1014678557
719,1570,5,1014679347
719,423,4,1014679929
719,1838,4,1014680440
719,380,5,1014681116
719,1085,4,1014681874
719,1855,3,1014682638
719,758,4,1014683167
719,90,4,1014683876
719,341,4,1014684259
719,785,5,1014684860
719,1733,4,1014685294
719,1740,4,1014685577
719,1908,4,1014685926
719,1537,4,1014686774
719,1348,5,1014686845
719,1009,4,1014687707
719,626,4,1014688145
719,1582,5,1014689023
719,313,3,1014689344
719,1381,4,1014689617
719,1089,3,1014690530
719,708,3,1014690933
719,1056,4,1014690944
719,1536,3,1014691571
719,866,3,1014692183
719,1571,3,1014692613
719,55,3,1014692687
719,1556,4,1014693447
719,1711,5,1014693815
719,1828,3,1014694142
719,836,5,1014694692
719,780,5,1014695147
719,699,4,1014695717
719,133,4,1014696033
719,1673,3,1014696258
719,468,4,1014696888
719,278,3,1014697816
719,1492,3,1014698260
719,243,5,1014698967
719,1406,4,1014699073
720,591,5,1014699376
720,1070,4,1014699477
720,1784,4,1014699544
720,837,5,1014699809
720,1560,3,1014700040
720,423,5,1014700341
720,1207,4,1014700676
720,1476,3,1014701154
720,1259,4,1014701754
720,1933,3,1014702561
720,933,5,1014702963
720,1903,4,1014703946
720,1789,4,1014704922
720,1570,4,1014705512
720,286,4,1014706173
720,1998,5,1014706795
720,1754,5,1014707455
720,1089,3,1014708096
720,1284,3,1014709062
720,741,5,1014709104
720,1828,5,1014709454
720,1608,4,1014710060
720,1234,5,1014710396
720,1189,5,1014710627
720,785,4,1014711354
720,1224,4,1014712263
720,1477,3,1014712990
720,1574,5,1014713382
720,1527,4,1014713536
720,1108,4,1014714002
720,1467,4,1014714914
720,130,4,1014715823
720,1438,3,1014716404
720,598,4,1014716830
720,220,3,1014717029
720,425,5,1014717373
720,1946,3,1014717935
720,428,3,1014718559
720,1835,3,1014719379
720,1652,5,1014720354
721,876,4,1014720608
721,837,4,1014721276
721,260,5,1014721665
721,1124,5,1014721697
721,979,5,1014722570
721,1435,5,1014722941
721,1943,5,1014723876
721,72,5,1014724256
721,1343,4,1014724667
721,212,4,1014725452
721,1108,4,1014725591
721,1984,4,1014726019
721,911,3,1014726738
721,1484,3,1014726747
721,423,3,1014727379
721,1180,5,1014728373
721,1777,4,1014729317
721,1467,3,1014730180
721,666,4,1014730614
721,1115,4,1014731374
721,1705,4,1014732006
721,172,5,1014732565
721,552,5,1014732932
721,490,4,1014733624
721,1296,4,1014734068
721,239,4,1014734128
721,582,4,1014734636
721,1688,5,1014735052
721,1258,5,1014735617
721,229,4,1014736480
721,368,4,1014737138
721,438,3,1014737886
721,538,5,1014738117
722,837,5,1014738747
722,1498,5,1014739492
722,707,4,1014740189
722,143,5,1014740518
722,779,4,1014740603
722,12,3,1014741574
722,1940,4,1014741942
722,423,3,1014742678
722,1056,5,1014742846
722,1793,4,1014743039
722,427,3,1014743542
722,633,4,1014744459
722,266,4,1014745393
722,158,4,1014745438
722,6,3,1014745517
722,1962,5,1014746105
722,1598,3,1014746548
722,1108,4,1014746894
722,1618,3,1014747292
722,1257,5,1014748228
722,1887,4,1014748627
722,1839,5,1014748848
722,1092,3,1014749465
722,37,3,1014749514
722,1218,3,1014749856
722,388,4,1014749967
722,1775,4,1014750241
722,1474,3,1014751171
722,1909,4,1014751364
722,605,3,1014751880
722,1467,3,1014751918
722,950,3,1014752108
722,1848,4,1014752681
722,856,5,1014753189
722,46,4,1014753410
722,581,5,1014753662
722,1685,5,1014754082
722,1559,4,1014754211
723,837,5,1014754923
723,1732,5,1014755777
723,1426,4,1014756752
723,1182,5,1014757244
723,488,5,1014758066
723,1659,5,1014758917
723,1278,4,1014759549
723,555,3,1014759753
723,1972,5,1014759968
723,153,3,1014760882
723,423,3,1014761233
723,964,5,1014761632
723,1965,3,1014761760
723,568,3,1014761860
723,712,3,1014762631
723,1357,5,1014762711
723,200,4,1014763583
723,943,3,1014763588
723,709,4,1014763814
723,1108,4,1014764560
723,252,5,1014765344
723,1780,5,1014766188
723,232,5,1014766865
723,1879,4,1014767054
723,1612,4,1014767230
723,1683,3,1014768200
724,1672,5,1014768466
724,837,4,1014768746
724,1468,3,1014768751
724,1691,4,1014769632
724,1880,3,1014770015
724,787,5,1014770246
724,1630,4,1014770389
724,1339,5,1014771002
724,58,5,1014771911
724,1433,4,1014772883
724,893,5,1014773531
724,1146,3,1014773933
724,1132,3,1014773942
724,1297,3,1014774638
724,1231,5,1014775449
724,953,5,1014775689
724,784,5,1014776290
724,1056,4,1014776765
724,240,3,1014776853
724,1499,4,1014777692
724,1467,4,1014777773
724,75,4,1014777871
724,1108,3,1014778323
724,22,5,1014778752
724,1430,4,1014778758
724,246,4,1014779228
724,423,5,1014779295
724,1293,4,1014779767
724,78,4,1014780322
724,1987,4,1014780879
724,1614,4,1014781509
724,1137,4,1014782376
724,681,5,1014782617
724,1338,4,1014783464
724,662,4,1014784019
724,128,4,1014784560
724,900,4,1014785165
724,1134,4,1014785883
724,999,4,1014786523
724,983,5,1014786895
725,837,5,1014787662
725,1433,4,1014787690
725,1356,4,1014787879
725,1450,4,1014788289
725,1410,3,1014788478
725,1363,5,1014789075
725,1827,5,1014789616
725,1108,3,1014789884
725,55,3,1014790519
725,423,5,1014791126
725,923,3,1014791948
725,415,5,1014792093
725,148,5,1014792573
725,527,4,1014792738
725,14,4,1014793183
725,1855,4,1014794162
725,703,4,1014794194
725,1783,3,1014795105
725,1888,4,1014795216
725,1451,5,1014795689
725,1467,3,1014796283
725,708,5,1014796949
725,670,3,1014797013
725,717,5,1014797030
725,748,3,1014797151
725,1197,5,1014797662
725,1029,4,1014798122
725,1481,5,1014799007
725,1966,4,1014799455
725,1058,4,1014800090
725,685,5,1014800855
726,837,4,1014801212
726,338,3,1014802083
726,1108,5,1014802640
726,424,5,1014802713
726,459,5,1014802899
726,428,5,1014802939
726,1779,4,1014803589
726,415,5,1014804460
726,1467,5,1014805371
726,206,3,1014806053
726,1499,3,1014806391
726,109,5,1014806817
726,1734,5,1014807812
726,197,5,1014808053
726,210,4,1014808592
726,1224,4,1014808804
726,335,4,1014809319
726,593,4,1014809362
726,1684,5,1014810281
726,1143,4,1014810363
726,1639,5,1014811360
726,423,3,1014812172
726,923,4,1014812838
726,1664,4,1014813494
726,1058,4,1014813615
726,1044,5,1014813769
726,479,4,1014813787
726,218,5,1014813996
727,830,4,1014814825
727,837,5,1014815026
727,423,4,1014815220
727,127,4,1014815262
727,186,4,1014815871
727,1108,4,1014816461
727,1384,4,1014816571
727,1947,5,1014817233
727,264,5,1014817622
727,402,5,1014817664
727,776,5,1014818132
727,1704,4,1014818819
727,1493,4,1014819475
727,1247,5,1014819718
727,1036,5,1014820208
727,221,5,1014820795
727,1295,5,1014821185
727,301,3,1014821377
727,1032,4,1014821556
727,1291,4,1014822530
727,312,5,1014823457
727,124,5,1014823785
727,1167,4,1014824567
727,642,5,1014824855
727,1560,5,1014825454
727,1324,5,1014825535
727,1629,4,1014825860
727,688,5,1014826207
727,1305,5,1014826672
727,1933,4,1014826807
727,535,5,1014827756
727,1895,4,1014828410
727,415,5,1014828882
727,349,4,1014828995
727,1467,3,1014829645
727,1970,5,1014830313
727,1635,4,1014830377
727,164,4,1014831161
727,1440,4,1014831396
727,1757,4,1014831443
727,964,3,1014832092
727,1399,3,1014832334
727,917,4,1014833238
727,1049,5,1014833866
727,1732,3,1014834088
727,1630,4,1014834289
727,1284,5,1014834414
727,469,5,1014835044
728,705,4,1014835728
728,837,4,1014835987
728,1221,5,1014836204
728,1935,5,1014836745
728,1301,4,1014836907
728,1588,5,1014837170
728,33,5,1014838003
728,593,4,1014838633
728,866,4,1014838834
728,1990,4,1014839783
728,1108,4,1014840041
728,1467,5,1014840220
728,1704,4,1014841076
728,1628,5,1014841710
728,1499,4,1014842447
728,2,5,1014843351
728,313,4,1014844167
728,76,3,1014844401
728,1938,5,1014845052
728,1170,4,1014845258
728,1937,4,1014845917
728,599,4,1014846707
728,636,4,1014847654
728,1047,5,1014847768
728,423,4,1014848565
728,274,5,1014848970
728,956,4,1014849670
728,1929,5,1014850313
728,825,5,1014850918
728,645,5,1014851237
728,191,4,1014852062
728,1080,3,1014852623
728,926,4,1014853528
728,686,4,1014853919
728,1433,5,1014854386
728,1538,4,1014854870
728,1511,4,1014855283
728,1959,3,1014855597
728,462,4,1014855700
728,1056,5,1014855849
729,1828,3,1014856291
729,837,3,1014857270
729,1797,4,1014857464
729,1145,4,1014857530
729,423,4,1014857924
729,1103,4,1014858422
729,1967,5,1014858658
729,1467,4,1014859186
729,923,5,1014859893
729,90,4,1014860708
729,930,4,1014861384
729,1516,4,1014861599
729,876,5,1014861877
729,192,4,1014862808
729,629,5,1014862859
729,1322,4,1014863328
729,718,3,1014863597
729,1766,4,1014863974
729,239,3,1014864544
729,119,3,1014864737
729,2,4,1014865595
729,1943,5,1014866182
729,1013,3,1014866461
729,1374,4,1014867087
729,219,5,1014867426
729,224,5,1014868018
729,592,4,1014868484
730,485,4,1014868921
730,837,3,1014869772
730,1044,5,1014870246
730,45,5,1014870541
730,790,3,1014870858
730,423,5,1014871799
730,1167,5,1014872485
730,1498,4,1014873064
730,1399,4,1014873965
730,479,3,1014874293
730,508,5,1014875264
730,1402,4,1014875950
730,1975,4,1014876597
730,777,3,1014877470
730,1108,4,1014878443
730,476,5,1014878724
730,1772,5,1014879051
730,1273,5,1014879502
730,3,5,1014880324
730,1295,4,1014880683
730,216,4,1014881478
730,1032,3,1014882242
730,1533,5,1014882528
730,1667,3,1014883114
730,906,4,1014883187
730,1266,5,1014883793
730,1559,5,1014884126
730,638,5,1014884249
730,1252,4,1014884648
730,534,5,1014885417
730,528,5,1014885883
731,1108,5,1014886105
731,837,4,1014886538
731,1618,3,1014887521
731,1482,5,1014888260
731,416,5,1014888364
731,1007,4,1014889061
731,421,4,1014889746
731,886,5,1014890271
731,346,4,1014891098
731,1467,3,1014891754
731,34,3,1014891963
731,1777,4,1014892770
731,563,4,1014893293
731,1456,3,1014893941
731,1307,4,1014894270
731,1489,4,1014894917
731,14,4,1014895722
731,908,5,1014895971
731,1810,5,1014896845
731,440,4,1014897099
731,1986,4,1014897372
731,1606,3,1014898364
731,959,4,1014898832
731,1585,3,1014899581
731,1890,5,1014900550
731,1520,4,1014900619
731,1003,4,1014900921
731,415,5,1014901615
731,1901,3,1014902445
731,698,4,1014902607
731,1591,4,1014903550
731,1679,4,1014904070
731,491,5,1014904811
731,1281,4,1014905569
731,1873,5,1014905887
731,1455,5,1014906359
731,759,4,1014906695
731,940,4,1014907074
731,1502,3,1014907120
731,73,5,1014907366
731,1759,4,1014907860
731,306,3,1014908212
731,1805,4,1014909177
731,1982,3,1014909913
731,98,4,1014910684
731,1917,5,1014910949
731,423,3,1014911156
731,869,5,1014911265
731,150,5,1014911869
731,359,3,1014912601
731,1702,4,1014913108
732,837,4,1014913764
732,1108,5,1014913998
732,750,4,1014914338
732,305,4,1014914588
732,1222,5,1014914663
732,1618,5,1014915125
732,1355,5,1014915942
732,162,3,1014916702
732,858,4,1014917405
732,975,4,1014918066
732,1346,4,1014918162
732,507,3,1014918648
732,1467,3,1014919360
732,652,5,1014919427
732,13,4,1014920378
732,1669,4,1014921007
732,354,4,1014921014
732,1674,4,1014921358
732,1839,4,1014922102
732,412,4,1014923006
732,1359,3,1014923896
732,915,4,1014924353
732,1834,3,1014925306
732,801,3,1014926094
732,423,5,1014926931
732,131,5,1014927584
732,1513,4,1014927922
732,1423,4,1014928289
732,1799,4,1014928569
732,158,4,1014928593
732,1947,4,1014929486
732,413,3,1014929814
732,1008,3,1014929998
732,1036,4,1014930048
732,124,4,1014930229
733,837,4,1014930406
733,873,5,1014930663
733,1467,5,1014930880
733,423,4,1014931045
733,1823,4,1014931406
733,1232,4,1014931784
733,1864,5,1014932033
733,583,4,1014932596
733,1829,3,1014932726
733,1526,3,1014933593
733,74,5,1014934126
733,1108,3,1014935096
733,960,3,1014935396
733,1982,4,1014935844
733,167,4,1014936382
733,656,4,1014937364
733,1261,4,1014938264
733,1322,4,1014939092
733,1059,4,1014939646
733,184,5,1014939944
733,1812,4,1014940545
733,570,4,1014941060
733,1253,5,1014941727
733,803,3,1014941973
733,175,5,1014942941
733,1273,3,1014943570
733,468,4,1014944230
733,1162,4,1014944402
733,1644,4,1014944857
733,653,4,1014945048
733,1686,3,1014945838
733,665,3,1014945879
733,676,5,1014946395
733,1766,4,1014947279
733,1388,4,1014947449
733,1123,5,1014947492
733,281,4,1014947982
733,111,3,1014948835
733,1394,5,1014949806
733,761,5,1014950150
733,159,4,1014950557
733,34,3,1014951274
733,950,4,1014951486
733,1512,4,1014951914
733,1449,3,1014952911
733,477,4,1014953722
733,1257,5,1014954387
733,1872,3,1014954643
733,1556,5,1014954876
734,1008,4,1014955335
734,423,3,1014956311
734,276,4,1014956556
734,39,4,1014956737
734,837,5,1014957068
734,1017,5,1014957764
734,41,3,1014957793
734,1023,3,1014958157
734,1234,3,1014958707
734,1692,4,1014958925
734,1108,4,1014959052
734,1051,4,1014959667
734,892,4,1014959852
734,1699,5,1014960131
734,939,3,1014961039
734,1350,4,1014961188
734,1056,4,1014961835
734,475,5,1014962188
734,1618,3,1014962521
734,240,5,1014962670
734,847,5,1014963046
734,1584,4,1014963585
734,935,4,1014963721
734,174,4,1014964599
734,1134,5,1014965146
734,1630,5,1014965268
734,235,5,1014965907
734,580,5,1014966453
734,715,3,1014967398
734,1737,3,1014968053
734,1155,3,1014968742
734,415,5,1014968914
734,1163,3,1014969850
734,1467,5,1014970675
734,799,3,1014971072
734,1833,5,1014971327
734,1627,5,1014972238
734,1311,4,1014972573
734,826,5,1014973391
734,35,3,1014973594
734,203,5,1014973695
734,1581,4,1014973909
734,1739,4,1014973918
734,294,3,1014974175
734,230,5,1014974787
734,1419,4,1014975185
734,1146,4,1014975919
734,817,5,1014976560
735,837,5,1014976957
735,1994,5,1014977773
735,1990,3,1014978340
735,423,4,1014978595
735,1296,5,1014978909
735,1563,4,1014979280
735,923,5,1014979422
735,1851,5,1014980248
735,1644,5,1014980903
735,538,5,1014981811
735,594,3,1014982650
735,1479,3,1014983305
735,1818,4,1014983849
735,703,4,1014983928
735,970,4,1014984711
735,20,4,1014985388
735,876,3,1014986387
735,1056,4,1014986857
735,583,4,1014987367
735,1756,5,1014987454
735,148,4,1014987726
735,883,3,1014988259
735,864,4,1014988813
735,1055,4,1014989036
735,409,3,1014989539
735,525,3,1014989658
735,1924,4,1014990186
735,1299,4,1014990220
735,97,4,1014991159
735,1511,5,1014991179
735,1467,4,1014991704
735,1457,5,1014992339
735,317,3,1014993292
735,69,5,1014993593
735,1613,4,1014994347
735,1509,5,1014994720
735,1176,5,1014995117
735,1518,4,1014995756
735,1127,4,1014995827
735,1184,4,1014996383
735,1935,4,1014997363
735,363,4,1014997421
735,660,5,1014997518
735,260,4,1014997901
735,498,4,1014998891
735,1658,5,1014999578
735,1110,4,1015000144
735,466,4,1015000575
735,1097,5,1015000852
735,1108,4,1015001740
735,298,5,1015002565
735,154,5,1015002718
735,384,3,1015002720
736,127,4,1015002721
736,1803,4,1015002906
736,837,5,1015002909
736,423,3,1015003618
736,1108,5,1015004142
736,606,5,1015004760
736,1467,3,1015005106
736,1461,3,1015005603
736,304,5,1015005834
736,1371,5,1015006263
736,356,4,1015006963
736,229,5,1015007338
736,614,4,1015007408
736,687,3,1015007481
736,62,5,1015007791
736,1702,5,1015008259
736,1785,5,1015008684
736,1412,4,1015009370
736,759,4,1015009696
736,531,4,1015010150
736,554,5,1015010658
736,1757,3,1015011317
736,841,4,1015011320
736,1405,4,1015012174
736,1342,4,1015012176
736,562,5,1015012530
736,1081,5,1015013049
736,1361,4,1015013739
736,248,4,1015014674
736,1515,5,1015014910
736,1812,4,1015015651
736,1256,5,1015015824
736,1115,5,1015016425
736,333,5,1015016947
736,1136,4,1015017433
736,1032,5,1015018274
736,1217,5,1015018420
736,993,4,1015019112
736,1164,4,1015019953
736,1496,4,1015020051
736,1806,5,1015020290
736,1049,5,1015020879
736,1766,3,1015021358
736,1202,5,1015021435
736,693,3,1015021616
736,716,3,1015022156
736,1502,4,1015023019
736,985,3,1015023312
736,1590,5,1015024236
736,124,3,1015025222
737,837,4,1015025455
737,973,5,1015025963
737,11,4,1015026564
737,1354,4,1015027136
737,1356,4,1015027983
737,423,4,1015028250
737,1108,4,1015028500
737,1368,5,1015028965
737,1406,4,1015029267
737,1618,3,1015030103
737,272,4,1015031025
737,1200,4,1015031606
737,960,5,1015032313
737,1909,4,1015032819
737,1937,3,1015033447
737,783,4,1015033556
737,1274,3,1015034195
737,1043,5,1015034766
737,686,5,1015035262
737,1156,4,1015036201
737,1121,5,1015036330
737,55,5,1015036430
737,1381,4,1015036919
737,1537,4,1015037207
737,1245,5,1015037350
737,1135,4,1015038036
737,1865,4,1015038458
737,816,4,1015038479
737,244,5,1015038533
737,238,3,1015038952
737,721,4,1015039090
737,777,4,1015039422
737,824,5,1015039979
737,415,4,1015040189
737,1752,5,1015040825
737,1216,5,1015040994
737,786,4,1015041462
737,1360,5,1015042029
737,1760,4,1015042612
737,102,5,1015042892
737,1344,4,1015043131
737,696,4,1015043890
737,1163,5,1015044076
737,1137,5,1015044368
737,159,4,1015045083
737,1285,5,1015045945
737,341,4,1015046672
737,1521,5,1015046686
737,388,5,1015047388
737,1525,4,1015048346
737,474,4,1015049305
737,1151,5,1015050256
737,45,4,1015050682
737,143,3,1015051232
737,1763,5,1015051567
737,111,4,1015052212
738,279,5,1015052742
738,837,3,1015053669
738,426,4,1015054583
738,415,4,1015055150
738,245,3,1015055515
738,1245,4,1015056485
738,169,3,1015056958
738,1895,4,1015057139
738,1934,3,1015057625
738,1219,4,1015058054
738,571,3,1015058666
738,705,4,1015059640
738,1768,5,1015060599
738,1618,4,1015061285
738,1108,3,1015061588
738,1262,3,1015061952
738,1981,3,1015062101
738,1733,5,1015063047
738,49,5,1015063526
738,1670,3,1015064095
738,1697,4,1015064421
738,423,5,1015065036
738,90,5,1015065922
738,278,4,1015066921
738,1362,4,1015067615
738,1741,5,1015067801
738,399,4,1015068739
738,1100,3,1015069693
738,1633,3,1015070518
738,1875,5,1015071286
738,1732,5,1015071352
738,804,5,1015071595
738,25,3,1015071773
738,11,4,1015072366
738,9,3,1015073117
738,994,5,1015073160
738,677,3,1015074064
738,1970,4,1015074215
738,1329,5,1015074898
738,1612,4,1015075882
738,1789,4,1015076326
738,765,5,1015076496
738,236,4,1015077148
738,42,5,1015077209
739,837,4,1015077631
739,480,3,1015078332
739,749,3,1015079271
739,431,5,1015080136
739,927,4,1015080458
739,764,3,1015080882
739,1096,5,1015081163
739,739,5,1015081882
739,423,4,1015082497
739,923,5,1015082672
739,69,5,1015082877
739,810,5,1015082882
739,9,4,1015083254
739,845,4,1015084190
739,618,5,1015084581
739,1634,4,1015084647
739,296,5,1015085432
739,1939,5,1015085742
739,1566,4,1015086257
739,1271,5,1015086346
739,765,4,1015087172
739,989,5,1015087427
739,669,5,1015087925
739,1467,4,1015088637
739,1807,4,1015088830
739,1214,4,1015089749
739,901,3,1015090609
739,1591,4,1015090871
739,1108,4,1015091430
739,710,5,1015092410
739,945,4,1015092696
739,1810,4,1015092763
739,1679,4,1015093140
739,86,5,1015093510
739,1424,3,1015094131
739,897,3,1015094702
739,259,5,1015094987
739,26,3,1015095681
739,760,5,1015096481
739,415,4,1015096568
739,426,3,1015097190
739,1171,4,1015097654
739,907,4,1015098215
739,384,4,1015098934
739,1829,5,1015099376
739,198,4,1015100171
739,359,4,1015100824
739,1969,3,1015101747
739,848,4,1015101751
739,1558,5,1015102263
739,1993,4,1015103094
739,568,5,1015104023
739,56,5,1015104690
739,1074,3,1015105229
739,51,5,1015105886
740,129,5,1015106594
740,837,5,1015107477
740,423,4,1015107572
740,1683,4,1015108239
740,1594,3,1015108318
740,1947,4,1015108564
740,1108,4,1015109270
740,242,4,1015110241
740,1195,4,1015111206
740,116,4,1015111209
740,1970,4,1015111802
740,623,3,1015111905
740,1640,5,1015112009
740,456,3,1015112391
740,605,4,1015112584
740,326,5,1015112599
740,857,5,1015112753
740,1421,5,1015113081
740,415,4,1015114077
740,370,4,1015114222
740,677,4,1015114908
740,1490,5,1015115450
740,654,3,1015115995
740,1050,4,1015116328
740,1391,3,1015117250
740,196,3,1015117614
740,19,5,1015118608
740,1848,5,1015118926
740,1704,4,1015119528
740,1789,5,1015120240
740,523,5,1015120275
740,542,3,1015120592
740,1305,4,1015120764
740,1800,3,1015121431
740,1798,5,1015121456
740,694,4,1015121803
740,1771,4,1015122620
740,820,3,1015123191
740,379,4,1015123565
740,332,4,1015124134
740,1288,3,1015124466
740,168,5,1015124580
740,1241,5,1015125123
740,37,4,1015125887
740,460,4,1015126076
740,1793,4,1015126254
740,1834,5,1015126622
741,1108,4,1015126637
741,837,4,1015127534
741,1056,4,1015127989
741,681,4,1015128581
741,1409,4,1015128706
741,1777,4,1015128855
741,928,3,1015129239
741,1042,4,1015129737
741,94,5,1015130198
741,213,5,1015130978
741,423,4,1015131332
741,1397,3,1015131512
741,1956,4,1015132408
741,526,5,1015132787
741,824,4,1015133005
741,246,5,1015133281
741,1367,4,1015133510
741,1628,4,1015134166
741,92,4,1015134818
741,171,3,1015135330
741,54,5,1015135693
741,295,5,1015136272
741,1112,4,1015137023
741,1449,5,1015137119
741,787,5,1015137994
741,1485,4,1015138550
741,188,5,1015138760
741,1124,5,1015139336
741,1151,5,1015139616
741,174,3,1015139838
741,224,4,1015140777
741,1322,4,1015140884
741,376,5,1015141480
741,53,4,1015142167
741,1450,5,1015142817
741,1416,3,1015143566
741,304,4,1015143591
741,357,4,1015144452
741,1338,5,1015144765
741,559,4,1015144936
741,978,3,1015145636
741,549,5,1015146257
741,1231,3,1015146868
741,95,3,1015147358
741,1165,3,1015148241
741,271,5,1015149223
741,74,5,1015150217
741,678,4,1015150343
741,1646,3,1015151000
741,453,5,1015151537
741,364,5,1015151879
742,837,4,1015152135
742,672,5,1015153016
742,1076,3,1015153561
742,1250,3,1015154047
742,423,4,1015154365
742,725,5,1015154666
742,233,5,1015155651
742,944,4,1015156501
742,822,4,1015157203
742,945,3,1015157997
742,1265,3,1015158713
742,591,5,1015158765
742,1833,5,1015159446
742,259,5,1015159651
742,1492,4,1015159875
742,1658,4,1015160370
742,1008,3,1015160539
742,280,5,1015161366
742,1108,5,1015161601
742,484,3,1015162149
742,583,3,1015162500
742,480,3,1015163155
742,1107,5,1015163720
742,471,5,1015164178
742,223,4,1015164779
742,624,5,1015165375
742,1948,5,1015165481
742,1055,3,1015166330
742,1997,5,1015166873
742,1618,5,1015167489
742,864,4,1015167804
742,845,4,1015168525
742,351,4,1015168812
742,1127,5,1015169752
742,167,3,1015170658
742,1378,4,1015171434
742,1725,4,1015172274
742,595,3,1015172492
742,969,4,1015172649
742,883,5,1015173600
742,1467,5,1015174295
742,1637,5,1015174774
742,780,3,1015175600
742,1444,5,1015176142
742,1175,4,1015176567
742,1041,4,1015176658
742,100,4,1015176882
742,1700,4,1015176958
742,935,4,1015177830
742,933,4,1015178316
742,706,3,1015179264
742,965,5,1015180094
742,674,5,1015180498
742,380,3,1015181142
742,120,4,1015181500
742,39,4,1015181953
742,1023,4,1015182506
742,1432,5,1015183304
742,1753,3,1015183489
743,837,3,1015184106
743,1108,5,1015184371
743,1228,5,1015185140
743,1612,5,1015186119
743,88,5,1015186370
743,1138,4,1015186726
743,1811,5,1015187076
743,1655,4,1015187418
743,415,5,1015187541
743,225,5,1015187847
743,1386,5,1015188359
743,239,4,1015188704
743,611,5,1015188732
743,829,4,1015189377
743,573,5,1015190259
743,712,4,1015190395
743,423,4,1015191047
743,1711,3,1015191990
743,742,5,1015192422
743,428,4,1015192733
743,851,5,1015193546
743,262,4,1015194378
743,511,4,1015194979
743,802,4,1015195797
743,426,3,1015196772
743,490,4,1015197531
743,988,5,1015197922
743,1467,4,1015198238
743,943,4,1015198973
743,1973,4,1015199291
743,189,4,1015199458
743,1028,4,1015199742
743,794,4,1015200067
743,343,4,1015200756
743,34,3,1015201175
743,23,5,1015201918
743,1449,4,1015202527
743,1171,4,1015203154
743,1240,4,1015203538
743,676,5,1015204534
743,1885,5,1015204721
744,837,4,1015205420
744,949,4,1015205901
744,1645,5,1015206883
744,522,3,1015207663
744,423,5,1015208309
744,371,5,1015208325
744,1682,4,1015208562
744,1108,5,1015208743
744,1169,4,1015208857
744,1587,5,1015209434
744,1355,4,1015209452
744,228,4,1015210371
744,455,4,1015210967
744,1312,3,1015211133
744,142,4,1015211286
744,1346,4,1015212054
744,1181,5,1015212715
744,1593,5,1015212798
744,1467,3,1015213525
744,494,3,1015214170
744,1597,5,1015214237
744,1713,4,1015214458
744,1696,5,1015215369
744,684,5,1015215614
744,1178,3,1015215826
744,1550,4,1015216008
745,415,3,1015216337
745,837,3,1015216929
745,90,5,1015217777
745,1855,5,1015217864
745,176,4,1015218499
745,309,4,1015219126
745,1160,4,1015219274
745,1358,5,1015219668
745,505,3,1015220165
745,1984,4,1015220611
745,1937,4,1015221340
745,1315,5,1015221825
745,811,4,1015222003
745,1588,4,1015222427
745,1467,4,1015223400
745,1108,3,1015223793
745,743,4,1015223991
745,423,3,1015224323
745,731,5,1015225023
745,1992,3,1015225932
745,622,5,1015226783
745,290,4,1015227472
745,245,5,1015228403
745,232,4,1015228891
745,670,4,1015229074
745,368,4,1015229176
745,1343,3,1015229483
745,1283,4,1015230290
745,219,3,1015230532
745,1604,4,1015231107
745,1511,5,1015231262
745,866,5,1015232258
745,718,4,1015232796
745,466,4,1015233734
745,900,5,1015234711
745,929,5,1015234847
745,825,5,1015235713
745,319,5,1015236541
746,837,5,1015237410
746,362,4,1015238285
746,1543,5,1015238913
746,5,3,1015239908
746,140,5,1015240190
746,415,4,1015240849
746,1108,4,1015241222
746,912,5,1015241979
746,101,4,1015242115
746,444,5,1015242870
746,423,5,1015242884
746,1256,5,1015243288
746,1606,5,1015243323
746,1275,4,1015244291
746,186,4,1015244871
746,992,3,1015245521
746,538,5,1015246170
746,650,3,1015246226
746,1995,5,1015246242
746,1778,4,1015246965
746,1180,4,1015247639
746,923,5,1015248122
746,1097,3,1015248670
746,416,3,1015249118
746,1467,5,1015249951
746,1679,4,1015250798
746,1056,4,1015251436
746,1184,4,1015251478
746,359,4,1015252082
746,151,3,1015252368
746,652,5,1015253121
746,567,4,1015253426
746,375,4,1015253777
746,885,5,1015254384
746,1252,4,1015255278
746,326,5,1015255770
746,1401,4,1015255999
746,1634,4,1015256335
746,1963,4,1015256820
746,1630,5,1015257203
746,1514,5,1015257845
746,250,5,1015258258
746,1539,4,1015258563
746,1457,4,1015259328
746,812,5,1015260308
746,1969,3,1015260653
746,531,3,1015260755
747,415,5,1015260895
747,423,5,1015261024
747,916,5,1015261479
747,837,4,1015261761
747,601,3,1015262625
747,220,5,1015262848
747,1767,4,1015262879
747,424,4,1015263133
747,1922,3,1015263993
747,1045,3,1015264116
747,506,4,1015264377
747,859,4,1015264602
747,1417,5,1015265147
747,871,4,1015265364
747,1833,5,1015265418
747,1236,4,1015265619
747,606,4,1015265655
747,13,5,1015265959
747,1681,4,1015266720
747,1567,3,1015267551
747,923,4,1015267835
747,70,4,1015268221
747,294,5,1015268846
747,598,3,1015269402
747,1337,3,1015270195
747,1122,5,1015270956
747,269,4,1015271755
747,1463,5,1015272518
747,162,5,1015272925
747,1444,4,1015273638
747,1897,4,1015273760
747,961,4,1015273949
747,1637,4,1015274404
747,1979,4,1015275330
747,291,3,1015275372
747,276,4,1015275786
747,1108,4,1015276344
747,1950,4,1015276504
747,1355,5,1015276608
747,561,3,1015276879
747,822,3,1015276977
747,464,5,1015277409
747,1587,5,1015277642
748,837,5,1015277994
748,1046,3,1015278916
748,844,5,1015279537
748,741,5,1015280479
748,1467,5,1015280909
748,1476,4,1015281682
748,392,5,1015282353
748,434,4,1015283161
748,1694,5,1015284107
748,1158,4,1015285084
748,836,5,1015285127
748,1386,3,1015285351
748,1965,4,1015285414
748,544,4,1015285519
748,555,4,1015286069
748,917,3,1015286916
748,1835,5,1015287859
748,1083,3,1015288246
748,165,3,1015288269
748,1599,4,1015288665
748,964,4,1015289483
748,1085,4,1015289663
748,1329,3,1015290141
748,1748,4,1015290776
748,423,4,1015291666
748,225,5,1015292601
748,700,5,1015293081
748,1372,5,1015293944
748,1562,5,1015294689
748,1186,5,1015295050
748,682,5,1015295225
748,918,4,1015295550
748,1108,3,1015296432
748,350,5,1015297424
748,1885,3,1015298098
748,1357,5,1015298986
748,64,3,1015299821
748,1722,5,1015300076
748,1336,3,1015300390
748,1024,4,1015300541
748,1033,5,1015301219
748,1574,5,1015301387
748,610,4,1015302316
748,903,4,1015302632
748,1608,5,1015303616
748,1774,5,1015303691
748,1710,4,1015304145
748,1201,4,1015304260
748,1727,5,1015305032
748,1445,3,1015306019
748,1683,4,1015306897
748,615,4,1015307586
748,144,4,1015308060
748,1918,5,1015308757
748,1495,4,1015309746
748,1736,4,1015309749
748,1317,4,1015309954
748,852,4,1015310516
748,1030,4,1015311366
749,1802,4,1015311820
749,1752,5,1015311854
749,837,5,1015312117
749,1467,5,1015312561
749,1638,4,1015312721
749,1637,4,1015313209
749,947,5,1015313417
749,1578,5,1015314135
749,572,4,1015314165
749,1998,5,1015314923
749,1443,4,1015315202
749,170,5,1015316175
749,1154,5,1015317074
749,1825,5,1015317824
749,1073,4,1015318808
749,423,4,1015319199
749,1297,5,1015320170
749,203,3,1015321102
749,603,4,1015321155
749,506,5,1015321529
749,60,5,1015321959
749,591,5,1015322567
749,1108,5,1015323342
749,508,5,1015323984
749,1763,4,1015324080
749,1340,5,1015324586
749,504,4,1015324612
749,1135,5,1015324849
749,1272,5,1015325562
749,532,5,1015326305
749,0,5,1015327304
749,1056,5,1015327474
749,1660,4,1015328268
749,193,3,1015328440
749,715,4,1015328942
749,691,4,1015329895
749,1121,4,1015330251
750,1053,4,1015330373
750,1155,4,1015330673
750,1378,3,1015330934
750,902,3,1015331080
750,432,5,1015331811
750,837,4,1015331839
750,251,3,1015332615
750,931,5,1015333594
750,1636,4,1015334233
750,1210,4,1015335212
750,1467,4,1015335717
750,1108,4,1015336701
750,706,3,1015337674
750,305,5,1015338653
750,1191,5,1015339161
750,405,5,1015340053
750,1910,4,1015340774
750,1154,3,1015341587
750,1175,3,1015341682
750,423,5,1015342544
750,1549,4,1015342963
750,815,4,1015343096
750,506,5,1015343446
750,220,5,1015343477
750,294,5,1015343914
750,1726,4,1015344530
750,1649,4,1015345196
750,1104,4,1015345327
750,316,5,1015345982
750,1616,5,1015346612
750,1340,5,1015347205
750,1692,5,1015348062
750,596,3,1015348157
750,1522,4,1015348883
750,134,4,1015349155
750,1465,5,1015349626
750,415,4,1015349978
750,1862,4,1015350721
750,1942,4,1015351043
750,905,4,1015351402
750,1816,5,1015352375
750,504,4,1015352782
750,1243,4,1015352841
750,1699,3,1015353722
750,1627,4,1015354660
750,787,3,1015355211
750,612,3,1015355488
750,31,5,1015355699
750,756,5,1015356093
750,1446,5,1015356648
750,953,3,1015357142
750,291,4,1015357513
751,837,4,1015357538
751,95,3,1015358311
751,98,3,1015359239
751,423,4,1015360148
751,112,4,1015361036
751,565,3,1015361795
751,191,5,1015362201
751,1563,4,1015362760
751,1499,3,1015363271
751,306,3,1015364062
751,1424,5,1015364636
751,347,5,1015365435
751,1108,4,1015365886
751,1080,3,1015366751
751,697,3,1015367215
751,398,3,1015367918
751,540,5,1015368587
751,1835,4,1015369366
751,645,5,1015370335
751,1657,3,1015371311
751,287,5,1015372160
751,1308,4,1015372776
751,324,5,1015373639
751,1570,4,1015374600
751,64,4,1015374867
751,1987,5,1015375210
751,1467,5,1015375331
751,1722,4,1015376294
751,1089,4,1015377241
751,1664,5,1015377940
751,1783,5,1015378679
751,699,4,1015378875
751,639,4,1015379727
751,204,5,1015380663
751,271,4,1015381102
751,1118,4,1015381521
751,206,4,1015381585
751,990,5,1015381666
751,1734,5,1015381677
751,1336,4,1015382191
751,791,4,1015382309
751,511,5,1015383000
751,795,3,1015383816
751,963,5,1015384192
751,1562,5,1015384199
751,668,3,1015384824
751,359,4,1015385785
751,1179,5,1015385881
751,812,4,1015386004
751,807,4,1015386375
751,764,3,1015387284
751,1057,5,1015387551
751,974,5,1015387908
751,1836,4,1015388520
751,592,3,1015389034
751,636,3,1015389503
752,1943,5,1015389641
752,837,5,1015389655
752,1190,5,1015390319
752,1754,5,1015390562
752,1467,5,1015391460
752,1768,5,1015392269
752,344,4,1015393027
752,423,5,1015393120
752,1823,5,1015393531
752,1774,4,1015394111
752,1660,4,1015394983
752,1136,4,1015395796
752,1056,3,1015396245
752,1438,4,1015396702
752,1618,4,1015396715
752,281,4,1015397621
752,1840,4,1015398522
752,1244,3,1015399179
752,687,4,1015399642
752,282,4,1015400579
752,1072,4,1015400950
752,1052,4,1015401337
752,1372,5,1015401490
752,629,4,1015401660
752,940,4,1015402493
752,964,3,1015403150
752,415,4,1015403434
752,1431,4,1015404372
752,1319,4,1015404519
752,944,5,1015404681
752,404,5,1015405358
752,1515,5,1015405731
753,837,5,1015406125
753,1299,5,1015406747
753,1745,3,1015407350
753,1928,4,1015408063
753,1412,3,1015408891
753,605,5,1015409524
753,1434,3,1015410347
753,1049,5,1015410402
753,1467,4,1015411188
753,1793,5,1015411598
753,1563,5,1015412444
753,1510,4,1015413078
753,575,4,1015413332
753,326,4,1015413929
753,158,4,1015414629
753,155,5,1015414744
753,1313,3,1015415673
753,423,3,1015415994
753,1520,4,1015416448
753,1976,4,1015416763
753,916,4,1015417626
753,298,5,1015418162
753,460,5,1015419080
753,415,3,1015419705
753,312,4,1015420444
753,1564,5,1015420676
753,292,5,1015421231
753,1012,5,1015421396
754,322,5,1015421641
754,476,4,1015422462
754,837,5,1015423061
754,1618,5,1015423660
754,1065,4,1015423728
754,244,5,1015424692
754,951,4,1015425483
754,1467,5,1015426240
754,61,5,1015426319
754,656,5,1015427279
754,1470,4,1015427545
754,1786,4,1015428355
754,1108,3,1015429118
754,1408,5,1015430045
754,442,5,1015430131
754,154,4,1015430578
754,266,5,1015431353
754,772,4,1015431794
754,1717,4,1015432280
754,1330,4,1015432626
754,1216,5,1015433305
754,1517,4,1015433683
754,873,3,1015434079
754,723,5,1015434360
754,1930,5,1015435132
754,1865,4,1015435813
754,1685,4,1015436290
754,1394,3,1015436873
754,373,5,1015437843
754,1887,4,1015438617
754,625,4,1015439177
754,1944,4,1015439553
754,393,5,1015439989
754,1743,4,1015440491
754,1945,4,1015441442
754,1500,5,1015441618
754,1755,5,1015441794
754,842,4,1015442266
754,1889,4,1015442798
754,415,4,1015443087
754,423,4,1015443561
754,1285,4,1015444182
754,81,4,1015444798
754,796,5,1015445673
754,589,3,1015446324
754,6,3,1015446347
754,106,4,1015447244
754,906,5,1015447637
754,572,5,1015448517
754,1559,4,1015448587
754,613,3,1015448681
754,685,4,1015448738
754,491,5,1015449259
754,317,5,1015449374
754,391,4,1015449613
754,1864,4,1015450020
754,1020,4,1015450891
755,423,5,1015451030
755,1987,5,1015451972
755,327,5,1015452416
755,837,4,1015452449
755,603,4,1015452555
755,1108,3,1015452850
755,1433,4,1015453167
755,1000,4,1015453610
755,1763,4,1015454433
755,1191,4,1015455231
755,1783,5,1015456176
755,1709,3,1015457154
755,1730,4,1015457842
755,17,4,1015458805
755,1192,4,1015459088
755,1523,5,1015459915
755,1471,5,1015460391
755,178,4,1015461012
755,1407,4,1015461241
755,1011,4,1015462218
755,559,3,1015462804
755,171,3,1015463264
755,1617,5,1015463697
755,1474,3,1015463746
755,909,5,1015464475
755,1473,4,1015465264
755,1198,5,1015466068
755,1056,5,1015466226
755,1666,4,1015466718
755,303,4,1015467557
755,1956,4,1015467833
755,1584,4,1015468133
755,1837,5,1015468730
755,1910,4,1015469569
755,348,5,1015470211
755,1920,5,1015471186
755,1116,4,1015471999
755,1148,4,1015472967
755,504,4,1015473945
755,342,3,1015474918
755,315,5,1015475084
755,83,4,1015475879
755,681,4,1015475923
756,837,4,1015476716
756,1108,4,1015477545
756,715,5,1015478010
756,235,5,1015478772
756,1467,3,1015479590
756,846,5,1015479799
756,875,5,1015480081
756,1825,4,1015480440
756,1745,5,1015481372
756,83,4,1015481642
756,423,5,1015482217
756,501,4,1015482856
756,850,5,1015483335
756,872,4,1015483630
756,521,4,1015484325
756,995,4,1015484934
756,263,4,1015484977
756,1759,4,1015485604
756,367,3,1015485974
756,1910,4,1015486376
756,1205,5,1015486857
756,78,4,1015487183
756,909,5,1015487786
756,589,5,1015488172
756,516,3,1015489002
756,768,5,1015489203
756,1808,4,1015489264
756,900,3,1015489446
756,1191,3,1015489748
756,1524,4,1015490041
756,174,4,1015490810
756,1003,4,1015491373
756,1546,5,1015491666
756,458,5,1015492539
756,1078,4,1015492649
756,44,4,1015493397
757,837,4,1015494250
757,463,3,1015494538
757,1056,5,1015494932
757,1143,5,1015495059
757,1377,4,1015495146
757,82,4,1015495535
757,1722,4,1015495895
757,1108,5,1015495949
757,767,5,1015496308
757,1027,3,1015496553
757,1649,5,1015496649
757,428,4,1015497367
757,1243,4,1015498126
757,1885,5,1015498558
757,1076,4,1015498781
757,1581,4,1015498993
757,1078,5,1015499270
757,1883,5,1015499778
757,423,4,1015500335
757,361,5,1015501283
757,4,4,1015502031
757,440,4,1015503019
757,1913,3,1015503270
757,1410,4,1015503290
757,1573,5,1015504213
757,1259,4,1015504936
757,807,3,1015505877
757,1908,4,1015506014
757,1110,5,1015506795
757,225,3,1015506830
757,96,5,1015507212
757,491,5,1015507822
757,842,5,1015508760
757,421,4,1015509426
757,668,4,1015509744
757,1610,5,1015510332
757,145,4,1015510955
757,1104,4,1015511040
757,844,4,1015511505
757,700,4,1015512432
757,1046,5,1015513401
757,1868,4,1015513640
757,1488,5,1015513745
757,1314,4,1015514594
757,1897,3,1015514702
757,796,3,1015514817
757,1481,4,1015515025
757,351,5,1015515471
757,112,5,1015515731
757,1106,5,1015516208
757,1510,5,1015516486
757,1336,4,1015517255
757,826,5,1015517589
757,1828,3,1015518082
758,837,5,1015518393
758,540,4,1015519199
758,804,5,1015519405
758,1108,4,1015520076
758,1468,5,1015520322
758,1853,3,1015520789
758,332,4,1015520892
758,1709,3,1015521799
758,204,5,1015522348
758,1007,5,1015523253
758,50,3,1015523315
758,894,4,1015523871
758,1042,4,1015524397
758,1568,4,1015524725
758,116,5,1015525103
758,1823,4,1015525330
758,1789,4,1015525955
758,1440,4,1015526598
758,1646,5,1015527190
758,110,4,1015527891
758,1125,5,1015528441
758,724,4,1015528535
758,1189,5,1015529528
758,555,5,1015529532
758,1431,5,1015529535
758,1079,3,1015529595
758,213,3,1015529873
758,1467,4,1015530114
758,614,4,1015531010
758,1320,4,1015531864
758,1871,5,1015532617
759,862,5,1015533091
759,837,3,1015533552
759,1570,5,1015534453
759,1259,4,1015534970
759,1839,3,1015535295
759,401,4,1015535474
759,1299,4,1015535931
759,1108,5,1015536445
759,1085,4,1015536940
759,1224,5,1015537673
759,423,4,1015538521
759,202,5,1015538908
759,374,5,1015539291
759,703,4,1015540126
759,310,5,1015540431
759,250,4,1015541195
759,361,5,1015541866
759,19,5,1015542207
759,1103,5,1015543129
759,263,4,1015543280
759,8,4,1015544272
759,1928,4,1015544712
759,774,4,1015545567
759,1191,4,1015546363
759,62,4,1015546384
759,768,4,1015547056
759,156,4,1015547684
759,1800,5,1015548631
759,1467,5,1015549601
759,1745,4,1015550244
759,796,5,1015550956
759,1308,4,1015551248
759,700,4,1015551939
759,698,4,1015552622
759,1228,5,1015553285
759,14,3,1015553507
759,150,5,1015554025
759,1336,5,1015554887
759,1564,5,1015555170
759,124,3,1015555207
759,938,4,1015555684
759,1472,5,1015556035
759,830,4,1015556398
759,206,5,1015557139
759,1330,4,1015557843
759,1868,3,1015558040
759,1804,5,1015559023
759,1905,5,1015559150
759,1618,4,1015559341
759,523,5,1015559444
759,1711,5,1015560134
759,1573,3,1015560393
759,1401,4,1015561235
760,245,4,1015561508
760,837,5,1015561867
760,1525,3,1015561882
760,602,4,1015562851
760,1859,3,1015563203
760,1213,5,1015563554
760,1108,5,1015564021
760,617,5,1015564519
760,1729,5,1015564533
760,1065,4,1015564874
760,85,4,1015565275
760,1191,5,1015565477
760,951,3,1015565725
760,337,5,1015566619
760,1751,4,1015567093
760,1937,4,1015567502
760,866,5,1015567776
760,36,3,1015568008
760,1530,5,1015568623
760,1067,3,1015569459
760,906,4,1015569478
760,1980,3,1015569700
760,373,4,1015569784
760,1249,3,1015570708
760,1957,5,1015571695
760,1348,5,1015571941
760,1865,4,1015572443
760,391,3,1015573221
760,388,4,1015573608
760,1697,4,1015573676
760,244,4,1015574632
760,279,3,1015575288
760,1503,3,1015575762
760,1855,5,1015576459
760,1486,5,1015577366
760,249,5,1015577407
760,1398,3,1015578321
760,42,4,1015579246
760,472,4,1015579785
760,219,5,1015580431
760,1625,3,1015581241
760,474,5,1015581438
760,1752,5,1015582162
760,6,3,1015582396
760,813,4,1015582657
760,1819,5,1015583170
760,423,5,1015583585
760,1011,4,1015584034
760,435,4,1015584902
760,272,4,1015585535
760,1618,3,1015586359
760,371,5,1015586409
760,960,5,1015586890
761,423,3,1015586959
761,1467,5,1015587103
761,837,4,1015587254
761,1081,5,1015587877
761,1108,4,1015587905
761,704,5,1015588323
761,237,4,1015589313
761,197,4,1015590234
761,1641,3,1015590966
761,329,5,1015591141
761,515,5,1015592070
761,229,4,1015592409
761,687,3,1015592805
761,880,4,1015593074
761,277,5,1015593291
761,1744,4,1015594277
761,1822,4,1015594988
761,1462,3,1015595070
761,1643,3,1015595625
761,1999,3,1015596115
761,415,5,1015596969
761,418,5,1015597917
761,1375,4,1015598353
761,1978,4,1015598608
761,1237,4,1015598816
761,1893,5,1015599115
761,1912,4,1015599878
761,1748,3,1015600261
761,1199,4,1015600447
761,1421,4,1015600480
761,1054,4,1015600862
761,333,5,1015601684
761,207,3,1015602251
761,30,5,1015602257
761,1187,5,1015602591
761,855,5,1015602772
762,565,5,1015603588
762,837,5,1015603823
762,423,3,1015604387
762,1108,3,1015604624
762,1467,4,1015605443
762,415,4,1015606171
762,1094,3,1015606583
762,907,4,1015606702
762,778,4,1015607177
762,800,4,1015607328
762,1848,5,1015608053
762,1118,5,1015608735
762,22,4,1015609217
762,650,5,1015610163
762,1651,4,1015610833
762,658,4,1015611476
762,1969,5,1015612200
762,820,4,1015612966
762,402,4,1015613001
762,306,5,1015613081
762,1629,4,1015613722
762,1343,5,1015614285
762,1663,5,1015614341
762,1858,3,1015614545
762,954,3,1015615487
762,177,4,1015616040
762,1144,5,1015616563
762,67,4,1015617160
762,140,5,1015617570
762,439,4,1015618208
762,1205,5,1015618715
762,1040,4,1015619581
762,12,5,1015619683
762,764,4,1015620151
762,242,4,1015621068
762,671,4,1015621773
762,923,4,1015621947
762,867,5,1015622738
762,1603,5,1015623210
762,129,4,1015624197
762,416,4,1015624962
762,1472,4,1015625526
762,1738,3,1015626158
762,919,3,1015626993
762,1809,4,1015627509
762,1132,3,1015627935
762,1656,3,1015628620
762,679,5,1015628981
762,590,4,1015629880
762,1489,3,1015630496
762,1019,4,1015630726
762,1075,3,1015630785
763,837,4,1015631099
763,1940,5,1015632032
763,654,4,1015632449
763,1056,5,1015632708
763,35,5,1015632810
763,716,4,1015633380
763,423,3,1015633656
763,334,4,1015633978
763,1108,4,1015634789
763,771,4,1015635266
763,1966,5,1015635964
763,1781,5,1015636532
763,460,4,1015636885
763,766,4,1015636960
763,1053,3,1015637293
763,285,4,1015637553
763,1446,4,1015637844
763,681,3,1015638143
763,1450,5,1015638275
763,599,5,1015638776
763,1709,4,1015638861
763,605,4,1015639506
763,1932,4,1015639579
763,1499,4,1015639857
763,635,4,1015640575
763,1817,4,1015641365
763,1042,4,1015642122
763,482,5,1015642883
763,475,4,1015643352
763,750,4,1015644170
763,1275,5,1015644803
763,1451,5,1015645773
763,1467,3,1015645930
763,134,3,1015646497
763,1291,3,1015647392
763,1773,4,1015648156
763,1962,5,1015648369
763,62,4,1015648977
763,799,4,1015649656
763,494,3,1015650449
763,357,3,1015650720
763,1361,4,1015651590
763,775,4,1015652357
763,1627,4,1015652396
763,1371,4,1015653161
763,648,5,1015653798
763,284,4,1015654565
763,180,4,1015654817
763,645,5,1015655441
763,791,3,1015655518
763,171,3,1015656120
763,956,3,1015656322
763,1618,3,1015656887
763,526,5,1015657287
763,157,3,1015657496
763,1794,4,1015658429
763,593,4,1015658926
763,642,4,1015659229
763,186,4,1015660138
764,1176,4,1015660517
764,837,5,1015661441
764,1305,3,1015661553
764,1108,4,1015662396
764,423,3,1015663189
764,376,5,1015663400
764,19,3,1015664312
764,757,4,1015665234
764,251,4,1015665287
764,1737,5,1015665438
764,1514,5,1015665991
764,1818,4,1015666124
764,1319,5,1015666683
764,375,5,1015667064
764,351,4,1015667436
764,1073,5,1015667458
764,674,5,1015668198
764,1478,4,1015668775
764,596,3,1015668956
764,194,4,1015669793
764,1613,5,1015670654
764,1234,5,1015671115
764,1221,4,1015671619
764,750,5,1015671623
765,184,5,1015672166
765,167,4,1015673012
765,1500,5,1015674006
765,837,4,1015674612
765,1108,4,1015675565
765,1414,5,1015675734
765,1327,4,1015676369
765,583,5,1015677354
765,1064,4,1015678115
765,1544,5,1015679068
765,1488,5,1015679277
765,423,3,1015679908
765,864,5,1015680251
765,506,5,1015680708
765,739,4,1015680736
765,100,4,1015681386
765,253,4,1015682055
765,1658,4,1015682757
765,758,5,1015682871
765,1497,5,1015683854
765,714,4,1015683983
765,77,3,1015684038
765,1043,5,1015684393
765,1717,4,1015685053
765,1225,3,1015685218
765,1242,5,1015685272
765,1273,5,1015686207
765,1833,4,1015686537
765,120,4,1015687498
765,1531,4,1015688286
765,882,5,1015688466
765,1802,3,1015689289
765,1068,4,1015689482
765,674,5,1015690044
765,385,5,1015690127
765,1898,4,1015690313
765,591,5,1015690589
765,498,5,1015690884
765,927,4,1015691669
765,989,5,1015691921
765,1998,5,1015692269
765,244,3,1015692369
765,1719,5,1015692582
765,322,3,1015692633
765,951,3,1015692957
765,1673,3,1015693459
766,985,4,1015693602
766,837,4,1015693917
766,1056,3,1015694718
766,587,3,1015695610
766,423,5,1015696256
766,1431,4,1015696703
766,1283,5,1015697256
766,1777,4,1015697734
766,731,4,1015697970
766,1482,4,1015698827
766,552,4,1015699349
766,1117,5,1015700073
766,1995,4,1015700809
766,1040,5,1015701263
766,565,5,1015701911
766,1010,5,1015702084
766,1108,5,1015702864
766,1096,4,1015703050
766,1173,4,1015703958
766,724,4,1015704498
766,1986,4,1015705482
766,1279,5,1015706300
766,415,5,1015706340
766,1545,4,1015706458
766,876,4,1015706696
767,632,4,1015707441
767,23,4,1015708144
767,837,4,1015708962
767,53,4,1015709417
767,352,5,1015710132
767,1427,3,1015711043
767,1746,4,1015711728
767,1369,4,1015712601
767,1482,5,1015713087
767,1226,5,1015713839
767,1691,3,1015714026
767,1978,5,1015714131
767,34,5,1015714466
767,1019,5,1015715116
767,1258,4,1015715857
767,1790,4,1015716336
767,923,3,1015716659
767,456,5,1015716892
767,1766,4,1015717380
767,1108,3,1015717580
767,423,3,1015718000
767,934,3,1015718272
767,1892,5,1015718749
767,803,5,1015719266
767,726,4,1015720172
767,997,4,1015720472
767,1854,4,1015721106
767,689,5,1015721597
767,1132,5,1015721960
767,620,4,1015722237
767,217,4,1015722697
767,753,4,1015723589
767,1630,4,1015723668
767,782,4,1015723687
767,1173,5,1015724200
767,1467,5,1015725147
767,1062,4,1015725486
767,611,4,1015726258
767,1967,5,1015726386
767,529,5,1015727069
767,370,4,1015727964
767,1545,3,1015728110
767,22,5,1015728282
767,985,4,1015728586
768,270,4,1015728956
768,1564,5,1015729281
768,837,5,1015730065
768,802,4,1015730275
768,1288,4,1015730515
768,1748,4,1015731169
768,1108,3,1015731548
768,727,5,1015731756
768,797,4,1015732305
768,1973,3,1015732470
768,1566,3,1015732474
768,1467,4,1015733027
768,773,5,1015733757
768,943,5,1015734411
768,1056,4,1015734981
768,1030,3,1015735853
768,141,5,1015736580
768,908,5,1015736839
768,1790,5,1015737479
768,525,4,1015738465
768,298,5,1015738800
768,1110,4,1015739629
768,323,5,1015739958
768,415,4,1015740247
768,97,4,1015740846
768,423,5,1015741843
768,1230,5,1015742348
768,421,4,1015742869
768,967,4,1015743208
768,1573,4,1015744120
769,756,4,1015744791
769,1614,3,1015744801
769,837,4,1015745038
769,423,3,1015745523
769,1737,4,1015745880
769,1108,5,1015746424
769,387,4,1015746544
769,101,3,1015747000
769,1220,3,1015747285
769,1113,5,1015748018
769,1467,3,1015748730
769,1438,4,1015748971
769,892,4,1015749458
769,1649,4,1015750067
769,933,3,1015750861
769,1265,5,1015751683
769,1913,4,1015751823
769,1951,4,1015752300
769,1813,3,1015752687
769,1814,4,1015753084
769,973,5,1015753403
769,838,4,1015754107
769,1488,4,1015755105
769,1694,3,1015755645
769,209,4,1015755918
769,826,5,1015756352
769,1660,4,1015756549
769,1585,4,1015756612
769,824,4,1015757349
769,885,4,1015757568
769,817,4,1015758528
769,1489,4,1015758687
769,587,4,1015759397
769,1000,3,1015760166
769,533,4,1015761089
769,1610,4,1015761760
769,1925,4,1015761900
769,199,5,1015762810
769,923,5,1015763328
769,1244,4,1015763600
769,667,5,1015764165
770,916,5,1015765104
770,1467,3,1015766041
770,837,4,1015766816
770,1129,5,1015767230
770,423,5,1015767478
770,273,4,1015768114
770,1108,5,1015768670
770,1232,4,1015769272
770,1332,3,1015769276
770,704,4,1015769700
770,869,4,1015770650
770,339,3,1015771001
770,1325,5,1015771007
770,640,5,1015771240
770,27,4,1015772018
770,1122,5,1015772981
770,183,5,1015773287
770,1882,4,1015773752
770,29,4,1015774704
770,1098,5,1015775446
770,1461,5,1015776034
770,7,5,1015776766
770,1545,4,1015777685
770,1618,5,1015778219
770,1872,4,1015778596
770,1650,5,1015779197
770,1680,4,1015779943
770,237,5,1015780620
770,959,4,1015781277
770,614,5,1015781616
770,1258,3,1015782129
770,1871,3,1015782846
770,858,5,1015783556
770,479,4,1015784138
770,1707,4,1015784753
770,1124,4,1015785609
770,1193,3,1015785833
770,1853,4,1015785901
770,861,4,1015786237
770,1483,5,1015786497
770,1747,5,1015786505
770,1246,3,1015787319
770,1268,3,1015788226
770,1052,3,1015788880
770,248,4,1015789103
770,579,4,1015789945
770,823,5,1015790618
770,528,5,1015790983
770,569,4,1015791265
770,1766,5,1015791458
770,1229,5,1015791894
770,1906,4,1015792487
770,971,4,1015792635
770,1295,4,1015793122
770,1900,3,1015793560
770,295,5,1015793762
770,641,4,1015794695
771,772,4,1015795664
771,837,4,1015796484
771,423,5,1015796598
771,454,5,1015797493
771,1924,5,1015797540
771,321,3,1015797964
771,1506,5,1015798667
771,1592,3,1015798708
771,375,4,1015799393
771,1478,3,1015800388
771,1995,4,1015800480
771,1126,4,1015801434
771,1741,5,1015801723
771,33,5,1015801855
771,946,4,1015802738
771,487,4,1015803529
771,1685,5,1015804509
771,126,4,1015805203
771,1441,3,1015805410
771,1467,4,1015805681
771,578,3,1015806555
771,1283,4,1015806581
771,1176,3,1015807472
771,1156,3,1015807478
771,1108,3,1015808439
771,309,4,1015808966
771,1819,4,1015809324
771,1659,5,1015809936
771,1845,5,1015810750
771,1618,5,1015811728
771,1345,4,1015811884
771,1938,4,1015811965
771,618,4,1015812151
771,1971,5,1015812346
771,547,4,1015813329
771,415,4,1015814192
771,1761,5,1015814634
771,1751,5,1015815432
771,510,3,1015815988
771,714,5,1015816084
771,308,5,1015816455
771,713,5,1015817180
771,363,4,1015817493
771,314,5,1015818470
771,638,5,1015819058
771,1613,5,1015819445
771,1764,4,1015820146
771,557,5,1015820696
771,1881,4,1015821190
771,9,4,1015821941
772,837,3,1015822523
772,1682,3,1015822709
772,535,5,1015823293
772,1799,4,1015823977
772,1767,3,1015824058
772,1108,4,1015824402
772,1158,5,1015824967
772,1494,5,1015825255
772,1683,4,1015825432
772,1190,4,1015825537
772,1820,4,1015826492
772,859,3,1015827106
772,733,5,1015827285
772,423,5,1015827682
772,961,4,1015827752
772,806,3,1015827809
772,650,4,1015828665
772,455,5,1015829366
772,858,5,1015830252
772,555,3,1015830419
772,633,4,1015830656
772,923,4,1015831091
772,457,4,1015832077
772,913,5,1015832377
772,415,4,1015833003
772,1324,5,1015833388
772,1754,4,1015834079
772,1114,5,1015834247
772,1774,4,1015834513
772,1839,5,1015835130
772,996,4,1015835615
772,332,3,1015836379
772,750,5,1015836870
772,386,5,1015837499
773,348,5,1015838138
773,837,3,1015838773
773,423,4,1015839219
773,1485,4,1015839889
773,945,3,1015840163
773,303,4,1015840732
773,1467,5,1015841352
773,1430,5,1015842188
773,653,5,1015842983
773,1750,5,1015843710
773,802,3,1015844016
773,780,4,1015844636
773,1700,5,1015844963
773,1875,5,1015845311
773,1108,4,1015845434
773,1365,4,1015846052
773,100,4,1015846972
773,198,4,1015847252
773,660,3,1015847369
773,850,4,1015847906
773,1934,3,1015848637
773,1614,3,1015849502
773,509,4,1015850216
773,1367,4,1015850823
773,49,5,1015851681
773,824,5,1015851811
773,1000,5,1015852530
773,904,5,1015852870
773,1416,5,1015853049
773,321,3,1015853211
773,1960,3,1015853986
773,889,3,1015854954
773,1506,4,1015855821
773,1832,4,1015856388
773,415,3,1015856396
773,1973,4,1015857295
773,1154,3,1015858034
773,441,3,1015858281
773,923,3,1015858440
773,478,4,1015858700
773,1589,3,1015859126
773,712,5,1015859692
773,1240,4,1015860121
773,376,5,1015860427
773,514,3,1015861267
773,1137,4,1015862013
773,409,5,1015862118
774,1108,3,1015862904
774,837,5,1015863100
774,1618,5,1015863423
774,1777,5,1015863909
774,1007,4,1015863967
774,1565,4,1015864761
774,1822,5,1015865581
774,131,4,1015865798
774,1287,4,1015866665
774,635,4,1015867050
774,863,4,1015867492
774,451,4,1015867928
774,1812,5,1015868574
774,1872,5,1015868898
774,1491,5,1015869199
774,1455,4,1015869995
774,5,4,1015870683
774,1675,4,1015871267
774,415,4,1015871648
774,1220,4,1015872565
774,1516,4,1015872872
774,1467,4,1015873026
774,1716,4,1015873685
774,423,5,1015874234
774,1843,5,1015874609
774,745,5,1015875162
774,1689,4,1015875920
774,1056,4,1015876285
774,494,5,1015876692
774,1157,4,1015876906
774,706,4,1015877086
774,1173,5,1015877899
774,759,5,1015878317
774,1522,3,1015878934
774,985,3,1015879465
774,1052,5,1015879721
774,101,4,1015880244
774,1858,5,1015880592
774,140,4,1015881156
774,302,5,1015881839
774,239,5,1015882367
774,445,4,1015882430
774,897,4,1015883254
775,837,3,1015883420
775,1704,4,1015883963
775,1711,3,1015884178
775,1754,4,1015884696
775,890,5,1015885401
775,286,4,1015886390
775,1723,4,1015886704
775,1108,3,1015887467
775,110,3,1015887483
775,1530,4,1015887833
775,1727,5,1015888420
775,423,5,1015889396
775,1148,3,1015890139
775,436,5,1015890511
775,921,4,1015891139
775,1207,5,1015891265
775,512,4,1015892216
775,1874,3,1015893100
775,1797,4,1015893631
775,443,5,1015894564
775,1734,3,1015894690
775,851,5,1015895659
775,1428,3,1015896416
775,152,5,1015897349
775,1507,4,1015897604
775,1329,4,1015898585
775,1153,5,1015899584
775,1046,5,1015900016
775,1562,4,1015900765
775,511,5,1015901756
775,164,3,1015901947
775,794,3,1015902936
775,1056,5,1015903351
775,695,4,1015903799
775,373,5,1015903898
775,225,3,1015904301
775,1775,5,1015904493
775,751,4,1015904733
775,877,3,1015905351
775,1652,3,1015906098
775,807,4,1015906979
775,1548,5,1015907324
775,428,4,1015908182
775,138,5,1015908456
775,1570,3,1015908731
775,1192,4,1015908865
775,342,5,1015909661
775,1065,4,1015910624
775,1574,4,1015910655
775,1970,5,1015910803
775,836,5,1015910839
775,895,4,1015911595
775,1576,3,1015911801
776,423,3,1015912108
776,873,4,1015912220
776,837,3,1015912253
776,1056,4,1015912544
776,564,5,1015913406
776,332,5,1015914273
776,535,5,1015914982
776,1108,4,1015915047
776,10,4,1015915640
776,906,4,1015916177
776,1580,4,1015916705
776,1172,4,1015917018
776,783,4,1015917675
776,1355,4,1015918673
776,1926,5,1015919255
776,673,3,1015920053
776,350,4,1015920814
776,143,4,1015921537
776,469,4,1015921800
776,1754,4,1015922225
776,322,3,1015922322
776,1269,3,1015923026
776,968,3,1015923789
776,1325,5,1015924585
776,879,4,1015925340
776,1022,4,1015925760
776,1950,4,1015926633
776,683,3,1015926773
777,768,4,1015927565
777,1335,5,1015927874
777,837,4,1015928467
777,1563,4,1015929239
777,1475,4,1015929375
777,1108,5,1015930239
777,777,4,1015930648
777,73,3,1015931469
777,638,5,1015931495
777,1892,5,1015931959
777,1685,5,1015932705
777,423,3,1015933666
777,1510,5,1015934369
777,415,5,1015934790
777,627,3,1015934993
777,474,4,1015935975
777,1678,5,1015936315
777,967,3,1015936533
777,1594,5,1015937385
777,908,5,1015937872
777,1805,4,1015938620
777,1909,3,1015939381
777,1408,5,1015939967
777,698,4,1015940506
777,1273,4,1015940652
777,1393,4,1015941440
777,816,3,1015941556
777,1093,4,1015941973
777,215,4,1015942216
777,493,4,1015942540
777,10,5,1015942698
777,392,4,1015943490
777,1893,4,1015943690
777,607,4,1015944320
778,837,3,1015944796
778,1819,3,1015945041
778,423,4,1015945119
778,1942,5,1015945992
778,1244,5,1015946566
778,601,3,1015946906
778,596,3,1015947682
778,627,5,1015947953
778,351,4,1015948362
778,508,5,1015948416
778,1340,4,1015949214
778,1467,5,1015950142
778,779,4,1015950357
778,989,4,1015950548
778,1563,5,1015951513
778,84,5,1015951809
778,536,4,1015952253
778,1958,4,1015953137
778,927,3,1015953358
778,468,5,1015953900
778,405,5,1015954631
778,291,3,1015955036
778,1319,5,1015955756
778,1345,4,1015956265
778,1327,4,1015956799
778,1751,4,1015957108
778,1660,5,1015957533
778,143,3,1015958159
778,396,5,1015958162
778,316,4,1015958599
778,739,4,1015959008
778,769,5,1015959094
778,1630,5,1015959171
778,1068,5,1015959881
778,276,4,1015960279
779,1565,4,1015960308
779,837,5,1015960792
779,1108,5,1015961477
779,1118,4,1015962471
779,1643,5,1015963260
779,1014,5,1015963883
779,36,3,1015964786
779,456,5,1015964788
779,416,5,1015965011
779,1813,4,1015965068
779,667,5,1015965952
779,266,4,1015966726
779,140,3,1015966814
779,423,4,1015967727
779,1056,4,1015968474
779,446,5,1015968763
779,1303,4,1015968965
779,1728,5,1015969152
779,1050,4,1015970004
779,1473,4,1015970041
779,1082,5,1015970126
779,57,5,1015970408
779,1011,5,1015971166
779,1490,4,1015971512
779,497,4,1015972385
779,46,4,1015972623
779,1810,4,1015972661
779,764,4,1015973570
779,655,4,1015974268
779,1489,5,1015974613
779,370,5,1015974701
779,1474,5,1015974764
779,1321,3,1015975233
779,415,4,1015975761
779,753,4,1015976755
779,1852,5,1015976815
779,1720,4,1015977803
779,868,4,1015977831
779,1407,5,1015978574
779,602,4,1015979396
779,891,5,1015980196
779,1949,4,1015980371
779,1453,4,1015981014
780,837,4,1015981769
780,1236,5,1015982322
780,713,4,1015983158
780,1108,4,1015983257
780,1474,3,1015983390
780,602,5,1015984115
780,1171,4,1015984401
780,1944,5,1015984530
780,1676,5,1015985344
780,1213,3,1015986112
780,1131,4,1015986943
780,1304,4,1015987018
780,423,5,1015987443
780,1028,4,1015988061
780,340,5,1015989024
780,266,5,1015989784
780,915,4,1015990777
780,467,3,1015991709
780,765,3,1015991732
780,366,4,1015991736
780,1715,5,1015992005
780,1513,5,1015992749
780,1325,5,1015993096
780,190,5,1015993222
780,568,4,1015993307
780,1312,5,1015994047
781,1108,4,1015994751
781,1523,4,1015995451
781,837,4,1015996221
781,1048,4,1015996313
781,868,4,1015997240
781,1063,5,1015997642
781,1429,5,1015998173
781,749,5,1015998464
781,109,4,1015999414
781,213,5,1015999579
781,797,3,1015999862
781,462,4,1016000624
781,1966,4,1016000662
781,128,4,1016001455
781,1891,5,1016002135
781,1837,5,1016002446
781,987,5,1016003126
781,427,4,1016004067
781,1056,3,1016004955
781,813,3,1016005634
781,1486,4,1016005843
781,956,4,1016006369
781,990,4,1016006531
781,1889,5,1016007238
781,835,5,1016008024
781,265,5,1016008449
781,323,3,1016008463
781,6,3,1016009371
781,249,5,1016009744
781,1028,4,1016010452
781,697,3,1016010690
781,496,5,1016011675
781,1467,5,1016011690
781,1441,5,1016012165
781,61,3,1016012409
781,522,4,1016012482
781,1065,4,1016012666
781,1642,4,1016013435
781,423,3,1016013790
781,54,3,1016013810
781,1664,3,1016014768
781,1448,4,1016015085
781,1042,3,1016015234
781,1092,3,1016015419
781,1468,4,1016015705
781,943,3,1016016579
781,1169,3,1016016792
781,1987,5,1016017094
781,415,4,1016017775
781,1181,4,1016017855
781,1563,4,1016018561
781,271,5,1016019042
781,1827,4,1016019741
782,1108,3,1016020727
782,1180,5,1016021520
782,1512,4,1016022188
782,1685,4,1016022493
782,1619,3,1016023120
782,837,4,1016023363
782,1047,3,1016023765
782,1622,4,1016024609
782,487,3,1016024997
782,391,4,1016025347
782,761,5,1016026028
782,967,3,1016026459
782,1162,4,1016027062
782,656,5,1016027531
782,423,5,1016027707
782,244,4,1016028671
782,260,3,1016029613
782,1285,5,1016029884
782,1002,5,1016030436
782,538,4,1016030725
782,570,4,1016031381
782,1003,4,1016031629
782,923,4,1016031898
782,980,4,1016032212
782,1795,4,1016032759
782,1467,4,1016033753
782,752,5,1016034137
782,383,3,1016034278
782,1517,4,1016034736
782,589,4,1016035732
782,1938,4,1016036405
782,1218,3,1016037026
782,1554,5,1016037512
782,731,4,1016037731
782,958,5,1016038686
782,872,5,1016039682
782,1510,4,1016039909
782,363,5,1016040491
782,1015,5,1016041238
782,93,4,1016041713
782,1518,4,1016041907
782,876,4,1016041943
782,664,4,1016042218
782,698,4,1016042689
782,238,5,1016042869
782,1500,5,1016043741
782,476,4,1016043828
782,1056,4,1016044325
782,1868,4,1016044724
782,1140,5,1016044843
782,1126,5,1016045203
783,1300,4,1016045981
783,837,4,1016046410
783,868,5,1016046576
783,1530,4,1016046863
783,1065,3,1016047620
783,1108,4,1016048111
783,1082,4,1016048909
783,312,3,1016049510
783,1192,4,1016050442
783,1610,5,1016050991
783,387,5,1016051281
783,46,4,1016051494
783,423,3,1016052157
783,1402,3,1016053129
783,1442,3,1016053982
783,1623,4,1016054214
783,575,4,1016054655
783,328,4,1016054724
783,1975,4,1016055284
783,405,4,1016056004
783,826,4,1016056255
783,1167,4,1016056612
783,680,3,1016056644
783,1243,4,1016057476
783,1997,4,1016058339
783,1467,5,1016059239
783,1072,5,1016059868
783,349,4,1016060659
783,1438,4,1016061404
783,1152,3,1016061896
783,1681,5,1016062846
783,1444,4,1016062921
783,1076,4,1016063836
783,1187,5,1016064649
783,1567,4,1016064743
783,479,4,1016064746
783,506,4,1016064763
783,598,4,1016065123
783,1387,4,1016065593
783,1837,5,1016066057
783,178,3,1016066408
783,425,5,1016066670
783,407,4,1016067075
783,209,4,1016067540
783,1552,5,1016068044
783,1944,3,1016068483
783,1333,5,1016068920
783,1107,5,1016069223
783,1803,4,1016069920
783,1772,3,1016070057
784,415,5,1016070353
784,423,4,1016070951
784,837,3,1016071037
784,1108,5,1016071199
784,798,3,1016071978
784,1912,3,1016072894
784,1475,4,1016072999
784,669,5,1016073806
784,778,5,1016074277
784,299,4,1016074327
784,611,3,1016074583
784,1311,5,1016075503
784,1634,4,1016075797
784,439,4,1016075936
784,288,5,1016076590
784,1041,4,1016077082
784,1720,5,1016077653
784,1467,4,1016077801
784,1480,3,1016078497
784,1155,4,1016078823
784,168,4,1016079485
784,1599,4,1016079776
784,35,3,1016080095
784,359,5,1016080326
784,280,5,1016080839
784,1594,4,1016081181
784,810,5,1016081465
784,924,4,1016082296
784,1008,4,1016082924
784,302,5,1016083272
784,903,3,1016083278
784,937,4,1016083816
784,1288,5,1016084138
784,545,3,1016084595
784,1735,5,1016084614
784,897,3,1016085189
784,482,4,1016085408
784,1203,5,1016085795
784,923,5,1016086028
784,432,5,1016086684
784,1746,5,1016087596
784,1280,4,1016088364
784,1657,4,1016089284
784,1699,4,1016089547
784,848,4,1016089923
784,1892,4,1016090023
784,149,4,1016090640
784,500,5,1016091375
784,449,5,1016091771
784,433,5,1016092141
785,837,4,1016092380
785,1537,4,1016093274
785,415,5,1016093948
785,1130,5,1016094058
785,1464,4,1016094099
785,423,4,1016094816
785,696,3,1016095031
785,866,5,1016095171
785,1108,3,1016095185
785,1295,4,1016095913
785,1447,5,1016096887
785,403,4,1016097792
785,1032,4,1016098714
785,1946,4,1016099708
785,1590,5,1016100119
785,1536,4,1016101063
785,1210,4,1016101937
785,624,3,1016102329
785,486,4,1016103029
785,926,4,1016103699
785,90,4,1016103908
785,1753,4,1016104257
785,494,5,1016104674
786,1531,5,1016105075
786,222,3,1016105437
786,1152,4,1016106184
786,6,3,1016106515
786,837,4,1016106657
786,1467,3,1016106809
786,609,3,1016106815
786,423,3,1016107707
786,1605,4,1016107930
786,1319,5,1016108249
786,1181,3,1016108783
786,1385,4,1016108974
786,655,4,1016109397
786,1618,5,1016110287
786,1060,5,1016111242
786,1113,4,1016112103
786,1730,3,1016112624
786,1879,3,1016113556
786,1072,4,1016114342
786,1681,5,1016114836
786,829,5,1016115056
786,1011,5,1016115369
786,543,4,1016116140
786,1419,5,1016116866
786,1581,4,1016117297
786,1612,3,1016118184
786,1741,3,1016118237
786,1530,4,1016119103
786,946,3,1016119249
786,415,4,1016120075
786,1506,5,1016120993
786,1240,4,1016121799
786,1108,5,1016122168
786,1957,3,1016122479
786,1340,4,1016122565
786,152,4,1016123046
786,49,4,1016123614
786,1655,5,1016124037
786,618,4,1016124902
786,1244,5,1016125493
786,1387,4,1016125801
786,1020,5,1016126468
786,1761,3,1016127339
786,1286,4,1016128250
786,1065,5,1016128994
786,1567,3,1016129730
786,39,4,1016130519
786,1945,4,1016130984
786,547,5,1016131731
786,200,5,1016131995
786,598,3,1016132163
787,1535,4,1016133045
787,1719,4,1016133242
787,423,3,1016134095
787,383,4,1016134770
787,837,4,1016134795
787,774,5,1016134957
787,752,5,1016135870
787,354,4,1016135983
787,1596,3,1016136047
787,865,5,1016136240
787,1467,3,1016136342
787,467,4,1016136643
787,1108,3,1016137447
787,1682,3,1016137638
787,1360,5,1016138108
787,366,4,1016139099
787,45,4,1016140063
787,1820,4,1016140502
787,147,4,1016141331
787,878,5,1016142246
787,1282,3,1016142585
787,1580,4,1016143540
787,1098,5,1016143601
787,1860,4,1016143857
787,1690,5,1016143908
787,657,4,1016144374
787,1544,5,1016144957
787,162,4,1016145617
787,1277,4,1016146430
787,1800,4,1016146763
787,16,4,1016146896
787,707,4,1016147770
787,450,5,1016148390
787,888,4,1016149323
787,1561,3,1016150289
787,673,4,1016151201
787,651,3,1016151342
787,858,5,1016152144
787,474,3,1016152324
787,1629,5,1016152505
787,253,5,1016152652
787,1401,4,1016152954
787,334,4,1016153740
788,547,4,1016154522
788,1074,5,1016155413
788,829,4,1016156398
788,1108,3,1016156429
788,1096,4,1016156920
788,837,5,1016157080
788,1056,3,1016157461
788,1271,4,1016157592
788,418,4,1016158325
788,1048,3,1016158452
788,1778,4,1016158610
788,1693,4,1016159459
788,270,5,1016159479
788,1599,3,1016159742
788,493,4,1016160354
788,1279,5,1016160664
788,1978,4,1016161293
788,1923,5,1016162129
788,1695,5,1016162840
788,423,5,1016163688
788,306,5,1016164397
788,1255,3,1016165383
788,1748,4,1016165409
788,1391,5,1016165847
788,1220,5,1016166738
788,434,3,1016167247
788,277,4,1016167643
788,1303,5,1016168047
788,1973,4,1016168295
788,500,4,1016169060
788,1659,5,1016169834
788,907,3,1016170555
788,1248,5,1016170759
788,903,4,1016171396
788,573,3,1016172215
788,1852,5,1016172441
788,639,4,1016173164
788,254,5,1016173264
788,675,3,1016173591
788,1424,5,1016174315
788,1921,3,1016174939
788,1166,5,1016175557
788,1893,5,1016176043
788,1421,5,1016176692
788,63,5,1016177463
788,1480,5,1016177768
788,773,5,1016178542
788,1183,4,1016178789
789,457,4,1016179528
789,1662,5,1016180040
789,837,4,1016180700
789,388,3,1016181463
789,423,4,1016182007
789,1108,3,1016182477
789,452,4,1016183338
789,1864,5,1016183875
789,1469,4,1016184774
789,858,4,1016184827
789,1958,3,1016184961
789,82,4,1016185754
789,1922,4,1016186402
789,1747,4,1016186930
789,630,4,1016187047
789,1045,4,1016187525
789,779,5,1016187585
789,7,4,1016187613
789,135,5,1016188431
789,1117,4,1016188737
789,126,3,1016189131
789,1792,4,1016189772
789,1619,5,1016190097
789,1865,5,1016190211
789,1776,5,1016190932
789,970,5,1016191241
789,114,4,1016191918
789,1931,4,1016192271
789,786,3,1016192794
789,723,3,1016193614
789,1347,4,1016193992
789,1494,4,1016194959
789,1236,5,1016195890
789,1509,3,1016196378
789,106,5,1016196509
789,1653,4,1016196970
789,1095,4,1016197075
789,656,4,1016197863
789,450,4,1016198632
790,837,4,1016199573
790,421,4,1016199930
790,1403,4,1016200258
790,1868,3,1016200587
790,1520,4,1016201435
790,1313,4,1016202299
790,1381,5,1016202729
790,1876,5,1016203429
790,1498,3,1016203724
790,423,5,1016204016
790,1470,4,1016204724
790,42,4,1016204825
790,1003,5,1016204939
790,1353,4,1016205339
790,1257,4,1016206252
790,263,4,1016207099
790,473,3,1016208010
790,551,4,1016208116
790,1504,4,1016209077
790,508,5,1016209933
790,1108,4,1016210780
790,1980,4,1016211720
790,388,4,1016211969
790,1819,5,1016212901
790,1123,3,1016213697
790,525,3,1016214383
790,135,4,1016214678
790,832,5,1016215277
790,1855,5,1016215524
790,958,4,1016215976
790,899,5,1016216660
790,873,3,1016216807
790,572,4,1016217276
790,866,3,1016218087
790,279,5,1016218408
790,1685,4,1016218682
791,837,4,1016219244
791,423,5,1016220213
791,1028,5,1016220469
791,1467,4,1016221424
791,379,5,1016221488
791,1949,4,1016221872
791,765,4,1016222028
791,1724,5,1016222515
791,378,4,1016223068
791,1676,3,1016223991
791,1870,5,1016224932
791,1655,4,1016225030
791,1761,3,1016225319
791,1060,4,1016225773
791,1728,5,1016226144
791,63,5,1016227025
791,1108,4,1016227468
791,1286,4,1016227978
791,405,5,1016228250
791,431,5,1016228829
791,415,3,1016228866
791,1421,3,1016229652
791,965,3,1016230159
791,1050,4,1016230569
791,822,4,1016231174
791,1506,5,1016231609
791,1833,4,1016231819
791,1063,4,1016232108
791,1904,3,1016232922
791,463,4,1016233700
791,1891,5,1016234321
791,1923,5,1016234411
791,189,4,1016234928
791,1175,3,1016235527
791,247,3,1016236376
791,595,5,1016237277
791,1321,3,1016237425
791,1973,5,1016237575
791,1787,4,1016238516
791,781,4,1016238612
791,618,4,1016239364
791,1237,3,1016240077
791,40,3,1016240954
791,198,5,1016241852
791,56,4,1016242078
792,1826,5,1016242118
792,1186,3,1016243098
792,837,5,1016243191
792,196,3,1016243284
792,5,4,1016243866
792,1118,4,1016244076
792,1489,5,1016244534
792,57,4,1016245375
792,1570,5,1016245736
792,1271,3,1016246245
792,353,4,1016247162
792,848,4,1016247363
792,1480,5,1016247787
792,751,5,1016248762
792,1834,5,1016249033
792,310,5,1016249259
792,1828,5,1016249575
792,1694,4,1016250566
792,794,4,1016251211
792,62,5,1016251243
792,420,4,1016251547
792,1089,3,1016251588
792,51,5,1016251710
792,1917,3,1016252112
792,361,3,1016253099
792,1848,4,1016254068
792,1458,3,1016254208
793,423,5,1016254642
793,1108,4,1016254665
793,837,4,1016254887
793,1813,3,1016255327
793,920,3,1016255332
793,690,3,1016255747
793,319,5,1016256568
793,1307,3,1016257146
793,375,4,1016257545
793,1885,4,1016258544
793,401,5,1016258891
793,1533,4,1016259140
793,659,4,1016259682
793,1010,3,1016260187
793,992,3,1016260957
793,33,4,1016261456
793,550,5,1016262042
793,1386,5,1016262813
793,361,5,1016262979
793,1252,4,1016263671
793,91,5,1016264328
793,1665,5,1016264783
793,415,4,1016265312
793,466,3,1016265314
793,1992,4,1016265857
793,309,4,1016266506
793,1694,5,1016266546
793,1467,4,1016266994
793,1606,4,1016267809
793,363,5,1016268120
793,1259,3,1016268289
793,21,5,1016268367
793,1377,5,1016268439
793,459,5,1016269132
793,71,3,1016270022
793,149,3,1016270087
793,631,5,1016271034
793,812,4,1016271718
793,1056,5,1016272377
793,795,3,1016272752
793,1576,4,1016273067
793,566,4,1016273281
793,1184,4,1016274115
793,1047,4,1016274541
793,692,3,1016274988
793,487,3,1016275021
793,1458,4,1016275868
793,1924,3,1016276202
793,199,5,1016276611
793,511,4,1016277011
794,1889,4,1016277523
794,1602,5,1016278167
794,837,4,1016278505
794,1304,3,1016278842
794,148,3,1016279758
794,1305,3,1016280100
794,249,5,1016280641
794,145,5,1016281238
794,1108,4,1016281802
794,637,4,1016282066
794,423,5,1016282661
794,1131,4,1016283184
794,211,3,1016283754
794,1467,4,1016284533
794,770,4,1016285052
794,19,5,1016285548
794,186,5,1016286128
794,1662,4,1016286348
794,310,3,1016287225
794,912,3,1016288055
794,957,4,1016288655
794,1078,3,1016289548
794,1371,5,1016290446
794,1082,5,1016290747
794,634,3,1016291097
794,156,5,1016291486
794,147,4,1016291586
794,1896,4,1016292448
794,1213,4,1016293389
794,819,3,1016294075
794,652,3,1016294739
794,402,4,1016295620
794,796,5,1016296427
794,1738,3,1016296463
794,1393,3,1016296571
794,93,5,1016297265
794,1474,5,1016298207
794,1148,4,1016298321
795,837,5,1016299260
795,1265,4,1016299265
795,1766,3,1016300011
795,1482,5,1016300532
795,457,5,1016300881
795,423,4,1016301474
795,1052,3,1016301805
795,30,4,1016302609
795,251,4,1016302987
795,356,4,1016303318
795,1178,4,1016303468
795,1830,4,1016304131
795,1696,5,1016304158
795,1681,5,1016304841
795,1853,3,1016305132
795,1731,4,1016305409
795,928,5,1016306088
795,1173,3,1016306348
795,1076,5,1016306871
795,1108,5,1016307836
795,1114,4,1016308729
795,1646,3,1016309186
795,1637,5,1016309385
795,1021,4,1016309525
795,1113,5,1016309769
795,1392,4,1016310396
795,1535,4,1016310881
795,826,4,1016311206
795,1244,4,1016311622
795,1906,4,1016312409
795,806,3,1016312977
795,295,4,1016313286
796,1702,3,1016313804
796,1108,5,1016313857
796,837,4,1016314057
796,864,5,1016314162
796,1193,5,1016314380
796,120,4,1016315140
796,876,4,1016315185
796,1856,4,1016315601
796,106,4,1016315880
796,384,4,1016316694
796,480,5,1016317564
796,53,4,1016317707
796,629,5,1016317863
796,1123,3,1016317980
796,1055,5,1016318336
796,845,5,1016319032
796,1704,4,1016319054
796,607,5,1016319069
796,1812,4,1016319342
796,759,4,1016319343
796,473,5,1016320232
796,126,4,1016320549
796,863,4,1016320804
796,1467,4,1016321608
796,86,3,1016321960
796,821,3,1016322659
796,423,4,1016323269
796,761,5,1016324255
796,34,5,1016324829
796,752,5,1016325734
796,1750,3,1016326014
796,1470,3,1016326897
796,160,4,1016326919
796,653,5,1016326964
796,476,4,1016327837
796,229,3,1016328102
796,430,4,1016328525
796,1946,3,1016329166
796,1948,4,1016329683
796,1686,3,1016329691
796,1491,4,1016330501
796,1482,4,1016331388
796,989,3,1016331822
796,786,5,1016332577
796,233,4,1016333248
796,1822,5,1016334119
796,1717,4,1016334550
796,564,5,1016334968
796,415,5,1016335942
796,772,5,1016336399
796,1958,4,1016336406
796,1685,4,1016336644
796,1026,5,1016336704
796,878,5,1016337063
796,1347,5,1016337518
796,1898,4,1016337962
796,1498,5,1016338414
796,1872,5,1016339382
796,739,3,1016339383
796,205,4,1016339977
797,837,5,1016340661
797,83,5,1016341367
797,1700,5,1016341423
797,1814,4,1016341591
797,1108,3,1016341600
797,1618,5,1016342343
797,643,5,1016342890
797,66,5,1016343484
797,1416,4,1016344095
797,883,4,1016344131
797,1856,5,1016345114
797,1144,3,1016345285
797,1056,4,1016345356
797,423,3,1016345967
797,787,5,1016346756
797,1708,3,1016347743
797,867,3,1016348676
797,79,3,1016348701
797,1579,3,1016349520
797,78,4,1016350090
797,691,4,1016350617
797,584,3,1016351403
797,1467,3,1016351936
797,243,4,1016352111
797,258,3,1016352184
797,889,4,1016352262
798,1403,5,1016352899
798,837,4,1016353056
798,783,4,1016354002
798,358,4,1016354602
798,816,4,1016354948
798,1909,5,1016355815
798,1470,3,1016356094
798,1525,3,1016356964
798,714,5,1016357804
798,1297,4,1016358141
798,662,5,1016359021
798,1154,4,1016359078
798,465,4,1016359296
798,1538,4,1016360234
798,1350,3,1016361226
798,1763,4,1016361903
798,267,5,1016362837
798,279,5,1016363169
798,1034,4,1016364135
798,1832,5,1016364736
798,423,5,1016364761
798,1795,4,1016365657
798,1617,3,1016365913
798,1620,5,1016366064
798,383,4,1016366644
798,1108,4,1016367635
798,1218,5,1016367826
798,534,4,1016368628
798,718,3,1016368703
798,1697,5,1016369187
798,743,5,1016369683
798,882,3,1016370024
798,1498,3,1016370655
798,1588,5,1016370701
798,664,4,1016371006
798,238,5,1016371954
798,188,3,1016372597
798,1670,4,1016372984
798,1037,5,1016373369
798,747,5,1016373526
798,779,4,1016374184
798,1362,3,1016375175
798,510,4,1016375506
798,1274,4,1016376382
798,824,5,1016376728
798,729,5,1016377165
798,1017,3,1016377204
798,1339,4,1016377392
798,950,4,1016378389
798,1368,4,1016378421
798,686,4,1016379146
798,492,5,1016380081
798,998,5,1016380895
798,711,4,1016380980
798,1733,4,1016381244
798,1219,5,1016381959
798,847,4,1016382324
799,837,5,1016383233
799,1598,3,1016384133
799,1353,4,1016384637
799,545,5,1016384645
799,924,3,1016385351
799,886,3,1016386088
799,423,5,1016386290
799,1928,4,1016387139
799,1834,4,1016387756
799,155,3,1016388073
799,1108,5,1016388307
799,1509,3,1016389171
799,1424,3,1016389668
799,1118,4,1016390284
799,147,5,1016390778
799,587,4,1016391683
799,1601,5,1016392622
799,1607,4,1016392996
799,284,4,1016393915
799,1848,5,1016394061
799,1106,4,1016394162
799,1554,4,1016394362
799,1798,5,1016394688
799,1520,4,1016395501
799,812,5,1016395853
799,1805,4,1016395896
799,1233,4,1016396812
799,1467,3,1016397331
799,613,4,1016398100
799,1596,3,1016398116
799,1868,3,1016398470
799,444,5,1016399155
799,362,3,1016400061
799,298,4,1016400346
799,1179,3,1016400978
799,415,4,1016401684
799,703,4,1016401711
799,1721,4,1016401992
799,156,5,1016402720
799,652,4,1016402893
799,196,4,1016402935
799,37,4,1016402981
799,1110,4,1016403816
799,502,3,1016404095
799,565,5,1016404119
799,1460,5,1016404550
799,1606,3,1016404616
799,1873,4,1016405449
799,639,4,1016405898
799,12,4,1016406637
799,334,3,1016407173
799,885,3,1016407182
799,1212,4,1016407686
799,1947,4,1016408593
799,980,4,1016409446
799,856,5,1016410138
799,202,4,1016410183
800,1235,4,1016410452
800,671,5,1016410787
800,837,4,1016411647
800,1807,5,1016412130
800,885,5,1016412517
800,5,4,1016413310
800,423,4,1016413654
800,644,4,1016414310
800,276,4,1016414670
800,1108,4,1016415604
800,396,4,1016415866
800,1467,5,1016415973
800,1984,4,1016416662
800,75,5,1016417000
800,1624,4,1016417402
800,667,5,1016417451
800,1118,4,1016418443
800,1565,4,1016418598
800,209,4,1016419089
800,316,4,1016419671
800,810,4,1016419770
800,983,4,1016420546
800,1833,5,1016420956
800,795,5,1016421850
800,1585,4,1016421997
800,591,5,1016422391
800,1076,4,1016423125
800,1708,5,1016423267
800,907,4,1016423429
801,837,5,1016424382
801,1467,4,1016424723
801,412,5,1016425436
801,1674,5,1016426422
801,1400,4,1016426944
801,1518,5,1016427286
801,1528,4,1016427685
801,556,4,1016428598
801,1534,5,1016429197
801,1108,5,1016429260
801,1990,3,1016429314
801,722,3,1016430051
801,942,3,1016431041
801,292,4,1016431759
801,1056,4,1016432367
801,1772,5,1016432783
801,1618,4,1016433560
801,1842,5,1016434455
801,823,4,1016435368
801,1446,5,1016436351
801,264,3,1016437196
801,1292,3,1016437780
801,260,4,1016438067
801,1280,3,1016438530
801,134,4,1016438900
801,289,4,1016439720
801,1399,3,1016440648
801,33,3,1016441173
801,415,4,1016441999
801,423,4,1016442715
801,172,4,1016442935
801,1781,5,1016443414
801,1311,5,1016443789
801,1992,5,1016443810
801,406,4,1016444055
801,255,3,1016444794
801,538,4,1016444949
801,1954,4,1016445870
801,1422,3,1016446284
801,72,3,1016447175
801,1770,5,1016447455
801,1283,5,1016447475
801,494,4,1016448167
801,914,5,1016449024
801,1514,3,1016449828
801,482,3,1016450574
801,210,3,1016450833
801,604,3,1016451027
801,576,4,1016451922
801,663,3,1016452735
801,1639,4,1016452789
801,1985,5,1016453705
801,305,3,1016454150
801,1667,5,1016454293
801,1180,4,1016454577
801,1061,4,1016454878
801,608,3,1016455804
802,395,4,1016456752
802,95,4,1016457012
802,1108,4,1016457323
802,837,4,1016458033
802,1240,5,1016458761
802,760,3,1016459562
802,987,4,1016459862
802,1018,4,1016460784
802,624,5,1016461126
802,198,4,1016461131
802,1171,5,1016461374
802,1459,5,1016461655
802,357,4,1016461880
802,706,4,1016462573
802,1467,4,1016462951
802,1987,4,1016463107
802,1056,3,1016463810
802,423,5,1016464306
802,1630,4,1016464891
802,1628,3,1016465387
802,17,4,1016465927
802,1450,4,1016466393
802,1636,4,1016466652
802,788,4,1016466955
802,1534,5,1016467120
802,1048,5,1016467676
802,234,5,1016468442
802,180,4,1016469144
802,94,4,1016469296
802,547,3,1016469830
802,415,5,1016470673
802,1166,4,1016471532
802,169,3,1016472378
802,1487,4,1016473183
802,1674,4,1016473739
802,1891,3,1016474130
802,1689,4,1016474504
802,1612,4,1016475060
802,305,5,1016475571
802,56,3,1016476485
802,942,5,1016477342
802,1506,4,1016477968
802,1843,4,1016478907
802,1042,4,1016479493
802,482,5,1016480072
802,1633,3,1016480991
802,302,4,1016481698
802,40,4,1016482578
802,568,5,1016482755
802,1188,3,1016483192
802,1433,4,1016483617
802,593,4,1016484143
802,9,4,1016484457
802,1142,5,1016484476
802,956,4,1016484644
802,901,5,1016484659
802,1102,4,1016484732
802,727,5,1016484958
802,1817,4,1016485514
802,1780,5,1016486256
803,837,4,1016486434
803,122,4,1016487334
803,887,4,1016487540
803,1108,3,1016488525
803,1886,5,1016489406
803,423,5,1016489961
803,1716,5,1016490845
803,1626,5,1016491267
803,1280,3,1016491722
803,1902,4,1016492184
803,818,4,1016492437
803,341,4,1016492570
803,1398,3,1016493490
803,1467,3,1016493776
803,1155,4,1016494498
803,123,4,1016494928
803,85,4,1016495657
803,1959,4,1016496471
803,886,5,1016496862
803,1618,5,1016496907
803,20,5,1016497025
803,1356,4,1016497945
803,796,5,1016498119
803,385,5,1016498214
803,134,5,1016498908
803,1554,4,1016499094
803,1697,5,1016500082
803,1311,4,1016501013
803,1573,4,1016501059
803,811,5,1016502023
803,44,4,1016502068
803,1726,3,1016502998
803,1689,5,1016503725
804,837,4,1016503817
804,423,5,1016504010
804,1614,5,1016504768
804,1108,5,1016505146
804,1925,5,1016505239
804,558,3,1016505526
804,701,4,1016506207
804,1186,4,1016506534
804,105,5,1016507377
804,441,5,1016507999
804,227,4,1016508256
804,1526,4,1016508483
804,1467,3,1016508751
804,1000,4,1016509682
804,381,3,1016510007
804,661,5,1016510119
804,235,4,1016510279
804,815,3,1016510827
804,1143,4,1016511166
804,1835,5,1016511201
804,1684,4,1016511510
804,1323,3,1016511567
804,1064,5,1016511766
804,1046,4,1016512344
804,1993,4,1016512984
804,699,5,1016513699
804,845,3,1016513990
804,850,5,1016514369
804,1471,4,1016514960
804,384,3,1016515878
804,1838,4,1016516675
804,904,3,1016516977
804,1492,4,1016517154
804,376,3,1016517682
804,1638,4,1016518367
804,836,5,1016518481
804,807,5,1016518716
804,355,3,1016519257
804,1644,5,1016519907
804,1722,5,1016520226
804,1250,4,1016520526
804,1267,4,1016521420
804,1071,4,1016521760
804,1386,4,1016522539
804,225,4,1016523358
804,864,4,1016524138
804,1589,4,1016524732
804,898,4,1016525083
804,1797,5,1016525376
804,1338,5,1016525750
804,584,5,1016526082
804,984,5,1016526379
804,1009,4,1016526989
804,549,4,1016527789
804,1377,3,1016528184
804,1368,5,1016529003
804,1336,5,1016529378
805,1467,4,1016529840
805,1724,3,1016530185
805,423,3,1016530626
805,837,4,1016531315
805,929,5,1016531576
805,1075,4,1016532136
805,206,4,1016532422
805,1259,4,1016532664
805,169,3,1016533366
805,1655,4,1016534296
805,700,4,1016534474
805,1298,4,1016535246
805,1579,5,1016535611
805,286,4,1016535692
805,437,4,1016536442
805,835,4,1016537300
805,1374,4,1016538252
805,1108,3,1016539110
805,59,3,1016539690
805,979,5,1016540294
805,712,4,1016540570
805,1133,3,1016540663
805,1891,4,1016541337
805,176,5,1016542295
805,438,3,1016543112
805,47,4,1016543371
805,797,4,1016543710
805,195,3,1016544476
805,1630,5,1016545234
805,737,3,1016545642
805,521,4,1016546496
805,1663,4,1016546896
805,893,4,1016547403
805,671,5,1016547865
805,618,5,1016548368
805,983,4,1016548460
805,153,5,1016548860
805,1828,4,1016549095
805,765,3,1016549886
805,699,4,1016550119
805,1205,3,1016550744
805,448,5,1016551717
805,1138,3,1016551731
805,1570,5,1016551767
805,1420,4,1016552585
805,921,4,1016553037
805,702,4,1016553836
805,1103,3,1016554326
805,1529,5,1016554385
805,558,5,1016554461
805,225,5,1016555150
805,1223,5,1016555981
805,308,4,1016556541
805,727,3,1016556731
805,399,5,1016557140
805,867,5,1016558121
806,1702,5,1016558492
806,1345,4,1016558944
806,1174,4,1016559777
806,752,5,1016560528
806,216,4,1016561358
806,837,5,1016561653
806,629,5,1016561898
806,1285,3,1016562182
806,1865,5,1016562364
806,253,4,1016563244
806,1021,4,1016564105
806,1056,5,1016564460
806,244,5,1016564577
806,1108,5,1016564989
806,1911,4,1016565157
806,761,5,1016565367
806,959,5,1016565888
806,1216,5,1016566607
806,397,4,1016567037
806,1545,4,1016567899
806,1198,4,1016568042
806,423,3,1016568383
806,570,4,1016568937
806,474,4,1016569554
806,1191,4,1016569740
806,1717,3,1016569978
806,391,5,1016570338
806,1005,3,1016570819
806,960,3,1016571322
806,1067,5,1016571838
806,30,4,1016572224
806,271,5,1016572459
806,283,5,1016573437
806,1482,5,1016573885
806,1058,3,1016574742
806,1618,5,1016575409
806,1156,4,1016575722
806,1199,3,1016576541
806,1467,4,1016577124
806,204,5,1016577290
806,246,4,1016578034
806,1812,4,1016578117
806,304,4,1016578843
806,1850,3,1016579258
806,205,3,1016579322
806,1242,3,1016580061
806,1544,4,1016580856
806,1459,5,1016581517
806,1491,3,1016581615
806,687,5,1016582548
806,1823,3,1016583171
806,1080,5,1016583851
806,415,3,1016584072
807,293,5,1016584574
807,837,3,1016585449
807,479,4,1016586149
807,1,4,1016586658
807,1230,5,1016587606
807,613,3,1016588446
807,423,5,1016589267
807,1110,4,1016589539
807,525,4,1016590372
807,1888,3,1016591085
807,1608,3,1016591809
807,367,3,1016592193
807,349,4,1016593064
807,1707,4,1016593623
807,298,4,1016594363
807,1831,5,1016594974
807,704,5,1016595306
807,1467,5,1016595679
807,986,3,1016596178
807,1785,5,1016597125
807,1108,4,1016597676
807,634,4,1016597796
807,1573,4,1016598649
807,1797,4,1016598714
807,1759,4,1016599581
807,1093,5,1016599900
807,1639,5,1016600050
807,52,5,1016600928
807,1029,3,1016601367
807,1743,4,1016602126
807,1894,4,1016602163
807,1711,5,1016602724
807,27,3,1016602789
807,1353,3,1016603312
807,1228,5,1016603695
807,14,5,1016604490
807,640,5,1016604859
807,112,4,1016605628
807,1085,4,1016606035
807,1332,5,1016606724
808,1578,5,1016607488
808,837,4,1016608097
808,1716,4,1016608736
808,423,5,1016608864
808,580,5,1016609700
808,1675,3,1016609875
808,1108,3,1016610540
808,32,5,1016611059
808,1155,5,1016612025
808,1847,4,1016612142
808,1241,5,1016612553
808,1391,5,1016613062
808,1446,5,1016614022
808,752,4,1016614191
808,799,5,1016615040
808,1728,4,1016615100
808,951,5,1016615820
808,1454,4,1016616641
808,1865,3,1016617055
808,903,3,1016617405
808,1522,4,1016617462
808,1695,5,1016618090
808,1911,4,1016618648
808,1285,3,1016618720
808,1253,4,1016618998
808,1674,3,1016619922
808,682,4,1016619932
808,1375,3,1016620035
808,1594,4,1016621024
808,539,3,1016621296
808,1544,5,1016621706
808,627,5,1016622201
808,106,3,1016622326
808,809,5,1016622527
808,1864,4,1016623396
808,949,5,1016624125
808,1771,3,1016624865
808,238,4,1016624928
808,1699,4,1016625226
808,1067,5,1016625822
808,173,4,1016626420
808,168,4,1016626790
808,111,4,1016627186
808,624,3,1016628152
808,1050,4,1016628555
808,1541,4,1016629326
808,1200,5,1016629523
808,960,5,1016629608
808,473,4,1016630563
808,1210,5,1016631304
808,1921,3,1016631386
808,1849,5,1016631737
808,771,5,1016632290
808,942,5,1016633035
808,788,5,1016633920
808,1083,3,1016634693
808,783,4,1016635118
808,451,3,1016635262
808,433,3,1016635270
809,186,4,1016635478
809,1004,4,1016635623
809,732,4,1016636045
809,1605,5,1016637040
809,1839,3,1016637188
809,938,4,1016637853
809,837,5,1016638206
809,1353,4,1016638440
809,196,5,1016638545
809,1108,3,1016639450
809,376,5,1016640106
809,423,5,1016640630
809,957,3,1016640989
809,1556,4,1016641459
809,1856,5,1016641840
809,625,4,1016642431
809,1009,4,1016643380
809,642,4,1016644057
809,1214,4,1016644474
809,124,5,1016645192
809,96,5,1016646027
809,1078,4,1016646765
810,135,4,1016646767
810,459,4,1016647196
810,1752,5,1016647340
810,837,5,1016647497
810,423,3,1016647555
810,1386,5,1016647589
810,1224,4,1016648249
810,558,4,1016649113
810,1108,3,1016649538
810,1383,4,1016649957
810,415,4,1016650364
810,140,4,1016650435
810,699,4,1016651107
810,1797,3,1016651194
810,510,5,1016652145
810,1618,4,1016653032
810,199,3,1016653305
810,416,3,1016654139
810,844,4,1016654351
810,1259,4,1016655091
810,951,5,1016655233
811,837,5,1016655657
811,1920,5,1016655701
811,1004,3,1016655907
811,1909,5,1016656139
811,864,5,1016656888
811,1408,3,1016657309
811,1829,4,1016657656
811,1339,4,1016657769
811,1017,4,1016658750
811,1948,4,1016659170
811,758,5,1016659669
811,1108,3,1016660155
811,243,4,1016660317
811,927,5,1016660409
811,193,4,1016660556
811,662,5,1016661390
811,423,4,1016662029
811,498,3,1016662376
811,1163,5,1016662985
811,1414,4,1016663337
811,126,4,1016664132
811,1825,3,1016664464
811,303,5,1016664552
811,1750,3,1016664790
811,10,4,1016665213
811,1034,4,1016665310
811,1616,5,1016665985
811,1832,5,1016666031
811,817,4,1016666114
812,874,4,1016666759
812,1866,3,1016667296
812,837,4,1016667442
812,1797,4,1016667997
812,1600,4,1016668959
812,123,3,1016669586
812,1108,3,1016669793
812,1658,4,1016670209
812,1526,4,1016671016
812,1538,3,1016671900
812,721,3,1016671935
812,661,4,1016672250
812,1974,3,1016673238
812,489,4,1016673820
812,1354,5,1016674704
812,1555,4,1016675163
812,1214,5,1016675301
812,1298,4,1016675346
812,1336,3,1016675762
812,107,5,1016676474
812,1886,4,1016677430
812,930,4,1016678055
812,435,4,1016678695
812,705,4,1016679440
812,558,4,1016679743
812,700,5,1016680309
812,1562,3,1016680727
812,884,4,1016681314
812,259,4,1016681826
813,546,3,1016682291
813,1108,3,1016682685
813,874,4,1016683580
813,808,3,1016683879
813,1286,4,1016684840
813,749,4,1016685226
813,1274,5,1016685732
813,742,5,1016686281
813,837,4,1016686825
813,1252,4,1016687665
813,1278,5,1016687797
813,1611,4,1016688380
813,1306,4,1016688930
813,773,5,1016689445
813,423,5,1016689575
813,578,4,1016689687
813,1992,3,1016689902
813,1249,4,1016690487
813,1056,5,1016691153
813,1855,4,1016691697
813,811,5,1016692003
813,1296,4,1016692568
813,247,5,1016692979
813,1457,4,1016693735
813,358,4,1016694483
813,943,5,1016695267
813,1130,3,1016695375
813,80,4,1016695647
813,721,5,1016696221
813,1356,5,1016696298
813,172,4,1016696554
813,313,4,1016697506
813,1954,4,1016698042
813,1328,3,1016698208
813,1665,4,1016699039
813,884,4,1016700000
813,265,4,1016700570
813,1266,5,1016701084
814,837,5,1016701303
814,547,4,1016702298
814,1037,5,1016703223
814,252,5,1016703799
814,1365,4,1016704473
814,1137,4,1016704504
814,17,4,1016705313
814,573,3,1016706197
814,399,5,1016706885
814,323,4,1016707547
814,1796,5,1016707933
814,1328,4,1016708067
814,1338,5,1016708655
814,846,5,1016708860
814,423,5,1016709491
814,662,5,1016710359
814,1133,3,1016711043
814,170,3,1016711410
814,973,3,1016711411
814,603,5,1016711639
814,1468,4,1016712257
814,948,4,1016712796
814,458,3,1016712982
814,956,3,1016713727
814,712,3,1016714154
814,1676,4,1016715097
814,240,3,1016715472
814,1630,5,1016715608
814,889,4,1016716535
814,1286,4,1016717335
814,1618,3,1016718166
814,1056,4,1016718404
814,1368,5,1016719386
814,377,4,1016720092
814,189,4,1016720103
814,599,5,1016720403
814,267,4,1016720594
814,188,5,1016720610
814,1108,4,1016721473
814,324,4,1016722417
814,1134,4,1016722528
814,1121,4,1016722795
814,0,3,1016722935
814,1814,3,1016723571
814,180,4,1016723607
814,95,4,1016724524
814,1763,4,1016725239
814,410,4,1016725340
814,169,3,1016726256
814,775,4,1016726608
814,976,3,1016727088
814,1150,4,1016727256
814,1485,4,1016727505
814,297,4,1016727839
814,1171,4,1016728268
814,1028,4,1016728631
814,1471,5,1016729246
814,1825,4,1016729558
814,697,3,1016729885
814,1323,5,1016730294
815,837,5,1016730470
815,459,5,1016730952
815,1159,4,1016731046
815,1760,5,1016731198
815,1138,5,1016731528
815,401,4,1016732357
815,1108,5,1016732811
815,338,4,1016732894
815,423,5,1016733119
815,1750,5,1016733866
815,120,4,1016734464
815,1734,4,1016734715
815,287,5,1016735103
815,780,4,1016735361
815,1780,3,1016736021
815,1556,4,1016736711
815,64,5,1016737128
815,1254,4,1016737142
815,836,4,1016738026
815,389,3,1016738559
815,428,4,1016739441
815,107,4,1016739529
815,259,5,1016739711
815,1538,3,1016740029
815,1948,4,1016740798
815,245,3,1016741065
815,700,5,1016741858
815,571,5,1016742371
816,837,4,1016743260
816,423,4,1016744151
816,784,3,1016744185
816,513,3,1016744595
816,327,5,1016744828
816,1850,5,1016745023
816,298,5,1016745830
816,613,5,1016746056
816,415,5,1016746934
816,1006,4,1016747620
816,1106,5,1016748339
816,73,5,1016748863
816,363,5,1016749100
816,1554,5,1016749973
816,1410,4,1016750725
816,1936,5,1016751071
816,1108,5,1016752041
816,1543,4,1016752068
816,357,5,1016752757
816,932,4,1016753453
816,1042,5,1016753640
816,842,5,1016753904
816,976,3,1016754896
816,1293,4,1016755266
816,14,3,1016756235
816,796,4,1016756347
816,1382,4,1016757335
816,1191,4,1016757604
816,1056,3,1016758352
816,372,4,1016758949
816,1467,4,1016759061
816,1233,5,1016759847
817,1759,5,1016760312
817,525,5,1016761123
817,1252,5,1016761324
817,1422,5,1016761776
817,594,3,1016762063
817,837,4,1016762244
817,1182,4,1016762685
817,423,3,1016763017
817,495,5,1016763193
817,529,4,1016763470
817,768,5,1016763676
817,675,3,1016764517
817,1668,3,1016764723
817,604,5,1016765244
817,434,3,1016765523
817,1108,4,1016765671
817,1978,4,1016766012
817,1097,4,1016766530
817,544,4,1016767111
817,1467,3,1016767833
817,24,4,1016768296
817,440,5,1016769032
817,1870,4,1016769884
817,365,5,1016770747
817,319,4,1016771298
817,1047,4,1016771652
817,1006,4,1016772290
817,415,4,1016772640
817,446,3,1016773461
817,1790,4,1016773605
817,1935,4,1016774182
817,500,5,1016774649
817,363,4,1016775144
817,72,3,1016776109
817,1953,4,1016776385
817,855,4,1016776650
817,1613,4,1016777349
817,1083,4,1016778199
817,980,5,1016778792
817,1995,5,1016778995
817,552,4,1016779117
818,1136,4,1016779478
818,837,4,1016779968
818,1491,5,1016780862
818,1704,5,1016780978
818,1108,4,1016781953
818,556,5,1016781984
818,1900,4,1016782793
818,590,4,1016783068
818,1726,5,1016783402
818,978,4,1016783498
818,1753,5,1016784437
818,803,4,1016784908
818,1686,3,1016785553
818,672,5,1016786297
818,643,4,1016786374
818,900,4,1016786539
818,1823,4,1016787398
818,1516,4,1016788166
818,423,5,1016788645
818,579,5,1016789255
818,1447,5,1016789293
818,521,5,1016789787
818,666,4,1016790243
818,782,3,1016790819
818,1086,4,1016791004
818,1467,3,1016791785
818,501,3,1016792414
818,954,3,1016792808
818,929,3,1016793793
818,237,4,1016793808
818,1115,3,1016794078
818,302,5,1016794299
818,223,5,1016794382
818,1872,4,1016794870
819,930,4,1016795845
819,837,5,1016796649
819,1190,5,1016796929
819,1598,4,1016797364
819,733,4,1016797472
819,1467,4,1016797817
819,272,4,1016798368
819,353,3,1016799045
819,194,4,1016799990
819,460,5,1016800128
819,1855,5,1016800456
819,721,4,1016801199
819,1804,5,1016801527
819,423,5,1016802239
819,1130,3,1016803030
819,1844,4,1016803773
819,404,3,1016804181
819,164,4,1016805067
819,278,3,1016805075
819,964,4,1016805383
819,1320,5,1016806266
819,1640,3,1016807154
819,1362,5,1016808145
819,429,5,1016808595
819,993,5,1016808735
819,488,3,1016809144
819,955,4,1016809390
819,186,5,1016810028
819,1798,5,1016810321
819,1629,3,1016811250
819,1108,5,1016812124
819,1423,4,1016812923
819,1540,4,1016813004
819,654,5,1016813261
819,774,4,1016814090
819,1631,5,1016814463
819,245,4,1016814716
819,994,4,1016815356
819,542,4,1016816152
819,741,4,1016816597
819,881,4,1016817080
819,1371,5,1016817247
819,729,5,1016818104
819,1207,5,1016818953
819,1618,4,1016819507
819,1334,4,1016819994
820,837,4,1016820588
820,1535,5,1016821243
820,423,4,1016821441
820,1994,4,1016821452
820,1467,5,1016821891
820,369,4,1016822815
820,938,4,1016822882
820,996,5,1016823831
820,726,4,1016824372
820,273,4,1016824413
820,1721,4,1016824483
820,1108,4,1016824986
820,1033,5,1016825566
820,1178,5,1016825836
820,145,4,1016826658
820,1748,5,1016827338
820,1312,4,1016827739
820,1892,4,1016828095
820,1573,5,1016828406
820,1003,3,1016828572
820,1475,5,1016829187
820,190,4,1016829922
820,7,4,1016830860
820,1241,5,1016831756
820,390,4,1016831847
820,537,4,1016831928
820,683,5,1016832498
820,1978,4,1016832710
820,1921,3,1016833656
820,611,4,1016833793
820,1393,3,1016834387
820,93,5,1016834786
820,13,4,1016835020
820,467,4,1016835533
820,44,4,1016836310
820,651,5,1016836435
820,1792,5,1016836953
820,1346,3,1016837911
820,455,4,1016837952
820,183,3,1016838561
820,507,4,1016839518
820,1641,5,1016839645
820,379,4,1016840203
820,1557,4,1016840675
820,1678,4,1016841439
820,1490,4,1016842257
820,1093,3,1016842929
820,483,5,1016843617
820,1353,4,1016843753
820,1106,3,1016844588
820,24,5,1016844792
820,1941,4,1016845131
820,1582,5,1016845934
820,68,5,1016846280
820,855,4,1016846506
820,1290,3,1016846606
820,1747,3,1016846975
821,1752,4,1016847380
821,1184,5,1016847867
821,1990,3,1016848227
821,1176,3,1016849038
821,837,5,1016849809
821,1939,5,1016850055
821,1347,5,1016850208
821,1457,4,1016850688
821,1618,5,1016851096
821,1558,5,1016851925
821,1364,3,1016852013
821,557,4,1016852145
821,447,4,1016852421
821,423,3,1016853181
821,1595,4,1016853388
821,897,5,1016853544
821,1770,3,1016853799
821,656,4,1016854187
821,3,3,1016854922
821,1467,4,1016855268
821,960,4,1016855801
821,795,3,1016855844
821,1653,4,1016856413
821,1489,4,1016857202
821,89,5,1016857387
821,1985,3,1016857878
821,572,4,1016858206
821,631,4,1016858609
821,21,5,1016858888
821,546,5,1016859405
821,1578,4,1016859779
821,1634,3,1016860151
821,232,5,1016860712
821,1867,3,1016861410
821,963,3,1016862239
821,1108,5,1016862847
821,764,3,1016862960
821,1919,5,1016863262
821,1911,4,1016863763
821,1898,3,1016864005
821,1306,5,1016864604
821,1382,3,1016865557
821,466,3,1016865808
821,731,4,1016866568
821,566,4,1016867233
821,1097,4,1016868054
821,111,4,1016868450
821,1735,5,1016868858
821,1989,3,1016869261
821,873,5,1016869617
821,1437,5,1016870151
821,1056,4,1016870764
821,1480,4,1016871264
821,57,3,1016871705
821,1394,4,1016872036
821,375,5,1016872669
821,798,3,1016873631
822,466,4,1016874599
822,1108,5,1016875452
822,837,3,1016876247
822,1555,4,1016876454
822,423,5,1016876793
822,1252,3,1016877233
822,1399,4,1016878187
822,1744,3,1016878439
822,916,4,1016878449
822,1975,5,1016879139
822,631,5,1016879332
822,1071,3,1016880287
822,287,4,1016880807
822,487,4,1016881483
822,479,5,1016881584
822,292,5,1016882486
822,1828,5,1016883050
822,1985,5,1016883322
822,1422,5,1016883487
822,592,4,1016884127
822,731,5,1016884721
822,428,5,1016884914
822,132,4,1016885499
822,668,3,1016885604
822,232,3,1016885884
822,836,5,1016886535
822,1595,4,1016886863
822,338,5,1016887398
822,1818,3,1016888073
822,1187,5,1016888094
822,1835,5,1016888125
822,751,4,1016888767
822,604,4,1016889441
822,1576,4,1016890382
822,1756,5,1016890400
822,1826,3,1016891202
822,1929,4,1016891650
822,722,4,1016891878
822,861,3,1016892493
822,1797,5,1016893364
822,1990,4,1016893872
822,966,3,1016894443
822,1176,4,1016895085
823,1631,4,1016895725
823,240,5,1016896454
823,837,3,1016897146
823,1108,3,1016897623
823,1508,3,1016898502
823,1495,5,1016898791
823,423,5,1016898956
823,741,4,1016899182
823,1704,4,1016899410
823,1339,3,1016899958
823,1153,5,1016900861
823,136,5,1016901132
823,415,3,1016901284
823,931,4,1016901838
823,1553,5,1016902626
823,1774,4,1016902627
823,1630,3,1016903335
823,504,5,1016903747
823,789,4,1016904200
823,1666,4,1016904277
823,1091,4,1016904437
823,913,5,1016905417
823,429,4,1016906219
823,188,4,1016907009
823,1563,3,1016907249
824,837,5,1016907836
824,884,4,1016908809
824,1069,3,1016909776
824,692,4,1016910422
824,1543,5,1016911121
824,1945,5,1016912000
824,1398,4,1016912853
824,1886,4,1016912991
824,604,5,1016913906
824,1274,4,1016914225
824,423,4,1016914666
824,746,3,1016915002
824,368,4,1016915145
824,1467,4,1016915445
824,118,5,1016916255
824,414,4,1016917086
824,1770,5,1016917466
824,1097,3,1016918427
824,811,4,1016919226
824,696,4,1016919932
824,566,3,1016920129
825,605,4,1016920988
825,423,5,1016921677
825,275,5,1016921697
825,326,4,1016922367
825,837,5,1016922673
825,1601,5,1016923551
825,82,5,1016923683
825,1564,3,1016924151
825,1546,3,1016924177
825,1195,4,1016924539
825,642,4,1016924671
825,770,5,1016925079
825,875,3,1016925203
825,707,5,1016925681
825,67,4,1016925738
825,124,5,1016926035
825,1928,3,1016926324
825,986,4,1016926896
825,1108,4,1016927871
825,1460,4,1016928133
825,1596,4,1016928721
825,196,3,1016929322
825,541,4,1016929349
825,1583,3,1016929880
825,698,5,1016930549
825,644,4,1016931064
825,97,4,1016931589
825,1800,4,1016931728
825,1310,4,1016932641
825,1640,5,1016933140
825,211,5,1016933864
825,1235,3,1016934063
825,912,3,1016934416
825,1472,5,1016935415
825,1708,4,1016936336
825,194,5,1016936728
825,1256,4,1016937019
825,929,3,1016937043
825,832,4,1016937806
825,58,4,1016938778
826,837,5,1016939226
826,347,4,1016939648
826,954,4,1016940274
826,877,4,1016940280
826,1205,5,1016941143
826,1687,5,1016942037
826,1944,5,1016942949
826,1565,5,1016943056
826,1945,4,1016943502
826,728,5,1016944215
826,1529,3,1016945199
826,1418,5,1016945477
826,1467,4,1016945843
826,393,4,1016946688
826,117,5,1016946934
826,423,4,1016947060
826,893,4,1016947599
826,839,4,1016948057
826,1583,4,1016948265
826,1108,5,1016948772
826,415,4,1016948846
826,306,4,1016949009
826,1489,5,1016949851
826,995,5,1016950140
826,142,5,1016950214
826,1001,5,1016950806
826,199,4,1016951384
826,1281,5,1016951388
826,919,4,1016951407
826,1968,5,1016951489
826,371,4,1016951767
826,999,4,1016952507
826,1618,5,1016952900
826,1082,5,1016952965
826,1939,5,1016953563
826,1807,4,1016954141
826,1094,3,1016954208
826,1663,5,1016954424
826,1213,5,1016954927
826,891,3,1016955425
826,533,5,1016955795
826,1765,5,1016956673
826,895,4,1016957593
826,1016,5,1016958418
826,307,5,1016958697
826,36,5,1016959341
826,667,5,1016959907
826,643,4,1016960366
826,1118,3,1016960755
826,1287,4,1016961016
826,176,5,1016961356
826,1279,4,1016962293
826,979,4,1016963007
826,472,5,1016963066
826,1473,4,1016963774
826,1852,5,1016963962
826,911,5,1016964334
826,1548,3,1016964766
826,1986,4,1016965180
827,837,4,1016965689
827,1227,4,1016965903
827,505,5,1016966440
827,1206,4,1016966637
827,575,4,1016966860
827,292,5,1016967761
827,1099,5,1016967798
827,176,3,1016968563
827,1399,5,1016968619
827,1861,3,1016968642
827,423,3,1016969364
827,562,4,1016969965
827,893,5,1016970450
827,900,5,1016970732
827,1651,4,1016971387
827,503,5,1016971737
827,1108,5,1016972023
827,1075,4,1016972759
827,632,4,1016973629
827,1412,5,1016974076
827,1999,5,1016974210
827,1369,3,1016974306
827,1019,4,1016974976
827,1556,5,1016975602
827,1467,4,1016976448
827,1094,4,1016977113
827,1618,4,1016977909
827,1105,5,1016978475
827,415,4,1016979183
827,584,4,1016979581
827,722,4,1016980288
827,1054,5,1016981226
827,1808,4,1016981731
827,1032,4,1016982098
827,1077,3,1016982408
827,1026,5,1016982668
827,1526,3,1016982758
827,261,4,1016983499
827,1785,4,1016984104
827,210,5,1016985033
827,883,3,1016985490
827,1366,4,1016985606
827,929,4,1016986387
827,66,3,1016987146
827,1004,4,1016987281
827,983,4,1016988100
827,120,3,1016988213
827,800,5,1016988492
827,43,4,1016989193
827,381,4,1016990070
827,1127,4,1016990782
827,516,4,1016990826
827,187,4,1016991682
827,521,5,1016991735
827,663,3,1016992297
827,100,3,1016993026
827,945,3,1016993122
827,1292,5,1016993239
827,660,5,1016994232
827,911,4,1016994238
828,837,4,1016994804
828,1087,5,1016995609
828,963,3,1016995856
828,1810,5,1016996806
828,696,5,1016997306
828,1158,4,1016997473
828,50,4,1016997601
828,555,4,1016997872
828,992,5,1016998689
828,747,3,1016999238
828,1403,4,1016999348
828,952,5,1016999603
828,423,5,1017000587
828,341,5,1017001104
828,550,3,1017001419
828,1815,5,1017002322
828,881,4,1017003076
828,1720,4,1017004018
828,740,5,1017004308
828,677,5,1017005171
828,1279,4,1017006157
828,1249,5,1017006681
828,1538,3,1017007077
828,1201,4,1017007195
828,1670,4,1017007948
828,1532,3,1017008430
828,694,5,1017009211
828,1245,4,1017010121
828,1334,3,1017010469
828,923,4,1017010697
828,98,5,1017011344
828,1220,3,1017011739
828,857,4,1017012056
828,542,4,1017012284
828,107,4,1017013083
828,278,3,1017013396
828,435,5,1017014321
828,90,5,1017014647
828,415,5,1017015248
828,730,3,1017015930
828,443,3,1017016786
828,825,4,1017016967
828,741,4,1017017738
828,1489,5,1017018711
828,445,5,1017019406
829,237,5,1017019980
829,1888,4,1017020577
829,837,4,1017021573
829,938,5,1017021903
829,1275,3,1017022515
829,295,5,1017023112
829,1640,4,1017023896
829,862,3,1017024738
829,423,5,1017025691
829,329,5,1017026349
829,1545,4,1017026942
829,334,4,1017027348
829,421,4,1017027562
829,208,5,1017028171
829,820,5,1017028488
829,1793,3,1017029068
829,1095,3,1017030017
829,1517,5,1017030415
829,1686,5,1017030558
829,1003,5,1017031286
829,202,5,1017031832
829,124,4,1017032387
829,283,5,1017032931
829,44,4,1017033255
829,1546,4,1017033939
829,1108,3,1017034100
829,736,5,1017034224
829,23,4,1017034656
829,1871,4,1017034995
829,970,4,1017035308
829,658,4,1017035902
829,1698,4,1017036870
829,957,4,1017037259
829,196,5,1017037889
829,1894,3,1017038337
829,1349,4,1017038644
829,1136,4,1017039365
829,1353,4,1017040276
829,1431,5,1017040874
829,1157,4,1017041203
829,1564,4,1017041400
829,1195,5,1017042379
829,263,3,1017042894
829,250,4,1017043357
829,154,5,1017043906
829,372,5,1017044256
829,74,4,1017044864
829,870,5,1017045761
829,374,3,1017046618
829,1260,4,1017047093
829,1940,5,1017047138
829,581,5,1017047158
829,150,4,1017048030
829,1238,4,1017048746
829,629,3,1017049315
829,698,3,1017050011
830,837,3,1017050529
830,1432,3,1017050662
830,583,3,1017051005
830,1470,4,1017051788
830,1242,4,1017052594
830,1821,5,1017053213
830,907,5,1017054212
830,1926,3,1017054419
830,1126,4,1017055208
830,1685,3,1017056070
830,780,4,1017056175
830,1218,3,1017056912
830,288,3,1017056992
830,1074,5,1017057853
830,383,3,1017058616
830,423,4,1017059525
830,1852,5,1017059620
830,100,5,1017060288
830,810,5,1017060449
830,1589,3,1017060482
830,1735,5,1017060553
830,498,4,1017061448
830,550,4,1017062222
830,233,5,1017063101
830,484,3,1017063171
830,1519,4,1017063712
830,539,3,1017063933
830,259,5,1017064253
830,1673,4,1017064883
830,51,4,1017065857
830,306,4,1017066041
830,503,5,1017066967
830,439,4,1017067928
830,1068,5,1017068411
830,1729,5,1017068613
830,1492,5,1017069544
830,992,3,1017070016
830,1015,5,1017070123
830,1717,5,1017071076
830,307,5,1017071711
830,536,4,1017072096
830,1467,5,1017072205
830,1271,5,1017072386
830,1108,3,1017073355
830,1512,3,1017073602
830,1679,4,1017074150
830,175,3,1017074726
830,140,5,1017075324
830,1010,5,1017076052
830,185,5,1017076308
830,950,5,1017077286
830,1795,5,1017078259
830,659,4,1017079229
830,1917,5,1017079565
830,1720,4,1017079768
830,920,4,1017079845
830,1571,4,1017079916
830,98,5,1017080089
830,534,4,1017080633
830,533,4,1017081313
831,837,3,1017081760
831,423,4,1017081988
831,889,3,1017082134
831,38,4,1017082365
831,1920,4,1017082516
831,1275,5,1017082822
831,415,5,1017083686
831,1467,4,1017084219
831,242,5,1017084709
831,973,4,1017085326
831,267,3,1017085993
831,781,5,1017086851
831,1912,5,1017087244
831,1557,5,1017087820
831,846,4,1017088364
831,170,5,1017089093
831,1371,4,1017089721
831,1163,3,1017089885
831,1834,4,1017090284
831,285,5,1017090790
831,549,5,1017091249
831,1350,4,1017091443
831,1505,5,1017091884
831,1910,4,1017092425
831,1108,4,1017092760
831,616,4,1017093056
831,1771,4,1017093912
831,1339,5,1017093928
831,129,5,1017094452
831,1904,5,1017094511
831,948,4,1017094774
831,1112,4,1017095539
831,1349,4,1017096497
831,1496,5,1017097366
831,756,5,1017097704
831,418,4,1017098545
831,168,5,1017099376
831,1848,4,1017099469
831,24,4,1017100279
831,1471,4,1017100536
831,1800,4,1017101510
831,909,5,1017101863
831,15,5,1017102073
831,386,4,1017102387
831,500,5,1017102784
831,1036,4,1017102869
831,277,4,1017103225
831,620,4,1017103747
831,1323,5,1017104373
831,1367,4,1017105172
831,1799,4,1017106046
831,158,4,1017106880
831,202,4,1017107115
831,1615,5,1017107463
831,1033,3,1017108348
832,1887,5,1017108369
832,1765,4,1017108946
832,1474,4,1017109090
832,837,3,1017109638
832,588,4,1017110069
832,1091,3,1017110822
832,1767,3,1017111326
832,472,4,1017111869
832,609,4,1017112296
832,1446,3,1017112661
832,36,3,1017113438
832,423,5,1017113877
832,1473,4,1017114362
832,1082,5,1017115100
832,482,4,1017116004
832,1715,5,1017116937
832,1108,5,1017117289
832,1690,5,1017117397
832,556,4,1017118030
832,249,5,1017119007
832,471,5,1017119600
832,1102,4,1017120575
832,1503,3,1017120938
832,1896,5,1017121161
832,400,4,1017122064
832,1011,5,1017122348
832,1714,3,1017122748
832,1593,4,1017123651
833,837,4,1017124252
833,1711,4,1017125092
833,423,3,1017125851
833,419,5,1017125914
833,898,4,1017126153
833,88,4,1017126996
833,110,3,1017127398
833,907,3,1017128200
833,1013,4,1017128464
833,1458,4,1017128992
833,1108,4,1017129252
833,550,5,1017129672
833,4,4,1017130238
833,597,5,1017130306
833,1618,3,1017130482
833,1585,5,1017131358
833,794,5,1017131458
833,879,4,1017131729
833,1428,4,1017131774
833,338,5,1017132758
833,1089,4,1017133143
833,343,4,1017133247
833,992,3,1017134235
833,1684,4,1017134688
833,104,4,1017135026
833,1810,4,1017135252
833,1570,5,1017135894
833,963,4,1017136195
833,1467,4,1017136251
833,1436,5,1017136726
833,885,4,1017137059
833,1780,5,1017137802
833,1635,4,1017138036
833,1965,4,1017138650
833,469,3,1017139390
833,449,4,1017140372
833,1352,5,1017140748
833,445,3,1017141023
833,1532,5,1017141431
833,1901,4,1017141455
833,64,4,1017142325
833,1778,3,1017142340
833,542,5,1017143303
833,1186,3,1017143753
833,639,3,1017143935
833,728,3,1017144614
833,1683,4,1017144740
833,694,5,1017145270
833,1704,4,1017145973
833,740,4,1017146038
834,837,3,1017146441
834,1473,3,1017147387
834,423,4,1017147553
834,1045,4,1017148534
834,895,3,1017148634
834,1618,5,1017149035
834,1441,5,1017150026
834,340,5,1017150993
834,890,4,1017151708
834,1659,4,1017151963
834,1650,3,1017152882
834,371,5,1017153874
834,602,5,1017154440
834,1114,4,1017155374
834,1676,5,1017155788
834,1747,5,1017156526
834,1983,4,1017156885
834,1119,3,1017157680
834,1577,3,1017157890
834,198,3,1017158776
834,1448,4,1017159343
834,773,3,1017159363
834,806,4,1017159812
834,262,5,1017160783
834,390,3,1017161531
834,1229,4,1017161902
834,47,3,1017162297
834,7,5,1017162753
834,1824,4,1017163506
834,6,4,1017163780
834,266,5,1017164024
834,1069,4,1017164570
834,426,5,1017165535
834,835,3,1017166465
834,1236,4,1017166847
834,543,5,1017167173
835,1078,4,1017167483
835,1492,5,1017168065
835,441,5,1017168186
835,1987,3,1017168383
835,837,4,1017169168
835,1108,5,1017169389
835,423,4,1017169618
835,1974,3,1017170137
835,1796,4,1017170310
835,514,4,1017171025
835,1856,5,1017171733
835,1380,4,1017172672
835,233,4,1017173260
835,1786,5,1017173622
835,864,4,1017174454
835,1589,3,1017175265
835,1450,3,1017176051
835,462,5,1017177035
835,872,4,1017177687
835,73,5,1017178655
835,1150,4,1017178902
835,1618,4,1017179094
835,415,5,1017179816
835,559,3,1017179958
835,1673,3,1017180578
835,1188,4,1017181232
835,1928,3,1017181861
835,1827,5,1017182180
835,519,4,1017182505
835,327,4,1017183101
835,367,3,1017183924
835,1460,4,1017184639
835,1197,5,1017184905
835,1263,4,1017185189
835,1571,4,1017185327
835,187,4,1017185832
835,653,3,1017186036
836,1349,4,1017186990
836,837,5,1017187154
836,415,5,1017187772
836,1779,5,1017188707
836,1317,5,1017188801
836,423,4,1017189170
836,1397,3,1017189284
836,147,4,1017190187
836,1780,4,1017190944
836,1596,5,1017191278
836,1275,4,1017191298
836,1316,3,1017191476
836,1704,4,1017192017
836,194,3,1017192989
836,1467,4,1017193468
836,1496,5,1017194390
836,357,4,1017195019
836,1318,5,1017195251
836,54,3,1017196040
836,1952,5,1017196269
836,658,5,1017196686
836,462,4,1017197269
836,1947,5,1017197895
836,784,4,1017198396
836,1153,4,1017199242
836,17,5,1017199786
836,1108,5,1017200065
836,129,3,1017200615
836,1789,5,1017200784
836,404,4,1017201083
836,1607,5,1017201557
836,19,5,1017201733
837,656,4,1017202114
837,837,5,1017202388
837,773,5,1017203382
837,835,4,1017203987
837,1506,5,1017204656
837,391,5,1017205182
837,509,3,1017205688
837,1108,4,1017206632
837,723,4,1017206936
837,1865,3,1017207316
837,1995,5,1017208226
837,423,5,1017209091
837,47,4,1017209405
837,1176,5,1017210154
837,1441,4,1017211036
837,1909,5,1017211279
837,1184,5,1017212260
837,1622,4,1017212460
837,1242,3,1017212561
837,1512,4,1017212637
837,1467,4,1017213480
837,1364,5,1017214111
837,951,4,1017214677
837,1578,4,1017215665
837,769,4,1017216048
837,244,3,1017216064
837,126,4,1017216727
837,388,4,1017217129
837,738,4,1017217623
837,336,4,1017217864
837,1751,4,1017218105
837,1780,4,1017218565
837,1126,4,1017218805
837,600,4,1017219135
837,520,4,1017220087
837,853,5,1017220537
837,1881,3,1017220948
837,1286,5,1017221307
837,1818,4,1017222045
837,1266,3,1017222402
837,452,4,1017222987
837,415,4,1017223022
837,1341,3,1017223332
837,1133,4,1017224042
837,631,5,1017224559
838,1056,5,1017225169
838,837,5,1017226011
838,1200,5,1017226487
838,816,5,1017226504
838,95,4,1017227496
838,1379,4,1017228129
838,1544,4,1017228133
838,1898,4,1017228598
838,1972,5,1017228664
838,1043,3,1017229082
838,246,4,1017229446
838,175,5,1017230210
838,1500,3,1017230822
838,157,5,1017231806
838,990,5,1017231887
838,1068,5,1017232874
838,697,3,1017233536
838,519,5,1017234471
838,1909,5,1017235392
838,536,5,1017235870
838,681,5,1017236346
838,638,3,1017237210
838,1467,4,1017237356
838,111,3,1017238063
838,473,5,1017238337
838,1956,3,1017239309
838,1923,5,1017240030
838,1108,5,1017240140
838,476,4,1017240359
838,572,4,1017241265
838,664,4,1017241718
838,415,3,1017242195
838,1512,5,1017242729
838,1433,4,1017242984
838,423,4,1017243545
838,113,5,1017243827
838,835,3,1017244100
838,539,5,1017244989
838,114,4,1017245762
838,1408,4,1017245774
838,1811,4,1017246392
838,678,4,1017247017
838,1215,3,1017247411
838,115,5,1017247562
838,321,5,1017247675
838,26,5,1017247841
838,1752,5,1017248059
838,171,5,1017248992
838,1328,4,1017249287
838,139,3,1017249915
838,1559,3,1017250429
838,1973,4,1017250774
838,1347,4,1017250795
838,185,3,1017251368
838,793,5,1017252152
838,645,4,1017252426
838,943,4,1017252539
838,128,4,1017253297
838,1819,5,1017253630
838,448,4,1017254081
839,207,4,1017254517
839,69,4,1017254557
839,803,4,1017255363
839,1108,4,1017256201
839,863,5,1017257024
839,614,5,1017257041
839,837,4,1017257317
839,1204,4,1017257485
839,311,3,1017258167
839,1056,5,1017258170
839,1007,5,1017258616
839,1514,4,1017258975
839,423,4,1017259878
839,1431,5,1017260793
839,466,4,1017260896
839,1622,5,1017261771
839,304,3,1017262235
839,1989,5,1017262443
839,1519,4,1017263041
839,945,3,1017263637
839,1059,5,1017263986
839,1435,4,1017264077
839,86,4,1017264457
839,409,4,1017265192
839,584,4,1017266191
839,1278,3,1017267121
839,119,4,1017267637
839,233,4,1017268135
839,1086,5,1017268311
839,629,4,1017268751
839,1777,3,1017269454
839,1600,3,1017270087
839,184,3,1017270532
839,1974,5,1017270670
839,1700,3,1017271613
839,546,3,1017272121
839,1221,5,1017272485
839,1061,5,1017273375
839,724,3,1017274288
839,1004,3,1017275022
839,1780,5,1017275751
839,160,3,1017275782
839,72,3,1017275909
839,1461,3,1017276169
839,1467,5,1017276301
839,649,3,1017276518
839,1115,4,1017277164
839,661,4,1017277957
839,74,3,1017278452
839,1899,4,1017279172
839,480,3,1017279928
839,1283,4,1017280212
839,441,4,1017281115
839,53,4,1017281582
839,1756,4,1017282202
839,514,4,1017282951
839,1853,5,1017283477
839,100,4,1017283535
839,1822,4,1017283579
839,1097,5,1017283941
840,1387,3,1017284939
840,837,4,1017285817
840,1897,3,1017285894
840,783,4,1017286607
840,1200,4,1017287606
840,39,4,1017288459
840,330,5,1017289019
840,1563,3,1017289161
840,981,4,1017289616
840,1951,3,1017289921
840,532,3,1017290821
840,1162,5,1017291604
840,1467,5,1017292567
840,131,4,1017292922
840,291,4,1017292930
840,423,3,1017293529
840,1108,5,1017293701
840,1618,5,1017294071
840,570,4,1017294254
840,130,4,1017295003
840,534,4,1017295119
840,914,5,1017295417
840,111,3,1017296242
840,711,3,1017296403
840,1345,4,1017296780
840,173,5,1017297152
841,1322,4,1017297900
841,837,3,1017298373
841,923,4,1017298970
841,573,3,1017299924
841,153,4,1017300560
841,1875,4,1017301335
841,1108,5,1017301362
841,47,4,1017302103
841,423,4,1017302615
841,417,5,1017303263
841,1964,4,1017303463
841,237,4,1017303907
841,1624,4,1017304180
841,1502,4,1017304403
841,676,4,1017304562
841,448,5,1017305112
841,1467,5,1017305177
841,1872,4,1017305985
841,1991,4,1017306877
841,1333,5,1017307478
841,323,4,1017307763
841,773,5,1017308535
841,247,3,1017308898
841,77,4,1017309877
841,1048,4,1017309972
841,1248,4,1017310567
841,220,3,1017311044
841,1448,3,1017311101
841,1618,4,1017311468
841,554,3,1017311805
841,665,5,1017312543
841,1863,5,1017313456
841,1676,3,1017313722
841,1193,4,1017314259
841,291,5,1017314322
841,742,5,1017314582
841,80,4,1017315115
841,793,4,1017315577
841,1686,3,1017316515
841,902,4,1017317104
841,1611,4,1017317412
841,304,4,1017317586
841,985,4,1017318135
841,1199,4,1017318374
841,1704,4,1017319284
841,209,5,1017320249
841,396,5,1017320759
841,1286,5,1017320822
841,1076,4,1017321091
841,1409,5,1017321186
842,634,3,1017322170
842,270,5,1017323153
842,837,4,1017323686
842,1615,5,1017324367
842,1843,5,1017324702
842,223,4,1017325450
842,1773,3,1017325508
842,969,5,1017325653
842,1689,4,1017326477
842,1716,4,1017327286
842,52,4,1017328103
842,494,3,1017328209
842,1677,3,1017328469
842,134,3,1017328800
842,1467,5,1017329789
842,616,5,1017330464
842,1024,4,1017331158
842,165,4,1017332131
842,1541,3,1017332545
842,330,4,1017333445
842,1949,4,1017333480
842,331,4,1017333533
842,73,3,1017333676
842,370,4,1017334250
842,719,4,1017334562
842,96,4,1017335504
842,423,3,1017336211
842,1108,3,1017336227
842,63,5,1017336246
842,1106,5,1017336988
842,1699,4,1017337841
842,1331,4,1017338043
842,1456,5,1017338676
842,365,4,1017339619
842,141,3,1017340599
842,1093,3,1017341322
842,1630,5,1017341860
842,1619,4,1017342760
842,150,5,1017343512
842,24,5,1017344121
842,280,4,1017344456
842,1931,3,1017345261
842,394,4,1017346068
843,443,4,1017347037
843,837,3,1017347566
843,423,4,1017348528
843,611,4,1017349439
843,1329,4,1017350072
843,1505,4,1017350524
843,1083,4,1017351501
843,1949,4,1017352184
843,1768,5,1017352255
843,1303,4,1017352486
843,1153,4,1017352572
843,879,5,1017352749
843,1893,5,1017353698
843,941,4,1017354671
843,430,3,1017354917
843,1062,4,1017354941
843,940,5,1017355129
843,1375,4,1017355617
843,397,4,1017356152
843,1491,4,1017356496
843,370,5,1017357267
843,1646,4,1017357716
843,917,4,1017357884
843,119,4,1017358833
843,1108,3,1017359307
843,1899,5,1017359738
843,1574,4,1017359915
843,1952,3,1017360622
843,481,4,1017361028
843,1467,4,1017361904
843,535,5,1017362666
843,379,4,1017362683
843,1128,4,1017363040
843,1125,5,1017363708
843,1892,5,1017364507
843,1357,4,1017364686
843,876,4,1017365383
844,837,3,1017366196
844,1282,5,1017366365
844,1465,4,1017366550
844,1297,3,1017367123
844,574,4,1017368117
844,1922,5,1017368578
844,909,5,1017368697
844,423,4,1017369591
844,1757,4,1017370385
844,537,4,1017370783
844,993,3,1017371647
844,464,4,1017371912
844,415,3,1017372719
844,1920,3,1017372801
844,1976,3,1017373251
844,320,5,1017373870
844,68,3,1017374257
844,923,4,1017374846
844,402,5,1017375269
844,353,4,1017375516
844,1513,4,1017376095
844,242,4,1017376185
844,1485,5,1017376731
844,366,3,1017377384
844,1706,4,1017377853
844,876,4,1017378081
844,757,5,1017378730
844,1618,4,1017378896
844,1108,5,1017379789
844,1112,4,1017380341
844,774,3,1017380447
844,377,5,1017380676
844,1563,3,1017381262
844,1718,5,1017381533
844,376,5,1017381572
844,83,4,1017381814
844,1816,3,1017382004
844,691,4,1017382295
844,1217,4,1017382601
844,273,5,1017383173
844,1577,3,1017383326
844,1039,4,1017384232
844,1342,5,1017384958
844,531,5,1017385911
844,1680,4,1017385966
844,1323,4,1017386250
844,1906,3,1017387116
844,1236,5,1017387822
844,1839,4,1017387956
844,297,4,1017387997
845,837,3,1017388882
845,798,4,1017389657
845,1838,4,1017390216
845,1108,3,1017390535
845,423,4,1017391357
845,1203,3,1017391933
845,669,5,1017392308
845,1815,4,1017392629
845,1059,5,1017393020
845,1773,5,1017393536
845,1023,4,1017393705
845,1778,4,1017394074
845,1692,4,1017394545
845,660,4,1017394926
845,812,4,1017395836
845,1679,4,1017396195
845,1492,3,1017396742
845,1008,5,1017397357
845,1674,5,1017398145
845,1467,5,1017398947
845,1960,4,1017399586
845,444,5,1017399619
845,728,5,1017400229
845,1250,5,1017400665
845,1788,3,1017401502
845,1074,4,1017402105
845,567,5,1017402513
845,1454,4,1017402594
845,1699,3,1017403302
845,897,3,1017404265
845,299,5,1017404415
845,302,4,1017404904
845,1618,3,1017405031
846,1108,4,1017405324
846,24,4,1017405944
846,1790,3,1017406143
846,837,5,1017406517
846,46,4,1017407337
846,891,3,1017407914
846,1307,5,1017408622
846,1281,4,1017408762
846,118,4,1017409641
846,560,3,1017410465
846,934,5,1017411032
846,1904,5,1017411856
846,254,4,1017412760
846,1148,5,1017413548
846,163,5,1017414418
846,1300,4,1017415239
846,359,4,1017415839
846,315,4,1017416667
846,299,3,1017417508
846,378,5,1017418128
846,63,4,1017418512
846,637,5,1017419015
846,920,4,1017419601
846,449,4,1017420270
846,347,5,1017420580
846,1939,5,1017420747
846,1877,4,1017421153
846,810,4,1017421927
846,418,5,1017422415
846,1467,5,1017422951
846,98,4,1017423509
846,1169,5,1017423763
846,1279,5,1017424674
846,337,3,1017425370
846,423,5,1017426002
846,149,4,1017426685
846,1439,3,1017426889
846,497,5,1017427646
846,819,4,1017427923
846,728,3,1017427976
846,992,4,1017428624
846,1092,5,1017429622
846,1678,4,1017429747
846,1679,5,1017430497
846,1404,5,1017431032
846,394,3,1017431293
846,379,5,1017431661
846,1302,4,1017432171
846,1118,4,1017432671
846,543,4,1017433480
846,1421,4,1017433705
846,1024,5,1017434505
846,659,4,1017434979
846,1599,5,1017435038
846,1490,4,1017435400
846,1901,3,1017435839
846,1473,4,1017436471
846,1957,3,1017436499
847,837,4,1017436886
847,315,4,1017437630
847,828,4,1017437949
847,1323,5,1017438566
847,1233,4,1017438834
847,1816,5,1017439119
847,1642,4,1017439352
847,1264,4,1017439923
847,1078,4,1017439960
847,603,4,1017440564
847,846,5,1017441368
847,83,4,1017441663
847,1928,3,1017442529
847,909,5,1017442764
847,1630,3,1017443511
847,1602,4,1017444099
847,1313,4,1017444482
847,1618,4,1017444971
847,385,3,1017445959
847,1456,4,1017446894
847,868,5,1017446948
847,1467,4,1017446983
847,1687,5,1017446986
848,837,5,1017447044
848,1270,4,1017447464
848,883,3,1017448365
848,1174,5,1017448419
848,301,3,1017449378
848,1644,4,1017449963
848,1009,5,1017450744
848,823,4,1017451459
848,441,5,1017451613
848,1609,4,1017452303
848,575,4,1017452943
848,1004,4,1017453359
848,648,5,1017454088
848,1402,4,1017454829
848,1405,3,1017455230
848,503,5,1017455444
848,213,5,1017456312
848,324,5,1017456469
848,1467,3,1017457017
848,1451,3,1017457110
848,576,4,1017457456
848,95,4,1017458259
848,758,4,1017458430
848,204,5,1017459156
848,54,3,1017459643
848,864,5,1017459979
848,1785,3,1017460210
848,1056,4,1017461201
848,513,5,1017461520
848,593,5,1017462147
848,1914,4,1017462527
848,1993,4,1017463069
848,1857,5,1017463205
848,1108,4,1017463712
848,640,5,1017464318
848,423,4,1017465237
848,1783,5,1017466082
848,1044,4,1017466542
848,1292,4,1017467464
848,792,5,1017468363
848,109,4,1017469145
848,1332,4,1017469440
848,1380,4,1017469574
848,1672,5,1017470071
848,1780,5,1017470559
848,335,3,1017470782
849,1056,3,1017471749
849,837,4,1017472705
849,469,4,1017473420
849,1295,4,1017473546
849,555,4,1017474019
849,423,3,1017474699
849,1125,3,1017474788
849,1348,3,1017475630
849,1022,5,1017475870
849,1356,4,1017476204
849,1130,4,1017476921
849,485,4,1017477537
849,1108,5,1017478424
849,686,4,1017479170
849,1381,3,1017479760
849,1398,3,1017480563
849,301,4,1017481267
849,530,3,1017481599
849,290,3,1017482584
849,1399,3,1017482979
849,1697,4,1017483411
849,1981,4,1017484163
849,350,4,1017485005
849,663,4,1017485918
849,1227,5,1017486439
849,730,5,1017487319
849,748,5,1017487392
849,1772,5,1017487971
849,1101,3,1017488450
849,133,5,1017489000
849,1354,5,1017489317
849,1961,5,1017489724
849,576,3,1017490675
849,1436,4,1017490949
849,926,5,1017491909
849,688,5,1017492616
849,1842,4,1017493253
849,107,3,1017493610
849,1876,5,1017493978
849,219,3,1017494179
849,1463,3,1017494547
849,2,5,1017494771
849,1758,3,1017495075
849,1467,5,1017496067
849,110,4,1017496530
849,1445,4,1017497071
849,1434,3,1017497464
849,1012,5,1017497648
849,1782,5,1017497693
849,1803,5,1017497737
849,1100,3,1017498034
850,139,4,1017498087
850,1379,5,1017498460
850,1195,5,1017499154
850,194,5,1017499225
850,837,4,1017499328
850,527,5,1017499973
850,697,3,1017500445
850,300,4,1017500764
850,423,4,1017501677
850,1276,5,1017502416
850,1245,3,1017503322
850,1415,5,1017504124
850,681,5,1017504499
850,1459,5,1017505472
850,1467,3,1017506173
850,1596,4,1017506351
850,1108,4,1017506677
850,707,3,1017506945
850,202,4,1017506951
850,1139,5,1017507341
850,530,5,1017507978
850,1254,4,1017508864
850,1398,3,1017509384
850,435,3,1017509916
850,623,4,1017510254
850,926,4,1017510640
851,837,3,1017511167
851,1108,4,1017511308
851,1056,4,1017511595
851,730,5,1017511829
851,844,4,1017511842
851,423,4,1017512304
851,437,3,1017512791
851,1247,5,1017513216
851,1336,3,1017514081
851,1754,4,1017514724
851,1190,3,1017515598
851,1570,4,1017516490
851,449,4,1017516581
851,1789,3,1017517186
851,1540,3,1017517517
851,98,5,1017518465
851,469,4,1017519429
851,1694,5,1017520105
851,1317,5,1017521035
851,741,5,1017521231
851,851,5,1017521619
851,669,4,1017521863
851,1901,5,1017522695
851,287,4,1017522978
851,1809,4,1017523952
851,1684,5,1017524469
851,535,4,1017525384
851,4,3,1017526219
851,1736,4,1017526669
851,445,5,1017526719
851,306,4,1017526945
851,1582,4,1017527515
851,1318,4,1017527839
851,558,5,1017528286
851,1908,4,1017528677
851,1784,4,1017529564
851,199,5,1017529637
851,776,5,1017530565
851,1918,5,1017530957
851,941,4,1017531142
851,964,5,1017531159
852,1816,3,1017531328
852,1912,5,1017531707
852,837,5,1017532187
852,860,5,1017532958
852,1108,4,1017533635
852,1231,3,1017533821
852,504,5,1017533840
852,423,4,1017534206
852,1301,4,1017534945
852,493,3,1017535536
852,726,5,1017535795
852,1034,5,1017535912
852,1880,3,1017536462
852,1350,5,1017537389
852,365,4,1017538120
852,1097,4,1017538820
852,738,4,1017539051
852,1467,3,1017539290
852,240,5,1017539857
852,1252,5,1017540792
852,544,4,1017541276
852,226,4,1017541587
852,756,4,1017542551
852,1241,4,1017543241
852,33,4,1017543896
852,546,5,1017543981
852,378,5,1017544495
852,1297,4,1017545318
852,1678,4,1017545667
852,1763,5,1017546449
852,746,4,1017547035
852,1485,4,1017547495
852,309,3,1017548429
852,1787,4,1017549142
852,72,4,1017549459
852,709,5,1017550445
852,1339,4,1017550574
852,1604,4,1017551401
852,179,4,1017551712
852,495,4,1017552116
852,1595,3,1017552780
852,1221,4,1017553461
852,1180,3,1017553784
852,1288,4,1017554738
852,368,4,1017555602
852,1037,4,1017556334
852,254,5,1017557069
852,1893,5,1017557960
852,1695,4,1017558660
852,121,3,1017558865
852,1338,3,1017559244
852,232,4,1017559976
852,1892,5,1017560071
852,1176,5,1017560517
852,662,4,1017561437
852,855,4,1017561695
853,120,5,1017561949
853,167,3,1017562915
853,1467,3,1017563060
853,837,3,1017563705
853,481,4,1017564675
853,920,4,1017564733
853,205,3,1017565495
853,480,3,1017565979
853,74,4,1017566086
853,423,4,1017566772
853,565,4,1017567625
853,1409,4,1017568149
853,1720,5,1017568533
853,86,5,1017569063
853,848,5,1017569517
853,1056,4,1017570114
853,831,5,1017570468
853,978,4,1017570980
853,641,5,1017571799
853,669,3,1017571849
853,1969,4,1017572632
853,1246,4,1017572985
853,477,4,1017573954
853,997,5,1017574883
853,1108,3,1017575183
853,1458,4,1017575918
853,1449,4,1017576818
853,430,4,1017577762
853,1618,4,1017578014
853,1383,5,1017578924
853,98,4,1017579810
853,1136,5,1017580112
853,57,4,1017581099
853,243,4,1017581293
853,1489,4,1017581458
853,869,4,1017582453
853,1982,4,1017582847
853,1863,5,1017582980
853,1644,3,1017583505
853,583,3,1017584247
853,1589,4,1017584746
853,725,5,1017585248
853,380,5,1017585505
853,1515,4,1017585941
853,1694,4,1017586281
853,1545,4,1017587004
853,728,5,1017587130
853,1432,5,1017588122
853,306,3,1017588684
854,212,5,1017588918
854,837,4,1017589761
854,1199,4,1017589968
854,423,5,1017590797
854,868,5,1017591461
854,1654,4,1017592209
854,142,5,1017592506
854,1837,3,1017593440
854,516,4,1017593669
854,895,5,1017594653
854,900,4,1017595024
854,1418,4,1017595565
854,923,4,1017595884
854,1115,5,1017596210
854,1964,4,1017596283
854,1723,5,1017597173
854,1427,5,1017597684
854,1108,3,1017597817
854,819,4,1017597940
854,1871,3,1017598707
854,1957,5,1017598849
854,1473,5,1017599594
854,1945,5,1017600411
854,1124,5,1017600687
854,22,5,1017600690
854,1169,5,1017601288
854,1552,3,1017601890
854,1603,4,1017601970
854,1056,5,1017602935
854,345,3,1017603238
854,997,4,1017603641
854,1602,5,1017604575
854,1467,4,1017604641
854,472,4,1017604690
854,177,5,1017605652
854,1501,5,1017606583
854,1035,3,1017607488
854,496,5,1017608045
855,770,4,1017608311
855,1931,3,1017609039
855,1745,4,1017609374
855,837,5,1017609984
855,450,5,1017610872
855,915,4,1017611115
855,1222,4,1017611533
855,1108,4,1017612476
855,651,5,1017613025
855,76,3,1017613081
855,1467,4,1017613980
855,1415,5,1017614733
855,148,4,1017615694
855,748,4,1017616163
855,1706,4,1017616626
855,125,5,1017617170
855,1894,4,1017618125
855,806,5,1017618687
855,7,5,1017619370
855,278,4,1017619708
855,423,4,1017620470
855,1959,4,1017621447
855,1977,5,1017622194
855,1697,5,1017622743
855,228,4,1017623435
855,862,4,1017623843
856,837,5,1017624051
856,1310,4,1017624740
856,1966,5,1017625569
856,1662,4,1017626066
856,525,3,1017626518
856,1106,4,1017626667
856,1642,3,1017626920
856,342,5,1017627140
856,1260,5,1017627361
856,156,5,1017627368
856,1300,5,1017627615
856,1794,5,1017628187
856,1290,5,1017628219
856,1056,5,1017629084
856,1874,4,1017630003
856,559,5,1017630108
856,1709,4,1017630268
856,543,5,1017630857
856,796,3,1017631088
856,54,5,1017631725
856,204,4,1017632634
856,1304,4,1017632785
856,1987,5,1017633706
856,1623,3,1017634126
856,522,4,1017634484
856,1467,4,1017635044
856,1108,4,1017635260
856,1092,4,1017636148
856,958,5,1017636590
856,1393,5,1017637337
856,99,4,1017638049
856,373,5,1017638076
856,337,5,1017638123
856,1517,3,1017638863
856,327,4,1017639094
856,613,3,1017639829
856,1460,5,1017640254
856,1945,3,1017640392
856,1380,4,1017640718
856,1299,5,1017641359
856,423,5,1017642123
856,1263,4,1017642671
856,1890,5,1017642724
856,96,5,1017642836
856,540,5,1017643526
856,213,3,1017643907
856,427,3,1017643945
856,1078,3,1017644290
856,593,4,1017645266
856,1330,5,1017645928
856,1093,4,1017646821
856,180,5,1017647250
856,325,5,1017647931
856,324,5,1017648211
856,1058,5,1017648473
856,1889,4,1017649372
856,1042,4,1017649956
857,837,4,1017650801
857,1565,5,1017651108
857,1467,5,1017651876
857,296,4,1017652588
857,1603,5,1017652682
857,346,4,1017653373
857,550,4,1017654034
857,1644,4,1017654804
857,567,4,1017655108
857,983,4,1017655862
857,896,4,1017656073
857,423,3,1017656646
857,1810,5,1017656665
857,782,4,1017657537
857,1526,5,1017658350
857,1939,4,1017658658
857,1809,4,1017658972
857,1700,5,1017659191
857,98,4,1017659406
857,1225,4,1017660212
857,1010,4,1017660310
857,501,5,1017660543
857,1287,4,1017661147
857,1064,4,1017661383
857,51,4,1017662063
857,995,5,1017662808
857,864,5,1017663195
857,1271,4,1017663754
857,639,3,1017664495
857,1307,4,1017665474
857,187,3,1017666124
857,1948,4,1017666253
857,441,4,1017666378
857,1424,3,1017667313
857,867,3,1017668234
857,897,5,1017669071
857,1917,5,1017669806
858,1416,4,1017670605
858,1108,5,1017670730
858,1253,4,1017670983
858,1982,4,1017671673
858,1871,4,1017672276
858,821,3,1017672398
858,1017,4,1017673139
858,1515,4,1017673538
858,1853,5,1017674002
858,837,4,1017674602
858,423,4,1017674889
858,30,3,1017675707
858,1339,3,1017675989
858,1498,5,1017676240
858,1653,4,1017676786
858,229,3,1017677223
858,752,4,1017677372
858,135,4,1017677604
858,1246,4,1017677936
858,1618,4,1017678348
858,1614,4,1017678661
858,1338,4,1017678993
858,850,5,1017679575
858,397,5,1017680468
858,878,4,1017680797
858,1121,4,1017681694
858,876,5,1017682374
858,1467,5,1017682586
858,1763,5,1017682599
858,1702,3,1017683004
858,906,4,1017683930
858,1712,5,1017684601
858,953,5,1017685170
859,1005,4,1017685801
859,837,4,1017686199
859,1470,5,1017687181
859,1851,5,1017687812
859,1108,5,1017688312
859,233,5,1017688513
859,1059,5,1017688873
859,1467,4,1017689147
859,873,4,1017689716
859,216,5,1017690198
859,447,5,1017690301
859,1421,4,1017690435
859,1202,4,1017690732
859,1049,4,1017691063
859,423,5,1017691469
859,1064,5,1017692289
859,1512,5,1017692310
859,197,4,1017692659
859,1644,4,1017692821
859,1272,4,1017693653
859,159,3,1017693865
859,861,3,1017693924
859,1164,5,1017694696
859,786,4,1017694770
859,1658,4,1017694849
859,739,5,1017695353
859,1414,4,1017695991
859,1216,4,1017696701
859,536,5,1017697350
859,409,4,1017697907
859,1364,5,1017698458
859,1004,5,1017698720
859,1442,3,1017699675
859,1408,4,1017700405
859,661,5,1017701316
859,1999,3,1017702223
859,1829,5,1017702936
859,821,4,1017703221
859,790,3,1017703364
859,312,4,1017703525
859,1162,5,1017704236
859,1842,5,1017704242
859,415,5,1017704957
859,1399,5,1017705445
859,1167,4,1017706283
859,380,4,1017706408
860,860,4,1017706931
860,837,4,1017707786
860,1259,5,1017707978
860,807,3,1017708702
860,1013,3,1017708720
860,64,5,1017708920
860,1143,4,1017709553
860,428,3,1017710369
860,794,4,1017710777
860,1108,5,1017711192
860,712,5,1017711658
860,456,4,1017712477
860,1652,4,1017713089
860,423,4,1017713359
860,1321,4,1017713769
860,1467,5,1017714590
860,1248,4,1017714647
860,277,4,1017715578
860,682,5,1017716144
860,26,4,1017716604
860,734,4,1017716694
860,318,5,1017717431
860,1138,5,1017717656
860,495,3,1017718513
860,1971,5,1017719192
860,509,4,1017719277
860,610,4,1017719616
860,234,4,1017720054
860,1570,4,1017720339
860,1177,5,1017721033
860,434,4,1017721545
860,592,4,1017722117
861,837,4,1017723059
861,1816,5,1017723218
861,895,3,1017723908
861,1108,4,1017724027
861,415,5,1017724558
861,423,5,1017724668
861,1946,4,1017724929
861,1705,4,1017724981
861,170,4,1017725237
861,1213,4,1017726059
861,1231,5,1017726353
861,1297,3,1017727346
861,1382,3,1017727597
861,368,4,1017728577
861,21,5,1017729390
861,1047,5,1017729760
861,33,4,1017730751
861,1209,4,1017731630
861,174,5,1017732051
861,1543,5,1017732971
861,1553,5,1017732980
861,813,4,1017733023
861,891,4,1017733651
861,522,4,1017734293
861,1304,3,1017734833
861,1616,3,1017734883
861,465,3,1017735631
861,1037,5,1017736548
861,1623,5,1017736940
861,839,5,1017737023
861,850,4,1017737672
861,1341,4,1017738580
861,847,5,1017738604
861,1530,5,1017739162
861,1613,5,1017739450
861,499,5,1017740080
861,1604,4,1017740118
861,549,5,1017741065
861,1137,5,1017741145
861,1618,5,1017741797
861,1837,5,1017742671
861,1192,5,1017742707
861,235,4,1017743385
862,837,4,1017743825
862,1710,5,1017744501
862,855,4,1017744551
862,682,4,1017745346
862,423,4,1017746051
862,616,3,1017746336
862,1961,5,1017746803
862,1870,4,1017747156
862,899,4,1017747869
862,90,5,1017748286
862,1467,4,1017748603
862,197,3,1017749524
862,926,4,1017750325
862,24,3,1017751084
862,264,5,1017751521
862,424,3,1017752384
862,866,5,1017753347
862,576,3,1017754126
862,1733,4,1017754438
862,42,4,1017754910
862,289,5,1017755892
862,1618,4,1017756447
862,880,5,1017756453
862,1108,5,1017756861
862,479,4,1017757858
862,1912,4,1017757895
862,1670,5,1017758861
862,210,4,1017759649
862,753,4,1017759994
862,144,4,1017760017
862,1381,4,1017760570
862,231,5,1017761172
862,38,5,1017761351
862,916,3,1017761864
862,168,4,1017762497
862,1044,5,1017762593
862,884,4,1017763358
862,1678,5,1017764338
862,571,5,1017764719
862,1303,5,1017765085
862,529,4,1017765193
862,809,5,1017765614
862,1370,4,1017765833
862,1288,5,1017765855
862,1855,5,1017766696
862,1849,4,1017767656
862,1695,4,1017768404
862,1886,5,1017769265
862,292,5,1017769858
862,365,4,1017769872
863,1619,3,1017770009
863,1110,5,1017770106
863,423,4,1017771020
863,875,4,1017771899
863,837,5,1017772159
863,1099,5,1017773143
863,1690,5,1017773694
863,1517,4,1017773885
863,1561,5,1017774156
863,553,4,1017774207
863,1883,4,1017774446
863,122,3,1017775061
863,1582,5,1017775633
863,1277,4,1017776237
863,1671,5,1017776881
863,1915,4,1017777473
863,1494,5,1017778008
863,938,4,1017778839
863,421,5,1017779467
863,679,4,1017779738
863,14,4,1017779832
864,837,4,1017780573
864,1108,4,1017781095
864,1566,4,1017781201
864,1767,4,1017781895
864,969,5,1017782557
864,1326,5,1017783456
864,475,4,1017784383
864,467,5,1017784553
864,471,5,1017785039
864,1133,3,1017785864
864,1522,3,1017786542
864,1447,3,1017787500
864,1716,5,1017787590
864,1236,4,1017788278
864,773,4,1017788672
864,423,3,1017788709
864,1731,4,1017789598
864,946,3,1017790091
864,1513,3,1017790294
864,977,4,1017790721
864,432,4,1017791050
865,149,4,1017791784
865,423,3,1017792387
865,837,4,1017792654
865,1025,4,1017793430
865,1575,4,1017793736
865,339,4,1017794367
865,907,3,1017795075
865,1597,5,1017795160
865,1467,5,1017795544
865,764,3,1017795721
865,1389,4,1017796217
865,1603,4,1017796489
865,1696,5,1017797002
865,1858,4,1017797663
865,671,3,1017798444
865,199,5,1017798651
865,1108,5,1017799179
865,814,5,1017799613
865,569,4,1017800365
865,455,5,1017800830
865,689,5,1017801741
865,66,5,1017801889
865,1307,5,1017802595
865,1096,4,1017803092
865,737,3,1017803907
865,587,4,1017804724
865,1606,4,1017805071
865,444,3,1017805784
865,22,3,1017806364
865,352,3,1017806569
865,1056,5,1017806608
865,1715,4,1017807347
866,1056,4,1017808310
866,309,5,1017809170
866,1341,4,1017810077
866,1777,3,1017810480
866,837,3,1017810680
866,1108,5,1017810742
866,631,5,1017810790
866,53,5,1017811693
866,794,4,1017812173
866,1899,4,1017812561
866,1071,3,1017812859
866,724,4,1017813234
866,490,4,1017813888
866,690,5,1017813962
866,1322,4,1017814613
866,693,5,1017815120
866,1467,5,1017815555
866,304,4,1017816302
866,1157,3,1017816324
866,319,5,1017816745
866,172,3,1017816812
866,1413,3,1017817361
866,1061,3,1017817430
866,1826,3,1017818136
866,363,5,1017819107
866,876,4,1017819739
866,423,5,1017820115
866,224,4,1017820702
866,1943,5,1017821033
866,1435,4,1017821184
866,1191,5,1017821203
866,1184,4,1017821346
866,195,4,1017822069
866,1576,4,1017822901
866,218,5,1017823643
866,1298,4,1017824179
866,1373,3,1017824426
866,803,3,1017824497
866,466,3,1017824708
866,1047,3,1017824732
866,1770,4,1017825018
866,453,5,1017825864
866,260,5,1017826704
866,1955,5,1017826861
866,375,4,1017827305
866,552,4,1017828205
866,1764,4,1017828963
866,1136,3,1017829611
866,1258,3,1017830260
866,1382,4,1017831118
866,614,5,1017831256
866,360,4,1017832123
866,940,3,1017833100
866,1985,5,1017833453
867,166,5,1017833606
867,35,4,1017834221
867,1108,5,1017835024
867,837,4,1017835165
867,1051,5,1017835529
867,1724,4,1017836367
867,1881,4,1017836754
867,977,4,1017836940
867,1441,4,1017837043
867,1091,5,1017837511
867,486,4,1017838345
867,1600,4,1017839278
867,797,3,1017839608
867,1891,3,1017839740
867,1248,3,1017840632
867,901,3,1017841136
867,1464,3,1017841745
867,423,4,1017842370
867,468,4,1017843147
867,1630,5,1017843417
867,661,3,1017843650
867,1492,4,1017844480
867,1612,4,1017844692
867,200,5,1017845315
867,1225,4,1017846060
867,494,4,1017846430
867,1644,3,1017846757
867,409,4,1017847306
867,1714,4,1017847618
867,262,4,1017847965
867,167,5,1017848777
867,624,5,1017849519
867,580,4,1017850010
867,441,5,1017850983
867,1773,4,1017851069
867,1467,4,1017851860
867,451,5,1017852842
867,1592,5,1017852987
867,18,5,1017853121
867,829,5,1017853278
867,1699,5,1017853503
867,1948,4,1017853577
867,169,4,1017853724
867,720,4,1017854062
867,672,3,1017854207
867,1692,4,1017854396
867,1250,5,1017854554
868,837,4,1017855052
868,453,4,1017855759
868,248,3,1017856642
868,1054,4,1017856817
868,415,3,1017856834
868,423,4,1017857267
868,1687,5,1017857881
868,997,4,1017857924
868,1049,5,1017858101
868,1108,4,1017858206
868,1193,5,1017859043
868,1975,3,1017859898
868,345,3,1017860716
868,1882,5,1017860919
868,1609,5,1017861710
868,1020,4,1017862667
868,1766,4,1017863350
868,349,5,1017863841
868,1515,5,1017864211
868,543,5,1017865001
868,1623,4,1017865251
868,23,5,1017866218
868,1871,4,1017867159
868,496,4,1017867756
868,687,5,1017868237
868,1258,5,1017868304
868,1115,4,1017868709
868,1192,5,1017868862
868,249,4,1017869794
868,1473,5,1017869857
868,693,5,1017870320
868,1304,3,1017871308
868,74,4,1017871609
868,1648,3,1017872418
868,1148,5,1017872829
868,335,5,1017873614
868,1712,5,1017873954
868,1777,4,1017874775
868,1052,4,1017874911
868,1723,4,1017875005
868,840,4,1017875712
868,1782,4,1017876394
868,663,4,1017877101
868,1900,3,1017877647
868,1486,5,1017878581
868,1593,5,1017879069
868,1944,5,1017879378
868,1467,5,1017879774
868,373,3,1017879787
868,1780,3,1017880064
869,1621,5,1017880531
869,837,4,1017881316
869,580,4,1017882204
869,845,4,1017882776
869,745,5,1017883254
869,780,5,1017883792
869,1161,3,1017884207
869,1713,4,1017884769
869,923,5,1017885024
869,423,4,1017885143
869,486,5,1017885498
869,164,3,1017885586
869,905,3,1017885779
869,1773,5,1017885889
869,556,3,1017886619
869,1207,5,1017886748
869,1605,5,1017886915
869,1108,4,1017887554
869,451,5,1017887991
869,255,4,1017888499
869,615,4,1017888741
869,498,4,1017889467
869,305,5,1017889863
869,1952,4,1017890464
869,1331,4,1017890470
869,28,4,1017890522
869,624,5,1017891468
869,1436,5,1017891728
869,1725,3,1017892488
869,1784,4,1017893191
869,1384,3,1017894121
869,120,5,1017894311
869,241,4,1017894768
869,415,4,1017894866
869,740,5,1017895487
870,837,4,1017895675
870,1846,4,1017896185
870,980,4,1017896347
870,440,4,1017896747
870,615,5,1017897194
870,1467,4,1017897564
870,1994,4,1017897896
870,1205,4,1017898395
870,730,3,1017898876
870,964,5,1017898883
870,541,4,1017899080
870,589,5,1017899930
870,261,3,1017900279
870,1631,4,1017900421
870,374,4,1017901409
870,1688,4,1017901595
870,1456,3,1017902182
870,1560,3,1017902378
870,1745,5,1017903155
870,1410,5,1017903631
870,597,3,1017904355
870,1016,4,1017904951
870,911,3,1017905104
870,177,5,1017905730
870,555,5,1017906628
870,938,3,1017907144
870,1575,5,1017907474
870,1780,4,1017907589
870,867,4,1017908428
870,116,5,1017908699
870,1708,4,1017909291
870,1108,3,1017909463
870,1651,4,1017910398
870,164,3,1017911190
870,1551,5,1017911999
870,50,4,1017912302
870,1691,4,1017912758
870,1895,4,1017913710
870,1161,5,1017913920
870,1093,5,1017914094
870,1436,3,1017914717
870,1532,4,1017914835
871,1892,4,1017915562
871,837,5,1017916252
871,726,4,1017917240
871,1108,3,1017917812
871,967,4,1017917886
871,1479,5,1017917933
871,8,4,1017918378
871,1570,5,1017918514
871,1029,4,1017918562
871,1953,4,1017919524
871,1260,3,1017920165
871,1632,4,1017920784
871,668,4,1017920810
871,1554,4,1017920818
871,1743,4,1017920819
871,616,4,1017920860
871,370,3,1017921627
871,620,4,1017922512
871,611,4,1017922611
871,1439,4,1017923480
871,828,4,1017923755
871,1014,3,1017924455
871,287,3,1017924831
871,1771,3,1017925376
871,96,5,1017926037
871,1601,4,1017926760
871,298,3,1017926839
871,1330,5,1017927067
871,91,5,1017927641
871,38,3,1017928338
871,394,4,1017928904
871,1145,5,1017928955
871,73,4,1017929269
872,837,4,1017929427
872,1685,4,1017929777
872,1108,4,1017929878
872,423,5,1017929945
872,1001,5,1017930834
872,415,5,1017931110
872,288,3,1017931134
872,1488,5,1017931530
872,1585,3,1017931848
872,1279,4,1017932499
872,1489,4,1017933490
872,1544,4,1017933773
872,347,4,1017934749
872,1997,3,1017934801
872,1802,5,1017935452
872,1618,4,1017935661
872,1807,4,1017936308
872,3,5,1017936469
872,907,4,1017937281
872,77,4,1017938189
873,1942,3,1017938681
873,1841,5,1017938761
873,837,4,1017938906
873,1314,3,1017939823
873,943,4,1017939973
873,1175,4,1017940677
873,1618,4,1017941578
873,49,3,1017941782
873,1108,4,1017942545
873,1309,4,1017942613
873,713,5,1017942686
873,1630,5,1017943188
873,1009,4,1017943372
873,901,4,1017944051
873,1881,3,1017944378
873,1833,4,1017944761
873,1240,5,1017944884
873,760,3,1017945185
873,734,3,1017945187
873,1527,4,1017945370
873,797,4,1017945827
873,739,3,1017946799
873,988,4,1017947126
873,498,4,1017947736
873,802,4,1017948416
873,793,3,1017948845
873,1411,5,1017949237
873,399,5,1017949352
873,69,4,1017949448
873,902,4,1017950170
873,40,5,1017950694
873,1497,5,1017951596
873,1250,4,1017952420
873,84,5,1017952915
873,384,3,1017953224
873,243,3,1017953581
873,601,4,1017954577
873,936,4,1017954919
873,423,4,1017955756
873,1225,4,1017955876
873,60,5,1017956235
873,198,5,1017956875
873,1060,5,1017957570
873,1991,3,1017957714
873,532,3,1017957838
873,441,5,1017958807
873,1070,4,1017958828
874,1056,3,1017958948
874,60,4,1017959033
874,339,5,1017959445
874,837,5,1017960390
874,1327,4,1017961276
874,320,4,1017962169
874,316,5,1017962230
874,1681,4,1017962902
874,351,4,1017963118
874,387,5,1017963176
874,1799,4,1017963465
874,1239,4,1017964101
874,1104,5,1017964255
874,1940,4,1017964853
874,518,5,1017964901
874,450,4,1017965322
874,31,5,1017966030
874,269,5,1017966529
874,1715,5,1017966734
874,423,4,1017967112
874,369,4,1017968062
874,183,4,1017968140
874,936,4,1017968780
874,623,4,1017969089
874,1108,5,1017969332
874,1776,4,1017969820
874,1941,5,1017970092
874,1802,4,1017970929
874,553,4,1017971701
874,162,4,1017972530
874,1243,4,1017972915
874,291,4,1017973156
874,1467,4,1017973809
875,837,5,1017974327
875,1443,5,1017974969
875,415,4,1017975889
875,1394,4,1017976798
875,473,4,1017977419
875,1755,5,1017977958
875,609,5,1017978760
875,1441,5,1017979078
875,1548,3,1017979777
875,702,3,1017980646
875,1889,4,1017981538
875,772,4,1017981991
875,1108,5,1017982491
875,448,5,1017982867
875,423,4,1017983259
875,201,3,1017983862
875,509,5,1017984789
875,1765,5,1017984953
875,142,4,1017985887
875,1407,4,1017986368
875,1751,5,1017987355
875,61,3,1017987547
875,1881,4,1017988116
875,1166,3,1017988807
875,9,4,1017989203
875,712,5,1017989856
875,1360,3,1017989859
875,1345,3,1017990610
875,454,4,1017991069
875,777,4,1017991283
875,1467,4,1017991966
875,1898,4,1017992631
875,607,3,1017992764
875,175,4,1017993167
875,1218,4,1017993694
875,793,4,1017994461
875,1092,4,1017994636
875,560,4,1017994973
875,1140,5,1017995207
875,308,5,1017995964
875,114,4,1017995965
875,1717,5,1017996800
875,47,5,1017997759
875,765,4,1017998052
875,786,4,1017998906
875,878,3,1017999707
875,1879,5,1018000412
875,760,3,1018000593
875,1240,4,1018001177
875,890,3,1018001873
875,1272,4,1018002067
875,1945,3,1018002867
876,837,3,1018003784
876,1618,5,1018004604
876,1286,5,1018005094
876,744,4,1018005860
876,423,3,1018006108
876,1441,5,1018006213
876,1280,3,1018006286
876,399,5,1018006957
876,1630,3,1018007611
876,937,3,1018008055
876,734,4,1018008273
876,154,4,1018008626
876,1582,5,1018008894
876,1662,3,1018009542
876,1467,3,1018009910
876,1108,3,1018009938
876,486,5,1018010528
876,732,4,1018011092
876,1573,5,1018011151
876,1048,4,1018011156
876,938,4,1018011958
876,1699,4,1018012527
876,1313,5,1018013140
876,828,4,1018013881
876,308,5,1018014412
876,1928,5,1018015172
876,440,3,1018015557
876,1522,3,1018016467
876,40,4,1018017177
876,1592,4,1018017870
876,1456,4,1018018665
876,1238,5,1018019649
876,1781,4,1018020010
876,735,4,1018020676
876,556,3,1018020833
876,275,5,1018021636
876,1029,5,1018022615
876,1601,3,1018023132
877,1467,3,1018023862
877,1755,5,1018024478
877,920,5,1018024867
877,522,3,1018024970
877,1539,4,1018025786
877,1108,4,1018026573
877,370,4,1018026936
877,934,4,1018027706
877,365,3,1018028276
877,837,5,1018028908
877,168,5,1018029021
877,1300,5,1018029263
877,1271,3,1018029743
877,6,5,1018030499
877,1969,5,1018030717
877,1693,5,1018030960
877,1558,5,1018031408
877,415,4,1018031414
877,533,4,1018031889
877,1625,3,1018032523
877,101,4,1018033082
877,1824,4,1018033885
877,1810,4,1018034301
878,837,4,1018034850
878,1999,3,1018035654
878,1108,4,1018036390
878,999,3,1018036743
878,676,5,1018036881
878,1056,4,1018037291
878,423,5,1018037745
878,1434,4,1018038404
878,1152,4,1018038772
878,1196,5,1018039632
878,127,5,1018039862
878,1467,4,1018040717
878,579,4,1018041467
878,596,5,1018041846
878,649,5,1018042439
878,1060,3,1018042795
878,687,5,1018042979
878,880,4,1018043794
878,256,3,1018044072
878,1115,4,1018044952
878,415,4,1018044969
878,1648,5,1018044979
878,1113,4,1018045131
878,680,4,1018045516
878,688,4,1018046125
878,463,5,1018046813
878,933,5,1018046935
878,1712,5,1018047566
878,1044,4,1018048273
878,1314,3,1018048449
878,1707,4,1018048974
878,1378,5,1018049756
878,214,5,1018050575
879,1205,5,1018051288
879,567,4,1018052107
879,795,4,1018052512
879,837,4,1018053375
879,920,4,1018054059
879,1096,5,1018054703
879,1108,3,1018055563
879,1180,4,1018055860
879,1420,3,1018056641
879,375,3,1018057035
879,552,5,1018057500
879,1916,5,1018057726
879,415,4,1018058447
879,929,4,1018058862
879,423,4,1018059775
879,538,5,1018059968
879,1969,3,1018060083
879,98,4,1018060987
879,1097,3,1018061563
879,992,4,1018062455
879,104,3,1018063002
879,1467,4,1018063565
879,232,3,1018064301
879,1099,5,1018064547
879,1770,4,1018064634
879,1480,5,1018065139
879,1301,3,1018066100
879,1183,4,1018066170
879,533,3,1018066270
879,1074,3,1018067000
879,1056,4,1018067455
879,541,5,1018067746
879,1226,3,1018067865
879,1209,3,1018067892
879,1663,4,1018068043
879,1756,4,1018068044
879,1654,4,1018068215
879,983,5,1018068688
879,466,5,1018069442
879,5,4,1018070117
879,1543,4,1018071047
879,58,4,1018071066
879,352,5,1018071881
879,1369,4,1018072060
879,1206,5,1018073035
879,1343,4,1018073527
879,1455,5,1018073932
879,1778,3,1018074016
879,1010,3,1018074862
879,738,4,1018075022
879,1452,4,1018075731
879,923,5,1018076077
879,22,4,1018076437
879,516,5,1018076651
879,1221,3,1018077103
879,1514,4,1018077704
879,1111,4,1018078392
879,212,5,1018079011
880,837,5,1018079474
880,1699,5,1018079576
880,962,3,1018079961
880,801,3,1018080138
880,814,3,1018080518
880,423,3,1018081286
880,1726,4,1018081608
880,403,5,1018081789
880,1674,4,1018082770
880,618,5,1018083579
880,1922,4,1018084019
880,1612,4,1018084415
880,657,4,1018085169
880,1761,5,1018085800
880,1776,4,1018086145
880,369,3,1018086382
880,134,4,1018086728
880,1611,4,1018087436
880,1045,4,1018087738
880,1108,5,1018088355
880,1056,4,1018088994
880,1008,5,1018089635
880,1282,3,1018090518
880,471,5,1018090667
880,486,3,1018090725
880,969,3,1018090909
880,1706,4,1018091099
880,1467,3,1018091843
880,426,4,1018092357
880,68,5,1018092729
880,1875,4,1018092745
880,651,5,1018093343
880,977,4,1018093566
880,56,3,1018094453
880,793,4,1018095116
880,507,5,1018095299
880,1934,5,1018095631
880,712,4,1018096501
880,366,5,1018097455
881,837,5,1018097881
881,1667,3,1018098604
881,553,3,1018099416
881,424,4,1018099579
881,190,3,1018099598
881,1122,5,1018100404
881,1934,4,1018101392
881,1268,5,1018101535
881,1077,5,1018102392
881,423,4,1018103323
881,734,5,1018103392
881,575,4,1018104382
881,1506,4,1018104636
881,1442,5,1018105267
881,1467,5,1018105555
881,183,5,1018105952
881,1236,4,1018106655
881,1927,5,1018106803
881,1108,3,1018107236
881,1741,5,1018108205
881,568,5,1018108841
881,1761,4,1018109715
881,946,4,1018110535
881,9,3,1018111425
881,760,4,1018111738
882,91,5,1018111744
882,1088,5,1018112659
882,837,5,1018112779
882,423,5,1018113353
882,337,5,1018113912
882,1,4,1018114384
882,401,4,1018114581
882,1780,4,1018115374
882,1530,5,1018115677
882,313,4,1018116024
882,1264,5,1018116406
882,1108,3,1018116508
882,721,4,1018117314
882,328,4,1018118166
882,887,4,1018118470
882,926,5,1018118638
882,419,4,1018119220
882,747,4,1018119703
882,338,3,1018120201
882,1069,4,1018121029
882,1618,4,1018121269
882,435,4,1018121922
883,1241,5,1018122584
883,837,5,1018123126
883,415,3,1018123422
883,1248,3,1018123807
883,1946,5,1018124578
883,1400,4,1018124918
883,734,5,1018124961
883,1475,5,1018125246
883,943,4,1018125341
883,753,4,1018125895
883,818,5,1018126316
883,1971,4,1018126708
883,1490,3,1018126958
883,1288,5,1018127823
883,1771,4,1018128738
883,556,5,1018129222
883,1695,4,1018129888
883,1594,4,1018130059
883,268,5,1018130962
883,1467,5,1018130988
883,1133,4,1018131520
883,80,5,1018131826
883,1108,4,1018132432
883,1375,5,1018132804
883,179,5,1018133111
883,270,4,1018133742
883,392,4,1018134618
883,931,4,1018135018
883,611,4,1018135614
883,1255,4,1018135971
883,672,5,1018136211
883,799,4,1018137150
884,430,4,1018137705
884,480,4,1018138443
884,710,3,1018138997
884,837,4,1018139374
884,1108,4,1018140286
884,1630,3,1018140785
884,214,4,1018141705
884,423,5,1018142232
884,1605,4,1018142526
884,1698,4,1018143049
884,184,5,1018143761
884,149,3,1018144636
884,1467,4,1018145244
884,1526,4,1018145774
884,798,4,1018145897
884,1026,5,1018146427
884,1673,3,1018147399
884,100,3,1018147968
884,1427,4,1018148725
884,201,4,1018149391
884,1993,5,1018149808
884,985,4,1018149925
884,1074,4,1018150373
884,1211,4,1018150588
884,1852,3,1018151182
884,346,4,1018151801
884,989,5,1018152530
884,845,4,1018153381
884,1777,3,1018153687
885,423,4,1018154256
885,837,4,1018154350
885,936,4,1018154533
885,1314,4,1018155209
885,1467,3,1018155433
885,700,4,1018155578
885,1711,4,1018155954
885,1340,4,1018156717
885,269,5,1018157114
885,1618,4,1018158077
885,15,5,1018158526
885,826,4,1018158879
885,1046,4,1018159641
885,1997,3,1018160229
885,1833,4,1018160268
885,1072,4,1018160294
885,1108,5,1018160966
885,1942,5,1018161506
885,1060,5,1018161930
885,1581,3,1018162168
885,595,4,1018162454
885,1401,4,1018163149
885,944,3,1018163673
885,129,5,1018164107
885,1056,5,1018164165
885,574,5,1018164376
885,242,3,1018164699
885,1387,5,1018165259
885,37,4,1018165758
885,785,3,1018166348
885,195,4,1018167249
885,415,4,1018168237
885,64,4,1018168405
885,1177,4,1018168721
885,1562,5,1018168791
885,506,5,1018168956
886,837,3,1018169219
886,1353,4,1018169504
886,1987,3,1018169850
886,154,3,1018170844
886,372,5,1018170922
886,636,4,1018170983
886,274,5,1018171351
886,1310,5,1018171550
886,150,4,1018171699
886,731,4,1018172424
886,987,4,1018172876
886,1108,3,1018173101
886,1459,4,1018173758
886,1759,4,1018174334
886,423,4,1018174889
886,980,3,1018174913
886,1756,4,1018174951
886,1564,4,1018175255
886,1533,5,1018176001
886,1296,5,1018176183
886,986,4,1018176227
886,634,4,1018177058
886,1198,4,1018177577
886,1604,5,1018177863
886,1238,5,1018178180
886,82,4,1018178738
886,1435,4,1018179173
886,1006,5,1018180156
886,1379,3,1018180897
886,1894,5,1018181067
886,1595,3,1018182060
887,60,5,1018182555
887,837,3,1018182670
887,1932,5,1018182803
887,1497,4,1018183682
887,1081,3,1018183928
887,1147,3,1018184231
887,745,4,1018184971
887,1725,4,1018185951
887,415,5,1018186172
887,965,3,1018186427
887,1049,3,1018186686
887,1998,5,1018186739
887,722,4,1018186932
887,1091,4,1018187466
887,688,4,1018188417
887,1726,4,1018188781
887,1108,4,1018189603
887,663,5,1018190494
887,486,4,1018190669
887,1402,5,1018191089
887,423,4,1018192036
887,1309,5,1018192304
887,403,3,1018192584
887,1675,3,1018193360
887,1425,4,1018193961
887,1044,5,1018194362
887,936,3,1018194516
887,1997,4,1018195050
887,32,5,1018195651
887,197,5,1018195979
887,1467,4,1018196891
887,1295,5,1018197368
887,598,3,1018197744
887,916,4,1018198070
887,944,4,1018198081
887,231,5,1018198920
887,134,5,1018199785
887,1012,5,1018200691
887,1056,4,1018200773
887,1412,3,1018201753
887,1951,5,1018201754
887,264,3,1018202607
887,640,4,1018202852
887,1270,4,1018203800
887,823,4,1018203928
887,704,4,1018204384
887,744,5,1018205136
887,517,5,1018205774
887,1331,5,1018206391
887,1378,4,1018206515
888,758,4,1018207098
888,837,4,1018208053
888,423,4,1018208746
888,1676,4,1018209267
888,384,5,1018209399
888,1991,5,1018210356
888,1108,4,1018210866
888,1009,4,1018210959
888,1974,3,1018211500
888,524,5,1018211588
888,1592,3,1018212569
888,1582,3,1018213142
888,1519,3,1018214122
888,1750,4,1018214221
888,10,3,1018214691
888,572,4,1018215490
888,1795,4,1018215751
888,1719,4,1018216482
888,244,5,1018217395
888,1055,5,1018217833
888,1467,4,1018218426
888,40,5,1018218816
888,1043,5,1018219117
888,1345,4,1018219624
888,415,3,1018220579
888,265,5,1018220897
888,943,4,1018221617
888,1492,4,1018221757
888,1993,5,1018222410
888,3,5,1018223102
888,508,4,1018223106
888,1618,5,1018224029
888,878,4,1018224259
888,187,4,1018224648
888,409,4,1018225045
888,653,5,1018225394
888,989,5,1018226289
889,423,5,1018226453
889,1686,4,1018226760
889,837,3,1018226876
889,432,4,1018227801
889,1943,5,1018228425
889,88,5,1018229169
889,975,4,1018229290
889,1298,4,1018230156
889,287,5,1018230951
889,836,3,1018231664
889,329,5,1018232278
889,1199,3,1018232303
889,1280,4,1018232627
889,649,4,1018232885
889,1108,5,1018233607
889,928,4,1018234350
889,1702,4,1018235253
889,1386,4,1018235826
889,1932,4,1018236797
889,1,5,1018236839
889,224,4,1018237693
889,592,5,1018238471
889,8,5,1018238642
889,1853,4,1018238888
889,635,4,1018239511
890,1213,4,1018240247
890,1034,4,1018240658
890,678,5,1018241329
890,837,3,1018241751
890,1181,4,1018242499
890,824,5,1018243210
890,775,4,1018243224
890,990,4,1018243697
890,847,4,1018244247
890,193,4,1018244755
890,423,3,1018245480
890,188,3,1018245593
890,1350,5,1018246141
890,1473,3,1018246429
890,1108,4,1018246803
890,1092,4,1018247378
890,1264,4,1018248314
890,1430,4,1018248435
890,1056,4,1018249255
890,81,3,1018249933
890,235,5,1018250823
890,756,3,1018251200
890,1614,5,1018252101
890,364,4,1018252347
890,1380,5,1018252382
890,371,3,1018252701
890,1723,5,1018252797
890,1880,5,1018253788
890,504,3,1018254766
890,522,3,1018255435
890,1134,5,1018256145
890,513,4,1018256323
890,170,4,1018257228
890,976,3,1018257275
890,1020,5,1018257476
890,1137,4,1018257510
890,180,3,1018257669
890,17,5,1018258308
890,1191,3,1018258767
890,1816,3,1018259137
890,462,4,1018259469
890,1168,4,1018259674
890,246,3,1018260654
890,609,3,1018261138
890,201,4,1018261331
890,472,3,1018261410
890,1338,3,1018261830
890,324,4,1018262267
890,1465,5,1018262800
890,602,4,1018263486
890,1625,5,1018264006
890,819,4,1018264579
890,1416,4,1018264872
890,1011,4,1018265612
890,142,5,1018265685
891,590,5,1018266235
891,837,5,1018266703
891,1672,5,1018267507
891,1512,5,1018267837
891,1529,4,1018268447
891,175,4,1018268713
891,1467,5,1018269164
891,960,4,1018269408
891,1628,3,1018269657
891,1364,4,1018269800
891,711,5,1018270523
891,900,5,1018270872
891,564,5,1018271128
891,664,5,1018272113
891,438,4,1018272641
891,423,5,1018273234
891,1068,5,1018273895
891,1273,4,1018274103
891,1108,4,1018274464
891,1751,4,1018275223
891,582,3,1018275622
891,548,3,1018276526
892,837,4,1018277062
892,262,5,1018277075
892,1466,3,1018277157
892,801,4,1018278083
892,426,4,1018278809
892,1429,4,1018279267
892,483,5,1018279958
892,1623,5,1018280106
892,859,4,1018280687
892,56,3,1018281200
892,1056,5,1018281880
892,1593,4,1018282839
892,321,5,1018283182
892,1582,5,1018283236
892,1248,4,1018283268
892,814,3,1018283351
892,400,4,1018283877
892,49,5,1018283998
892,423,4,1018284073
892,1597,4,1018284684
892,522,4,1018284839
892,1950,5,1018285207
892,588,4,1018285869
892,415,5,1018286665
892,1587,4,1018287058
892,1612,5,1018287920
892,840,3,1018288877
892,1633,5,1018289184
892,1682,3,1018289357
892,70,4,1018290226
892,1474,5,1018290243
892,1523,4,1018290739
892,1690,4,1018290952
892,266,3,1018291856
892,320,5,1018292419
892,509,5,1018292525
892,1326,4,1018293355
892,1602,5,1018293363
892,1108,4,1018293639
893,1629,4,1018294053
893,19,4,1018294506
893,38,5,1018294828
893,837,5,1018295510
893,423,5,1018295539
893,899,4,1018296020
893,378,5,1018296166
893,76,5,1018296535
893,219,5,1018297509
893,750,4,1018297736
893,1321,4,1018298219
893,529,4,1018298265
893,1940,3,1018299115
893,1959,4,1018299934
893,707,5,1018300449
893,1108,3,1018301229
893,1670,5,1018301741
893,1505,4,1018301892
893,1251,4,1018302050
893,717,5,1018302641
893,1361,4,1018303083
893,1618,4,1018303210
893,42,5,1018303486
893,1893,3,1018304265
893,860,4,1018305250
893,300,5,1018305900
893,1563,5,1018306539
893,1640,4,1018307313
893,825,5,1018307904
893,1704,4,1018308768
893,1496,3,1018309573
893,748,3,1018310040
893,194,5,1018310947
893,686,3,1018311770
893,1886,3,1018312455
893,1139,4,1018313059
893,856,4,1018314047
894,907,3,1018314461
894,848,4,1018314747
894,1078,4,1018315282
894,1006,3,1018316117
894,837,4,1018316841
894,1780,3,1018316958
894,154,4,1018317307
894,1467,5,1018318233
894,1010,3,1018319140
894,1374,3,1018319509
894,798,5,1018320202
894,51,5,1018321143
894,1177,4,1018321384
894,832,3,1018321590
894,137,3,1018322060
894,1601,4,1018322193
894,567,5,1018322609
894,1310,3,1018323502
894,415,4,1018324050
894,1693,4,1018324123
894,1662,3,1018324957
894,958,5,1018325155
894,1509,4,1018325525
894,423,4,1018326324
894,459,4,1018326520
894,1554,4,1018326584
894,52,5,1018326936
895,837,5,1018326989
895,347,4,1018327881
895,1211,3,1018328711
895,795,4,1018329424
895,565,5,1018329820
895,1815,3,1018330092
895,467,4,1018330526
895,1561,5,1018331511
895,415,4,1018331870
895,423,4,1018332684
895,594,4,1018332838
895,1693,4,1018333801
895,754,5,1018334078
895,963,3,1018334764
895,709,3,1018335387
895,1935,3,1018335403
895,1810,5,1018335877
895,545,3,1018336067
895,1376,4,1018336674
895,359,3,1018336835
895,1535,5,1018337201
895,1665,5,1018338072
895,569,5,1018338171
896,116,4,1018338314
896,1154,5,1018338719
896,83,5,1018338832
896,423,3,1018339158
896,837,3,1018339676
896,1544,4,1018340307
896,10,5,1018340511
896,415,5,1018341355
896,777,5,1018341422
896,549,4,1018342275
896,982,5,1018342762
896,1345,4,1018343390
896,1323,5,1018343802
896,909,5,1018343948
896,1732,4,1018344826
896,106,3,1018344838
896,1467,3,1018345421
896,1795,5,1018346010
896,1123,5,1018346730
896,761,5,1018346959
896,1216,5,1018347394
896,244,4,1018348338
896,226,5,1018348769
896,1911,4,1018349100
896,1498,5,1018349752
897,837,4,1018350510
897,423,3,1018351024
897,1108,4,1018351238
897,283,4,1018351449
897,394,5,1018352231
897,928,5,1018353152
897,1237,5,1018353761
897,527,4,1018354578
897,1863,4,1018354656
897,1702,5,1018355281
897,141,4,1018355904
897,1391,5,1018356045
897,1728,3,1018356642
897,205,4,1018357425
897,1936,4,1018357639
897,697,4,1018357906
897,1241,5,1018358705
897,304,3,1018358956
897,1042,4,1018359401
897,1943,3,1018359897
897,1854,4,1018360686
897,113,5,1018361306
897,1322,3,1018361740
897,1748,4,1018362519
897,327,5,1018362672
897,1193,5,1018363492
897,1173,4,1018363934
897,254,5,1018364646
897,1664,4,1018364823
897,277,5,1018364988
897,1822,4,1018365789
897,1783,5,1018365955
897,415,4,1018365974
897,675,4,1018366856
897,453,5,1018367600
897,1870,4,1018368180
897,38,4,1018368690
897,1661,4,1018369465
897,648,5,1018370213
897,1847,5,1018370653
897,1129,4,1018371029
897,923,3,1018371499
897,356,4,1018371556
897,214,5,1018371909
897,1987,5,1018372901
897,599,5,1018373504
898,837,4,1018373542
898,415,3,1018373839
898,1271,5,1018373938
898,810,4,1018374274
898,831,4,1018375110
898,717,4,1018375805
898,1108,4,1018376766
898,288,5,1018377668
898,1362,5,1018378472
898,146,5,1018378749
898,368,5,1018379586
898,423,5,1018380506
898,885,4,1018381361
898,219,5,1018381834
898,1220,4,1018382298
898,57,4,1018382526
898,897,3,1018383439
898,1047,4,1018383449
898,1670,5,1018384336
898,313,5,1018384565
898,1221,3,1018384756
898,1511,4,1018385390
898,358,5,1018385610
898,1634,3,1018386080
898,1595,5,1018386779
898,1266,4,1018387581
898,1901,3,1018387856
898,924,5,1018388000
898,923,4,1018388839
898,1074,5,1018389539
898,1160,3,1018389991
898,567,5,1018390875
898,1613,4,1018391645
898,646,4,1018392452
898,51,4,1018392709
898,1406,3,1018393387
898,1836,3,1018394190
898,1809,4,1018394965
898,172,5,1018395939
898,1618,5,1018396865
898,669,3,1018397465
898,422,5,1018398252
898,1647,3,1018399025
898,306,5,1018399932
898,101,4,1018400419
899,1108,4,1018400631
899,837,5,1018401216
899,307,5,1018401555
899,1480,5,1018402278
899,491,5,1018402457
899,1628,5,1018402508
899,415,4,1018403305
899,423,4,1018403928
899,1058,4,1018403949
899,1174,4,1018404725
899,1888,5,1018405283
899,1018,4,1018405322
899,1890,5,1018405616
899,636,5,1018406613
899,1056,4,1018406670
899,1928,3,1018406803
899,775,5,1018407280
899,728,4,1018407478
899,128,4,1018407581
899,1709,4,1018408288
899,585,5,1018408767
899,93,5,1018409645
899,907,4,1018410195
900,1761,5,1018411157
900,54,4,1018411757
900,837,5,1018411786
900,321,4,1018412477
900,1783,4,1018413338
900,1506,3,1018414027
900,1165,4,1018414405
900,1198,4,1018414958
900,139,4,1018415050
900,593,5,1018415347
900,423,3,1018416249
900,849,5,1018416349
900,1467,5,1018417287
900,1328,5,1018417465
900,1018,4,1018417768
900,1048,5,1018417939
900,1108,5,1018417991
900,1794,4,1018418463
900,636,5,1018418755
900,1630,3,1018419343
900,161,4,1018420249
900,1633,4,1018420882
900,354,4,1018421574
900,943,4,1018422216
900,1268,5,1018422740
900,684,4,1018423122
900,262,4,1018423913
900,760,4,1018424400
900,200,4,1018424624
900,1747,4,1018425179
900,1133,4,1018425602
900,128,5,1018426470
900,802,4,1018427015
900,415,4,1018427441
900,364,4,1018428275
900,7,4,1018428897
900,618,4,1018429629
900,1801,5,1018429657
900,681,4,1018430354
901,1004,3,1018430650
901,837,4,1018431570
901,384,5,1018432323
901,959,4,1018432561
901,423,3,1018432763
901,1568,3,1018433554
901,693,4,1018434288
901,1445,3,1018434460
901,409,5,1018434561
901,1189,5,1018434586
901,1698,4,1018435481
901,1644,3,1018436074
901,1108,5,1018436660
901,1026,4,1018437366
901,583,4,1018437560
901,1482,3,1018438342
901,927,3,1018439187
901,295,3,1018439193
901,941,5,1018440101
901,1812,3,1018440889
901,1052,4,1018441164
901,1702,3,1018441845
901,917,4,1018442698
901,53,3,1018443088
901,1009,4,1018443186
901,453,3,1018443379
902,708,4,1018443651
902,837,4,1018443751
902,1467,5,1018444258
902,1772,5,1018444661
902,861,5,1018445035
902,146,5,1018445981
902,76,5,1018446687
902,423,5,1018447003
902,335,4,1018447194
902,1980,5,1018447512
902,1648,5,1018448315
902,1363,5,1018449061
902,1032,5,1018449728
902,1707,3,1018449980
902,619,4,1018450101
902,250,5,1018451036
902,1108,5,1018452025
902,721,4,1018452150
902,1988,3,1018452524
902,757,4,1018453468
902,415,5,1018454269
902,823,5,1018454991
902,1227,4,1018455709
902,107,5,1018455890
902,716,4,1018456887
902,654,4,1018457330
903,717,3,1018457358
903,837,4,1018457810
903,429,5,1018458692
903,1189,3,1018459519
903,743,4,1018459885
903,729,5,1018460042
903,1108,5,1018460367
903,1467,4,1018460499
903,1254,4,1018460709
903,76,5,1018461178
903,1318,5,1018462032
903,1249,4,1018462107
903,1428,4,1018462978
903,1070,3,1018463098
903,947,5,1018463330
903,1073,4,1018463895
903,1245,4,1018464865
903,532,3,1018465792
903,31,4,1018466511
903,423,4,1018467372
903,463,4,1018468023
903,1107,3,1018468720
903,1768,5,1018469201
903,39,4,1018469865
903,1175,3,1018469908
903,1274,4,1018470466
903,694,5,1018471427
903,686,3,1018471622
903,1531,4,1018472408
903,994,4,1018473170
903,1537,4,1018473735
903,276,5,1018474479
903,1774,4,1018475368
903,1125,5,1018476192
903,1981,5,1018476628
903,1072,5,1018477115
903,551,5,1018477969
903,396,5,1018478168
903,1348,4,1018478998
903,1610,4,1018479098
903,1846,3,1018479959
903,404,5,1018480647
903,417,5,1018481239
903,952,5,1018481433
903,1621,4,1018482341
903,733,5,1018482742
903,917,5,1018483614
903,25,5,1018483836
903,116,4,1018483935
903,1265,5,1018484085
903,1704,4,1018484317
903,955,4,1018485312
903,110,4,1018485836
903,1780,5,1018486060
903,1284,5,1018486557
903,767,4,1018487143
904,1108,5,1018487597
904,1969,5,1018487724
904,1972,4,1018488242
904,1344,4,1018488905
904,1606,4,1018489221
904,837,4,1018490069
904,1455,5,1018490711
904,423,4,1018491507
904,545,4,1018491770
904,1048,4,1018492625
904,1025,5,1018493185
904,200,4,1018494147
904,1980,5,1018494996
904,1760,4,1018495339
904,727,4,1018496025
904,9,5,1018496589
904,686,4,1018497340
904,1356,5,1018497874
904,600,5,1018498495
904,1886,3,1018498706
904,1489,4,1018499413
904,728,4,1018499554
904,1506,5,1018499893
904,773,4,1018500334
904,169,4,1018501150
904,279,4,1018501786
904,646,5,1018502222
904,1262,3,1018502787
904,1467,4,1018503144
904,358,4,1018503324
904,1761,5,1018504224
904,708,5,1018504696
904,234,4,1018505294
904,992,3,1018505999
904,1724,5,1018506031
904,943,4,1018506242
904,838,4,1018506370
904,621,4,1018506385
904,299,4,1018507104
904,1171,4,1018507937
904,1245,4,1018508263
904,140,5,1018508884
904,874,5,1018509786
904,252,5,1018510254
904,1539,3,1018510945
904,1276,4,1018511741
905,837,5,1018511911
905,1515,5,1018512853
905,376,3,1018513337
905,933,5,1018513652
905,892,4,1018514531
905,978,5,1018514670
905,943,4,1018514947
905,1166,4,1018515113
905,1649,4,1018515604
905,901,5,1018516255
905,1385,4,1018516642
905,470,5,1018517520
905,423,4,1018518246
905,1108,3,1018518906
905,1897,4,1018519431
905,1327,5,1018520060
905,1193,4,1018520461
905,1739,5,1018521061
905,415,4,1018521892
905,1899,4,1018522018
905,1173,4,1018522172
905,515,4,1018522539
905,1467,5,1018523234
905,1501,4,1018523650
905,734,5,1018523898
905,1048,5,1018524091
905,1234,5,1018524671
905,1900,5,1018524749
905,397,5,1018525644
906,1028,4,1018526085
906,950,4,1018526265
906,423,5,1018526480
906,837,4,1018526611
906,946,3,1018526627
906,752,3,1018527603
906,216,5,1018528559
906,564,5,1018529032
906,1898,3,1018529701
906,1063,4,1018530536
906,391,4,1018531206
906,1108,4,1018531690
906,711,3,1018531925
906,1544,4,1018532409
906,502,3,1018532951
906,1559,5,1018533467
906,523,5,1018533957
906,1578,4,1018534891
906,1441,4,1018535861
906,1879,4,1018536353
906,627,5,1018537082
906,129,5,1018537440
907,1931,5,1018537805
907,837,5,1018537955
907,338,5,1018538525
907,331,5,1018539109
907,1089,4,1018539423
907,112,4,1018540165
907,1083,5,1018540513
907,610,5,1018540521
907,1033,5,1018541344
907,1890,3,1018541919
907,1710,4,1018542870
907,1352,5,1018543728
907,370,5,1018544553
907,1745,3,1018545392
907,1313,3,1018546252
907,855,4,1018546908
907,958,3,1018547172
907,1831,5,1018548117
907,44,4,1018548508
907,842,3,1018549255
907,1298,3,1018550056
907,378,4,1018550169
907,423,3,1018551085
907,1734,4,1018551200
907,1186,5,1018551409
907,456,4,1018552105
907,1520,3,1018552510
907,690,4,1018553162
907,144,4,1018553828
907,1056,4,1018554608
907,1740,5,1018555238
907,626,5,1018556087
907,1108,4,1018556554
907,343,3,1018557286
907,360,3,1018558230
907,1505,5,1018558580
907,500,5,1018559525
907,755,4,1018560156
907,1797,3,1018560785
907,1303,5,1018561562
907,1078,4,1018562250
907,459,5,1018563152
907,980,4,1018563999
908,1598,4,1018564528
908,342,5,1018565229
908,776,4,1018565341
908,1656,4,1018566024
908,837,4,1018566324
908,158,5,1018566782
908,1125,4,1018567280
908,423,4,1018567630
908,211,5,1018567683
908,344,5,1018567867
908,1372,4,1018567947
908,124,4,1018568778
908,523,3,1018569240
908,1607,4,1018569310
908,163,4,1018570124
908,1056,5,1018571039
908,326,4,1018571059
908,1108,5,1018571090
908,1384,4,1018571725
908,202,4,1018572232
908,328,3,1018572320
908,1190,4,1018572404
908,1302,4,1018572960
908,499,5,1018573311
908,522,4,1018574015
908,1968,4,1018574983
908,1342,4,1018575954
908,805,4,1018576194
908,164,3,1018576784
909,1108,5,1018577742
909,837,4,1018578027
909,159,5,1018578791
909,1618,3,1018579419
909,1898,4,1018579570
909,889,4,1018580265
909,1629,5,1018580909
909,570,5,1018581668
909,1757,5,1018582085
909,607,4,1018582093
909,991,5,1018582363
909,143,5,1018583268
909,423,4,1018583674
909,772,4,1018584487
909,155,3,1018584510
909,348,5,1018584671
909,415,4,1018585061
909,1000,5,1018585970
909,3,3,1018586502
909,1666,3,1018587366
909,45,3,1018587763
909,1616,5,1018588433
909,912,3,1018588807
909,1880,4,1018589033
909,1751,4,1018589065
909,386,3,1018590004
909,904,4,1018590706
909,1763,5,1018591378
909,627,4,1018591961
909,1907,4,1018592519
909,1958,3,1018593118
909,1793,5,1018593178
909,1638,5,1018594015
909,779,3,1018594274
909,923,3,1018594289
909,769,4,1018595044
909,1005,4,1018595800
909,1056,3,1018596245
909,238,5,1018596854
909,1947,4,1018597791
909,1578,4,1018598682
909,723,4,1018598946
909,564,4,1018599046
909,452,4,1018599571
909,476,5,1018600272
909,572,5,1018600801
909,1467,4,1018600909
909,603,4,1018601559
909,196,4,1018602203
909,1345,5,1018602282
909,1620,4,1018602897
909,523,4,1018603096
909,633,5,1018603586
909,820,4,1018603656
909,757,5,1018604319
909,508,5,1018604537
909,121,5,1018605134
910,837,5,1018605498
910,698,4,1018606483
910,967,3,1018606677
910,423,5,1018607183
910,1006,5,1018607371
910,1724,4,1018608065
910,415,5,1018608959
910,1994,4,1018609905
910,793,5,1018610805
910,1191,5,1018611488
910,1240,4,1018612251
910,1441,4,1018612408
910,1780,5,1018612852
910,986,3,1018612995
910,797,5,1018613729
910,668,5,1018613810
910,308,4,1018614397
910,1972,4,1018614473
910,1805,4,1018614610
910,589,4,1018615055
910,40,5,1018615749
910,323,3,1018616584
910,1894,4,1018617436
910,206,4,1018617543
910,385,5,1018618379
910,1085,5,1018619026
910,1145,5,1018619790
910,1797,4,1018620266
910,1576,4,1018620499
910,862,4,1018621479
910,1352,3,1018621899
910,923,5,1018622661
910,1108,5,1018622791
910,1460,4,1018623594
910,225,5,1018624211
910,712,3,1018624786
910,765,5,1018625151
910,727,5,1018625454
910,1633,4,1018626211
910,1934,4,1018626327
910,690,5,1018626370
910,49,4,1018627263
910,1479,4,1018627626
910,1093,5,1018628073
910,970,4,1018628542
910,198,4,1018628758
910,1562,4,1018629115
911,1439,4,1018630086
911,1695,4,1018630942
911,423,4,1018631213
911,1615,3,1018631573
911,1256,3,1018631991
911,63,4,1018632810
911,837,5,1018633224
911,675,4,1018633706
911,737,4,1018634195
911,1396,4,1018635175
911,155,5,1018636143
911,1108,4,1018636371
911,689,4,1018637337
911,1505,5,1018638254
911,1599,4,1018638995
911,386,4,1018639109
911,1291,5,1018639734
911,1641,3,1018640625
911,544,3,1018641614
911,995,5,1018641665
911,1677,5,1018642025
911,202,5,1018642952
911,1769,4,1018643610
911,352,3,1018644478
911,1748,3,1018644758
911,158,3,1018644830
911,671,3,1018645225
911,433,5,1018646044
911,809,4,1018646955
911,1241,4,1018647596
911,541,3,1018647691
911,1808,5,1018648155
911,1669,5,1018648181
911,1839,5,1018648994
911,392,4,1018649499
911,644,5,1018649612
911,650,5,1018650569
911,774,5,1018650843
911,1105,5,1018651041
911,147,5,1018651376
911,1892,5,1018652285
911,141,3,1018652529
911,177,4,1018652934
912,83,4,1018653472
912,837,5,1018653684
912,754,5,1018653697
912,1751,5,1018653774
912,1604,5,1018654499
912,746,4,1018654792
912,230,3,1018655320
912,1156,5,1018655714
912,638,5,1018656351
912,1416,4,1018657098
912,1729,5,1018657882
912,1272,4,1018658415
912,1935,5,1018658562
912,1108,4,1018659543
912,692,4,1018659592
912,1511,3,1018660469
912,1763,3,1018660680
912,761,3,1018661081
912,1985,5,1018661986
912,777,4,1018662029
912,476,5,1018662938
912,1816,4,1018663242
912,714,5,1018663431
912,603,3,1018663455
912,566,5,1018664251
912,662,3,1018665134
912,72,4,1018665166
912,465,3,1018666050
912,1614,4,1018666530
912,260,4,1018666716
912,1443,4,1018667403
912,336,4,1018667659
912,1338,5,1018668585
912,388,4,1018669035
912,1367,5,1018669940
912,423,3,1018670173
912,752,4,1018670385
912,303,5,1018670943
912,185,4,1018671808
912,1278,4,1018672802
912,1126,4,1018672918
912,1422,5,1018673421
912,193,5,1018673583
912,1160,4,1018673589
912,1553,5,1018673606
912,847,3,1018674118
912,1000,3,1018675069
913,837,4,1018675992
913,251,4,1018676661
913,1108,4,1018677506
913,1624,3,1018678129
913,151,3,1018679047
913,1264,3,1018679068
913,249,4,1018679301
913,1349,3,1018679779
913,77,3,1018680170
913,623,4,1018680477
913,1467,5,1018680558
913,736,5,1018680813
913,221,3,1018680956
913,1076,4,1018681908
913,1152,3,1018682484
913,1082,4,1018683413
913,820,4,1018684159
913,774,4,1018684513
913,423,4,1018684984
913,1488,3,1018685706
913,1820,5,1018686295
913,208,5,1018686627
913,1839,5,1018686715
913,1687,5,1018687312
913,99,4,1018688283
913,1780,4,1018688666
913,499,5,1018688952
913,294,3,1018689733
913,1244,3,1018689936
913,1444,4,1018690360
913,1548,5,1018691277
913,36,4,1018692176
913,242,4,1018692768
913,178,4,1018692986
913,1656,4,1018693325
913,1618,3,1018693635
913,1887,4,1018693789
913,37,3,1018693975
913,1104,4,1018694673
913,1877,4,1018694914
913,326,5,1018695202
913,1640,4,1018696082
913,707,4,1018696807
913,1552,4,1018696833
913,12,4,1018697772
913,46,4,1018698229
913,400,4,1018698883
913,1169,5,1018699032
913,1889,4,1018699278
913,1637,4,1018699642
913,351,3,1018700343
913,362,4,1018700612
913,1799,3,1018700813
913,1496,5,1018700877
913,1175,4,1018701521
913,118,4,1018701972
913,316,4,1018702747
914,1218,5,1018703417
914,1272,4,1018703539
914,968,4,1018703631
914,806,4,1018703657
914,837,3,1018704043
914,423,4,1018704733
914,1500,3,1018704915
914,1123,4,1018705252
914,339,5,1018705941
914,992,5,1018706688
914,1969,4,1018707676
914,1747,5,1018708528
914,1585,4,1018709446
914,1634,4,1018710116
914,1271,4,1018710681
914,1360,5,1018711474
914,1015,3,1018711603
914,1178,4,1018712124
914,1821,4,1018713082
914,1467,3,1018713716
914,1597,5,1018714498
914,1751,4,1018715318
914,1285,5,1018716198
914,1718,4,1018716790
914,1122,3,1018717281
914,1815,4,1018717838
914,951,3,1018718498
914,1685,5,1018719361
914,29,4,1018719826
914,1162,4,1018719988
914,1941,4,1018720482
914,336,4,1018720628
914,1096,4,1018721590
914,228,4,1018722561
914,834,5,1018723003
914,1408,5,1018723095
914,1693,5,1018723756
914,1706,3,1018723797
914,1539,5,1018723975
914,925,5,1018724433
914,1544,5,1018724776
915,837,4,1018724860
915,1709,4,1018725269
915,463,4,1018726155
915,849,5,1018726751
915,1927,5,1018727062
915,981,3,1018727260
915,987,5,1018727842
915,1438,4,1018728689
915,369,3,1018729063
915,1215,3,1018729604
915,910,5,1018730172
915,673,4,1018730390
915,1150,4,1018730526
915,423,5,1018730773
915,892,5,1018731253
915,1950,4,1018731578
915,1268,5,1018731782
915,1983,4,1018732076
915,1897,4,1018732599
915,455,4,1018732925
915,1941,4,1018733068
915,130,4,1018733365
915,139,4,1018733574
915,1467,3,1018733760
915,183,5,1018734719
915,31,4,1018735354
915,257,5,1018735566
915,415,3,1018735983
915,1108,3,1018736844
915,1783,4,1018736908
915,1222,5,1018737277
915,1263,4,1018737517
915,513,5,1018738066
915,1706,4,1018738299
915,1703,4,1018738833
915,17,4,1018739572
915,1229,4,1018740059
915,1582,4,1018740671
915,678,4,1018741091
915,858,4,1018741464
915,591,3,1018742383
915,1649,5,1018742995
915,598,5,1018743429
915,1567,4,1018744328
915,1776,4,1018744968
915,1385,5,1018745132
915,801,4,1018745688
915,1731,5,1018745986
915,1792,5,1018746720
915,1174,3,1018747355
915,1070,5,1018747944
915,1168,5,1018748789
915,1197,5,1018749771
915,1060,4,1018750297
915,507,3,1018751162
915,1450,3,1018751807
915,1397,5,1018751907
915,162,4,1018752535
915,157,5,1018752838
915,1066,4,1018752918
916,837,4,1018753110
916,1557,5,1018753724
916,1242,5,1018754067
916,1202,3,1018754953
916,880,4,1018755338
916,423,4,1018755827
916,215,3,1018756795
916,1849,4,1018757386
916,722,5,1018757720
916,1056,5,1018758028
916,1164,3,1018758631
916,1108,5,1018759286
916,664,4,1018759691
916,562,4,1018760203
916,391,3,1018760365
916,1434,4,1018760528
916,1285,5,1018761030
916,1719,4,1018762014
916,1332,4,1018762557
916,1752,5,1018762982
916,292,4,1018763298
916,238,4,1018763758
916,270,5,1018764646
916,1375,5,1018765061
916,726,4,1018765980
916,179,3,1018766093
916,1618,5,1018766653
916,1695,4,1018767494
916,714,5,1018767636
916,1321,3,1018768411
916,1678,3,1018768915
916,1505,4,1018769208
916,415,4,1018769948
916,761,3,1018770186
916,861,4,1018770281
916,1218,4,1018771061
916,1641,3,1018771124
916,293,4,1018771974
916,301,4,1018772650
917,856,5,1018773165
917,837,3,1018773593
917,175,4,1018774118
917,1729,4,1018774360
917,253,5,1018775015
917,1685,3,1018775852
917,1211,3,1018775871
917,912,5,1018776434
917,1693,5,1018776496
917,1096,4,1018776807
917,1467,5,1018777726
917,423,3,1018778350
917,1940,3,1018778995
917,1778,5,1018779537
917,816,3,1018779550
917,627,4,1018779927
917,1858,3,1018780810
917,284,3,1018781693
917,346,4,1018781896
917,1273,4,1018782544
917,307,4,1018783044
917,714,4,1018783048
917,347,5,1018783477
917,1752,3,1018783841
917,1108,4,1018784010
917,1361,3,1018785004
917,1917,4,1018785406
917,1909,4,1018785834
917,924,5,1018786786
917,194,5,1018787471
917,1371,5,1018787939
917,1272,4,1018788779
917,993,4,1018789692
917,326,3,1018789890
918,447,5,1018790663
918,60,4,1018790834
918,837,3,1018791495
918,1108,5,1018791607
918,1591,4,1018792346
918,767,5,1018792776
918,1739,5,1018793678
918,48,3,1018793939
918,423,4,1018794790
918,711,5,1018795111
918,1467,4,1018795644
918,944,5,1018796108
918,1118,4,1018796813
918,1147,4,1018797543
918,31,5,1018798360
918,1056,3,1018799258
918,1287,3,1018800170
918,674,5,1018800916
918,1840,5,1018801271
918,1807,4,1018801836
918,1585,5,1018802281
918,1810,5,1018802608
918,45,4,1018802823
918,572,4,1018803489
918,238,4,1018804129
918,1997,5,1018804150
918,822,4,1018804576
918,1836,3,1018805229
918,1175,3,1018805293
919,837,4,1018805591
919,415,5,1018805961
919,845,4,1018805976
919,1923,4,1018806111
919,389,4,1018806661
919,265,5,1018807425
919,423,5,1018808301
919,1191,5,1018808924
919,1476,5,1018809304
919,384,4,1018809540
919,296,4,1018809665
919,484,4,1018810206
919,477,4,1018811025
919,1004,5,1018811584
919,1171,4,1018812463
919,1308,5,1018813183
919,468,4,1018813378
919,1673,3,1018813926
919,1108,4,1018814491
919,198,3,1018814953
919,1788,5,1018815288
919,794,3,1018815723
919,1,5,1018816420
919,760,5,1018817395
919,853,3,1018818115
919,1267,4,1018818758
919,710,3,1018819173
919,1563,3,1018819609
919,1974,4,1018820181
920,423,4,1018820787
920,837,4,1018821760
920,1152,4,1018822324
920,587,4,1018822415
920,671,3,1018823102
920,1074,5,1018823168
920,1694,5,1018823869
920,501,5,1018824411
920,67,4,1018824692
920,1120,3,1018825083
920,1579,3,1018825775
920,445,3,1018826212
920,999,3,1018826342
920,1591,5,1018826433
920,979,4,1018826450
920,1385,4,1018827320
920,1861,4,1018827528
920,1281,4,1018828054
920,1194,4,1018828914
920,1108,3,1018828983
920,149,5,1018829449
920,1649,5,1018829845
920,567,5,1018829977
920,1813,5,1018830259
920,1105,4,1018830446
920,897,3,1018831344
920,1739,4,1018831657
920,1663,4,1018832241
920,415,3,1018833035
920,1951,4,1018833194
920,101,4,1018833460
921,423,4,1018834043
921,837,5,1018834836
921,1467,3,1018835536
921,1507,3,1018835919
921,1181,4,1018836638
921,371,4,1018837069
921,1618,4,1018837611
921,1148,5,1018838142
921,1657,4,1018838383
921,1020,4,1018839102
921,235,4,1018839722
921,376,3,1018840389
921,815,4,1018840831
921,98,5,1018841654
921,543,5,1018842615
921,545,4,1018843177
921,51,5,1018843297
921,1065,3,1018843830
921,1034,4,1018843880
921,1815,4,1018844381
921,99,4,1018845118
921,393,4,1018845331
921,439,4,1018845659
921,267,4,1018846213
921,1368,5,1018846943
921,667,3,1018847246
921,1630,4,1018848120
921,813,4,1018848281
922,423,3,1018848464
922,1108,3,1018849147
922,87,3,1018850001
922,1879,5,1018850954
922,157,5,1018851666
922,702,4,1018852526
922,837,4,1018852585
922,1046,3,1018852935
922,1308,5,1018853109
922,1628,4,1018853820
922,749,3,1018853949
922,428,3,1018854228
922,1850,3,1018855168
922,1467,5,1018855242
922,513,4,1018855331
922,734,3,1018855849
922,1448,4,1018856797
922,1831,5,1018857705
922,137,4,1018858129
922,1063,5,1018858684
922,962,5,1018858883
922,1145,4,1018859672
922,1380,4,1018860658
922,785,4,1018861487
922,645,4,1018861734
922,343,3,1018862234
923,463,4,1018862268
923,1387,3,1018863065
923,1066,4,1018863558
923,532,4,1018863802
923,837,5,1018864370
923,1900,4,1018865333
923,1592,3,1018865783
923,423,3,1018866214
923,1261,5,1018867089
923,425,4,1018867254
923,1108,3,1018867985
923,1467,3,1018868330
923,577,5,1018868893
923,554,4,1018869744
923,988,5,1018870283
923,1409,4,1018870443
923,1913,5,1018871442
923,160,4,1018871954
923,234,3,1018871981
923,1982,4,1018872524
923,1076,4,1018873368
923,1991,5,1018874185
923,1113,3,1018875024
923,1327,4,1018875645
923,426,5,1018875849
923,1840,4,1018875987
923,9,3,1018876278
923,1610,5,1018877065
923,702,4,1018877971
923,1967,4,1018877982
923,399,4,1018878120
923,77,3,1018878328
923,237,5,1018878722
923,1419,4,1018879414
923,793,3,1018879982
923,247,5,1018880927
923,1681,5,1018881706
923,1618,4,1018881851
923,323,4,1018882744
923,1871,3,1018882756
923,430,3,1018883599
923,314,5,1018883735
923,1124,5,1018884147
923,224,4,1018884973
923,1449,4,1018885307
923,1152,4,1018885665
923,1448,4,1018886289
924,837,4,1018886943
924,1618,4,1018887374
924,189,5,1018887695
924,1973,4,1018888261
924,595,4,1018889247
924,423,3,1018889752
924,742,4,1018890398
924,1531,5,1018891019
924,1108,4,1018891089
924,1891,5,1018891338
924,822,5,1018891995
924,1610,4,1018892445
924,1879,3,1018893388
924,387,4,1018894045
924,153,3,1018894210
924,314,5,1018894494
924,1659,5,1018894669
924,505,4,1018895529
924,1056,4,1018895773
924,1191,5,1018895851
924,1676,5,1018896670
924,988,5,1018897164
924,1073,5,1018897668
924,797,5,1018898153
924,802,4,1018898385
924,853,4,1018898514
924,1651,4,1018898703
924,80,4,1018899245
924,981,5,1018900098
924,944,4,1018900859
924,1166,5,1018901624
924,1612,4,1018902509
924,1830,5,1018903317
924,1708,3,1018904066
924,1075,4,1018904152
924,1862,3,1018904949
924,1971,4,1018905821
924,209,4,1018905837
924,252,4,1018906168
924,1175,4,1018906558
924,1563,4,1018907303
924,1194,5,1018907688
924,962,4,1018907924
924,1208,3,1018907981
924,598,3,1018908936
924,1378,4,1018909426
924,1582,4,1018909981
924,1133,5,1018910284
924,749,5,1018911134
925,837,4,1018911878
925,1777,5,1018911986
925,1086,4,1018912658
925,1871,5,1018913643
925,1206,5,1018913725
925,1366,4,1018914064
925,1467,4,1018914957
925,423,5,1018915319
925,1108,5,1018915556
925,959,4,1018916521
925,1720,4,1018916653
925,501,4,1018916800
925,649,5,1018916827
925,907,5,1018917239
925,1144,5,1018917506
925,439,3,1018918478
925,505,4,1018918740
925,1226,4,1018919629
925,1872,4,1018920427
925,1461,5,1018921138
925,1413,4,1018921263
925,875,4,1018921296
926,837,4,1018922035
926,220,4,1018922480
926,423,3,1018922601
926,77,5,1018922605
926,1942,4,1018922656
926,1108,4,1018923376
926,319,4,1018923877
926,1935,5,1018924436
926,1285,4,1018924456
926,1533,4,1018924776
926,466,4,1018925454
926,564,3,1018926412
926,779,4,1018926879
926,363,4,1018927755
926,557,5,1018928235
926,1752,4,1018928707
926,322,5,1018928932
926,1209,5,1018929760
926,1160,5,1018929850
926,1156,3,1018929911
926,1266,5,1018930652
926,595,3,1018930707
926,1385,4,1018931155
926,474,5,1018931549
926,1341,4,1018931922
926,1467,3,1018931954
926,1719,4,1018931968
926,1819,5,1018932571
926,1990,3,1018932772
926,1135,4,1018932898
926,1488,5,1018933029
926,1821,4,1018933172
926,1951,4,1018933860
926,1175,3,1018934483
926,906,3,1018934662
926,594,3,1018935199
926,1408,4,1018935612
926,711,4,1018936439
926,1414,3,1018937051
926,1511,3,1018937840
926,1567,5,1018938709
926,631,3,1018939065
926,45,4,1018939868
926,106,4,1018940272
927,837,4,1018941146
927,1108,5,1018941242
927,1406,3,1018941332
927,960,4,1018942136
927,930,4,1018942360
927,131,4,1018942366
927,686,5,1018942742
927,2,3,1018943012
927,1464,5,1018943401
927,1588,4,1018943722
927,107,4,1018944620
927,403,5,1018945144
927,423,3,1018945345
927,1331,4,1018946150
927,1388,4,1018946386
927,1276,3,1018946407
927,1753,4,1018947121
927,969,3,1018947240
927,330,5,1018947382
927,1102,3,1018948113
927,1647,4,1018949067
927,766,4,1018949341
927,111,3,1018950189
927,1469,4,1018950460
927,494,4,1018950484
927,1130,4,1018950809
927,1717,5,1018950813
927,313,3,1018951572
927,761,3,1018951690
927,1362,5,1018952257
927,185,3,1018953229
927,1843,4,1018954107
927,476,5,1018954563
927,1467,5,1018954821
927,272,5,1018954966
927,1550,4,1018955392
927,874,5,1018956081
927,1578,4,1018956101
927,279,4,1018957006
927,1958,3,1018957272
927,1537,5,1018957322
927,1725,5,1018958032
927,627,4,1018958388
927,146,4,1018958919
927,752,4,1018959790
927,536,3,1018960592
927,415,3,1018961237
927,1898,4,1018961936
927,1273,4,1018962623
927,878,3,1018963182
927,1864,3,1018963265
927,899,5,1018963406
927,1504,5,1018963504
928,208,4,1018963721
928,1657,5,1018964719
928,837,5,1018965653
928,395,4,1018966353
928,445,5,1018966456
928,1467,4,1018967229
928,1166,4,1018967588
928,1220,5,1018968011
928,1036,5,1018968394
928,1973,5,1018968825
928,1976,4,1018969781
928,431,3,1018969962
928,402,3,1018970579
928,1133,3,1018971313
928,805,5,1018971855
928,1108,4,1018972415
928,1630,5,1018973017
928,359,5,1018973895
928,750,4,1018974527
928,1820,4,1018975041
928,623,4,1018975744
928,831,4,1018976592
928,1183,4,1018977093
928,1063,5,1018977761
928,1455,4,1018978603
928,1757,4,1018979021
928,415,4,1018979650
928,326,3,1018980267
928,1171,5,1018980834
928,1565,3,1018980909
928,1901,4,1018981658
928,992,4,1018981852
928,749,4,1018982726
928,284,3,1018983093
928,853,5,1018983286
928,423,3,1018983370
928,1834,3,1018984299
928,1591,4,1018985181
928,1875,4,1018985486
928,1907,5,1018986385
928,1383,4,1018987075
928,411,3,1018987264
928,1810,4,1018987583
928,1040,5,1018988438
928,652,4,1018989340
928,1585,5,1018989995
928,1279,4,1018990838
928,250,5,1018991162
928,416,5,1018991521
928,1947,3,1018992285
928,1607,4,1018992504
928,547,4,1018992577
928,323,4,1018993232
928,1852,4,1018993794
928,605,3,1018994285
929,837,4,1018994972
929,950,3,1018995096
929,1048,4,1018995607
929,1596,4,1018996362
929,1171,3,1018997148
929,564,4,1018998129
929,143,4,1018998467
929,1240,4,1018998937
929,1909,3,1018999170
929,1467,3,1018999808
929,574,5,1019000253
929,1761,5,1019000615
929,423,3,1019000912
929,1655,3,1019001879
929,169,5,1019002758
929,216,5,1019003059
929,951,4,1019003670
929,1971,4,1019004064
929,1108,4,1019004094
929,1618,4,1019004603
929,1212,5,1019004926
929,1347,5,1019005035
929,988,3,1019005195
929,80,4,1019005731
929,1200,3,1019006467
929,1063,4,1019007294
929,923,5,1019007553
929,362,4,1019008368
929,1162,5,1019009055
929,442,5,1019009136
929,420,4,1019009354
929,402,5,1019010157
929,779,4,1019011077
929,774,4,1019011850
929,1305,3,1019012120
929,712,4,1019012487
929,805,5,1019012780
929,1470,3,1019012879
929,111,4,1019012949
929,208,4,1019013461
929,713,3,1019013987
930,87,4,1019014714
930,1750,3,1019014758
930,1829,4,1019015552
930,47,5,1019016455
930,837,3,1019016701
930,962,4,1019017359
930,702,5,1019017721
930,423,4,1019018320
930,1108,4,1019018656
930,742,5,1019018943
930,428,4,1019019339
930,1724,4,1019019490
930,189,5,1019020069
930,1652,5,1019020622
930,1905,5,1019021610
930,618,3,1019022002
930,132,3,1019022496
930,1048,3,1019023045
930,167,5,1019023400
930,1159,5,1019024317
930,218,3,1019025074
930,1028,3,1019025936
930,1586,4,1019026278
930,1336,5,1019026348
930,1250,5,1019027110
930,1885,5,1019028005
930,1171,5,1019028322
930,459,5,1019029256
930,26,4,1019029381
930,794,3,1019030326
930,835,5,1019031296
930,115,4,1019031533
930,1432,4,1019032350
930,720,3,1019032549
930,802,4,1019033074
930,91,5,1019033951
930,247,4,1019034157
931,1369,4,1019034637
931,911,4,1019035351
931,837,4,1019036254
931,1226,4,1019037102
931,1916,5,1019037659
931,854,3,1019037814
931,1053,4,1019038091
931,423,3,1019038094
931,1663,3,1019038734
931,1208,4,1019039410
931,1683,5,1019040169
931,894,5,1019040712
931,900,5,1019040721
931,804,3,1019041475
931,1108,4,1019041592
931,1582,4,1019042332
931,261,5,1019042496
931,217,5,1019043153
931,789,5,1019043903
931,1843,5,1019044231
932,837,4,1019044533
932,929,5,1019044579
932,1281,5,1019044660
932,1529,4,1019044664
932,1105,5,1019045139
932,1654,4,1019045760
932,1108,3,1019045763
932,923,3,1019046030
932,234,5,1019046557
932,521,5,1019046914
932,573,4,1019047430
932,1720,3,1019047450
932,1986,4,1019048270
932,1194,5,1019049078
932,831,3,1019049117
932,764,4,1019049322
932,1455,5,1019049328
932,101,3,1019049459
932,666,4,1019050122
932,1651,5,1019050841
932,1448,4,1019051235
932,1858,4,1019051545
932,988,5,1019051778
932,1506,3,1019051966
932,423,5,1019052516
932,306,5,1019053019
932,169,4,1019053938
932,1694,4,1019054154
932,1240,4,1019054444
932,689,5,1019055008
932,1467,5,1019055712
932,1676,5,1019056321
932,1343,5,1019057013
932,57,5,1019057174
933,890,5,1019057341
933,1373,4,1019057447
933,398,4,1019057537
933,1672,5,1019058485
933,819,4,1019058554
933,363,4,1019058711
933,837,4,1019059105
933,1613,5,1019060003
933,139,4,1019060847
933,1433,4,1019061218
933,400,4,1019062014
933,1316,3,1019062413
933,709,4,1019062431
933,578,4,1019063357
933,1709,4,1019063774
933,585,3,1019064387
933,1628,3,1019065305
933,1429,3,1019065867
933,695,5,1019066803
933,647,4,1019066882
933,1487,4,1019067317
933,1092,4,1019067517
933,1213,5,1019068407
933,520,3,1019069071
933,327,4,1019069616
933,1514,4,1019070422
933,36,5,1019070959
933,1956,4,1019071877
933,1995,5,1019072620
933,1467,3,1019072719
933,1625,5,1019073697
933,1082,5,1019074643
933,1435,5,1019075008
933,1165,5,1019075147
933,423,3,1019075502
933,697,5,1019075945
933,1035,4,1019076177
933,1407,4,1019076832
933,95,4,1019076933
933,1954,3,1019077755
933,813,3,1019077822
933,746,4,1019078091
933,1755,5,1019078439
933,1042,3,1019079392
933,1108,5,1019080049
933,1306,4,1019080404
933,497,5,1019081203
933,1966,3,1019081905
933,1604,4,1019082103
934,876,4,1019082877
934,837,5,1019083001
934,356,4,1019083783
934,423,5,1019083994
934,1946,4,1019084291
934,1193,5,1019084859
934,1674,5,1019085377
934,686,5,1019085755
934,869,4,1019085998
934,621,4,1019086904
934,969,3,1019087558
934,1647,4,1019087628
934,994,3,1019088194
934,1886,3,1019088507
934,1086,4,1019088673
934,1484,3,1019088950
934,672,4,1019089549
934,1108,4,1019090146
934,415,4,1019090996
934,1563,5,1019091723
934,1777,5,1019092165
934,1959,4,1019093003
934,1733,4,1019093797
934,1023,4,1019094187
934,23,4,1019095091
934,708,4,1019095375
934,397,3,1019095892
934,923,5,1019096073
934,1504,4,1019096288
934,955,5,1019096845
934,1627,4,1019097737
934,622,3,1019098469
934,729,4,1019098518
934,1618,3,1019098581
934,1467,4,1019098645
934,76,4,1019099266
934,997,5,1019100087
934,123,4,1019100707
934,1516,4,1019101106
934,1344,3,1019101476
934,803,4,1019102350
934,74,4,1019103166
934,295,5,1019103578
934,486,4,1019103754
934,107,4,1019103895
934,687,4,1019103897
934,649,4,1019104574
934,1522,5,1019104751
934,617,3,1019105314
934,1714,4,1019105322
934,556,3,1019106092
934,799,4,1019106526
935,989,4,1019107456
935,423,4,1019108370
935,837,5,1019108839
935,1520,5,1019109079
935,720,3,1019109180
935,1451,4,1019109948
935,380,5,1019110439
935,514,3,1019110612
935,171,3,1019110967
935,1127,4,1019111112
935,1460,5,1019112012
935,1888,3,1019112134
935,477,5,1019112153
935,828,4,1019112538
935,96,4,1019113440
935,524,4,1019113975
935,1165,3,1019114833
935,589,5,1019115115
935,791,5,1019116085
935,120,3,1019117040
935,398,5,1019117284
936,567,3,1019117495
936,1108,4,1019118341
936,837,4,1019118884
936,1025,5,1019118935
936,639,3,1019119875
936,884,3,1019120450
936,62,4,1019121338
936,98,5,1019121574
936,617,5,1019122143
936,1607,4,1019122909
936,1496,4,1019123338
936,1274,5,1019124220
936,1694,4,1019124240
936,1760,4,1019124415
936,423,3,1019124621
936,1901,5,1019124930
936,1195,5,1019125272
936,669,4,1019125531
936,587,4,1019125817
936,1693,5,1019126306
936,658,4,1019126819
936,1538,5,1019127381
936,619,3,1019128315
936,1467,5,1019128739
936,820,5,1019128880
936,705,4,1019128892
936,194,4,1019129635
936,1249,4,1019130282
936,1254,5,1019130535
936,1618,4,1019130651
936,1962,3,1019131610
936,5,4,1019132166
936,1291,4,1019132270
936,334,5,1019133034
936,1406,3,1019133379
936,104,5,1019133450
936,85,4,1019133900
936,1940,4,1019134618
936,12,5,1019135329
936,551,5,1019135883
936,1539,3,1019136158
936,992,4,1019136848
936,435,3,1019137085
936,1969,5,1019138057
936,1381,5,1019138414
936,825,4,1019138550
936,1738,4,1019139505
936,1640,4,1019139705
936,912,5,1019139853
936,523,5,1019140801
936,211,4,1019141799
936,415,5,1019142271
936,1670,4,1019143138
936,353,4,1019143565
937,406,4,1019144038
937,1457,4,1019144643
937,480,5,1019144716
937,725,5,1019145579
937,837,5,1019146032
937,1618,4,1019146529
937,1928,4,1019146908
937,1867,3,1019146999
937,1780,5,1019147565
937,477,4,1019147971
937,156,3,1019148969
937,86,4,1019149240
937,1883,5,1019149254
937,423,4,1019150090
937,154,4,1019150184
937,1467,5,1019150694
937,1278,5,1019151450
937,1856,4,1019151551
937,1619,4,1019152437
937,1745,5,1019152710
937,1460,5,1019152775
938,837,4,1019152790
938,1016,3,1019153781
938,1583,4,1019154589
938,1536,5,1019154599
938,331,4,1019155478
938,911,3,1019156319
938,1108,3,1019156927
938,272,3,1019157459
938,983,4,1019157468
938,1854,4,1019157606
938,696,4,1019158435
938,619,5,1019158856
938,423,4,1019159396
938,1547,5,1019159487
938,1670,4,1019160193
938,994,5,1019160590
938,979,5,1019161104
938,318,4,1019161842
938,1949,5,1019162043
938,66,4,1019162707
938,1206,4,1019163215
938,900,5,1019164114
938,11,3,1019164811
938,1453,5,1019164920
938,541,3,1019165436
938,144,5,1019165483
938,530,4,1019165661
938,896,4,1019165700
938,1708,4,1019166015
938,1381,3,1019166575
938,1194,4,1019166638
938,1467,5,1019167459
938,1219,4,1019168108
938,165,3,1019168797
938,1226,5,1019169619
938,1538,4,1019170082
938,1575,5,1019170323
938,392,3,1019170329
938,1315,5,1019170775
938,394,3,1019170983
938,168,4,1019171406
938,123,3,1019172087
939,837,4,1019172492
939,1116,4,1019172551
939,1108,4,1019173503
939,1619,4,1019174106
939,1956,3,1019174736
939,698,5,1019174933
939,1992,5,1019175092
939,398,4,1019175125
939,150,4,1019175438
939,423,5,1019175777
939,1047,5,1019176626
939,1573,5,1019176717
939,1478,4,1019176752
939,415,3,1019177270
939,1198,4,1019177430
939,154,4,1019177885
939,1563,5,1019178715
939,886,4,1019179674
939,1437,4,1019180250
939,148,5,1019180513
939,1002,3,1019181312
939,232,5,1019182229
939,1029,3,1019182832
939,1628,3,1019183360
939,1818,4,1019184192
939,1293,4,1019184965
939,784,5,1019185925
939,990,5,1019186599
939,593,5,1019186656
939,65,4,1019186997
939,1518,5,1019187531
940,837,4,1019188296
940,1237,4,1019189132
940,1538,3,1019189612
940,1191,5,1019190343
940,884,4,1019190678
940,787,5,1019191043
940,1108,5,1019191311
940,1367,5,1019191635
940,1557,3,1019191896
940,646,3,1019192859
940,1880,5,1019193811
940,1763,4,1019194672
940,815,5,1019195210
940,1375,5,1019195577
940,756,5,1019196350
940,272,4,1019196695
940,226,5,1019197351
940,41,3,1019198007
940,1521,4,1019198226
940,1697,4,1019198638
940,811,4,1019199536
940,1024,5,1019199577
940,899,3,1019200352
940,1365,4,1019200651
940,1348,5,1019200879
940,133,5,1019201430
940,825,4,1019202118
940,423,5,1019202501
941,837,3,1019203165
941,1813,3,1019203249
941,810,4,1019203958
941,1108,4,1019204134
941,794,4,1019204922
941,1011,5,1019205203
941,1632,4,1019205898
941,132,4,1019206882
941,1687,4,1019207316
941,522,3,1019207378
941,877,5,1019207388
941,836,4,1019207470
941,423,5,1019207569
941,6,4,1019208092
941,1963,5,1019208972
941,1815,5,1019209895
941,1307,3,1019210286
941,1186,5,1019210515
941,587,4,1019211035
941,1010,4,1019211720
941,195,4,1019212528
941,1046,5,1019212755
941,411,5,1019213352
941,1013,4,1019213655
941,1057,4,1019214378
941,924,5,1019214534
941,1944,5,1019214956
941,1824,5,1019215876
941,1730,3,1019216143
941,140,4,1019216693
941,1905,4,1019216812
941,1775,4,1019216969
941,1192,4,1019217296
941,1591,4,1019217734
941,1593,5,1019218421
941,1618,3,1019218999
941,1467,4,1019219604
941,1289,4,1019219697
941,1179,4,1019219777
941,1548,4,1019220015
941,1684,4,1019220537
941,1071,5,1019221146
941,992,4,1019221521
941,1778,5,1019222049
941,567,4,1019222500
941,57,5,1019223499
941,201,5,1019223680
941,923,4,1019224293
941,218,4,1019224808
941,1969,3,1019225649
941,1602,4,1019226125
941,558,5,1019227044
941,669,5,1019227215
941,844,5,1019227875
941,142,3,1019228695
941,427,4,1019228983
942,837,4,1019229271
942,1087,4,1019229324
942,734,5,1019229379
942,1612,3,1019229499
942,1276,5,1019230112
942,1354,4,1019230679
942,423,5,1019231420
942,1761,5,1019231905
942,1467,4,1019231955
942,1245,4,1019232762
942,930,4,1019233306
942,11,3,1019233783
942,1329,5,1019234517
942,1125,4,1019235234
942,941,4,1019235696
942,573,5,1019235992
942,1859,5,1019236963
942,748,5,1019237882
942,1886,4,1019238196
942,1655,3,1019238723
942,853,5,1019239672
942,1477,4,1019240338
942,1372,3,1019240428
942,321,4,1019240653
942,1108,4,1019241442
942,1063,5,1019241508
942,429,5,1019241758
942,1635,5,1019242378
942,713,4,1019242942
942,1965,4,1019243682
943,423,3,1019244266
943,837,5,1019245045
943,152,4,1019245908
943,502,4,1019246141
943,1600,4,1019246657
943,1851,4,1019246859
943,1889,4,1019247061
943,151,3,1019247240
943,1589,4,1019247337
943,1974,3,1019247802
943,1418,4,1019248423
943,1108,5,1019249284
943,695,5,1019249812
943,1644,4,1019250347
943,1467,4,1019251259
943,163,5,1019251645
943,499,4,1019252025
943,868,4,1019252325
943,211,4,1019253083
943,62,5,1019253631
943,480,5,1019254091
943,890,4,1019254758
943,707,4,1019255285
943,1673,4,1019256064
943,1503,4,1019256889
943,1602,5,1019257117
944,1044,5,1019257747
944,415,3,1019258522
944,231,5,1019258527
944,837,4,1019258648
944,1159,5,1019259254
944,1108,5,1019259843
944,675,5,1019259908
944,823,4,1019260512
944,1404,4,1019260679
944,1054,4,1019261252
944,1050,5,1019261463
944,500,3,1019262082
944,1684,5,1019262600
944,1594,5,1019263274
944,880,5,1019264009
944,1505,4,1019264655
944,479,4,1019265529
944,704,4,1019265783
944,544,4,1019265841
944,1030,4,1019266690
944,699,4,1019267431
944,575,4,1019267698
944,663,4,1019268276
944,165,5,1019269120
944,1590,3,1019269431
944,1618,3,1019269644
945,837,4,1019270312
945,920,3,1019271101
945,328,4,1019271431
945,1183,3,1019271541
945,1813,5,1019272219
945,423,4,1019273010
945,411,3,1019273991
945,1467,4,1019274904
945,472,3,1019275496
945,249,4,1019276030
945,1741,3,1019276536
945,80,4,1019276591
945,395,4,1019276984
945,1108,3,1019277676
945,1968,4,1019278416
945,1092,5,1019278830
945,831,5,1019279778
945,201,3,1019280616
945,115,5,1019280745
945,897,4,1019281506
945,1634,4,1019282259
945,1240,4,1019283231
945,265,5,1019283999
945,773,5,1019284241
945,1248,5,1019284699
945,853,3,1019285239
945,1088,5,1019285882
945,1836,3,1019286518
945,1687,4,1019287086
945,802,5,1019287437
945,1302,4,1019288174
945,347,5,1019288452
945,1973,5,1019288803
945,1582,4,1019289020
945,314,4,1019289996
945,963,3,1019290410
945,1035,5,1019290600
945,992,5,1019290750
945,142,5,1019291712
945,140,5,1019292629
945,1761,4,1019293257
945,315,3,1019294117
945,415,5,1019294631
945,734,3,1019295311
945,1659,4,1019296201
945,602,3,1019296676
945,427,4,1019297415
945,1986,4,1019298125
945,1778,5,1019298161
945,9,4,1019298357
945,1010,5,1019298783
945,891,3,1019298829
945,600,5,1019299446
945,1489,5,1019300433
945,728,5,1019301104
945,1593,5,1019301475
945,61,5,1019301766
946,915,5,1019302276
946,837,5,1019302284
946,1153,4,1019302404
946,1079,4,1019303319
946,1108,4,1019303887
946,50,5,1019304647
946,423,5,1019305034
946,282,4,1019305704
946,776,5,1019306055
946,1906,5,1019306356
946,989,4,1019307035
946,945,3,1019307117
946,1467,3,1019308041
946,1563,4,1019308254
946,684,3,1019308568
946,925,5,1019309340
946,569,4,1019310220
946,1346,3,1019310758
946,1922,5,1019311376
946,455,4,1019311795
947,186,4,1019312135
947,837,3,1019312344
947,1384,4,1019312393
947,1629,3,1019312552
947,707,4,1019312641
947,1932,4,1019313566
947,1445,3,1019313612
947,736,3,1019314546
947,1781,3,1019314660
947,744,3,1019315485
947,1689,5,1019315677
947,282,4,1019316404
947,923,5,1019317066
947,1618,4,1019317673
947,1022,3,1019318566
947,423,4,1019319507
947,344,3,1019319531
947,1976,3,1019320133
947,623,5,1019320657
947,1472,4,1019320673
947,415,4,1019321464
947,182,4,1019322429
947,1425,4,1019323327
947,1108,5,1019323336
947,1324,5,1019323795
947,412,5,1019324519
947,969,5,1019324661
947,334,4,1019325253
947,597,4,1019325518
947,1467,4,1019326054
947,1190,4,1019326339
947,350,5,1019326970
947,1051,4,1019326996
947,302,4,1019327768
947,918,4,1019327942
947,131,4,1019328171
948,837,4,1019328230
948,46,3,1019328657
948,1990,3,1019329256
948,1919,4,1019329537
948,72,5,1019329876
948,423,3,1019330781
948,954,4,1019331704
948,1935,4,1019332472
948,1889,3,1019332727
948,608,3,1019333667
948,406,5,1019334329
948,538,4,1019335094
948,1108,4,1019335550
948,1105,5,1019335849
948,368,5,1019336114
948,692,5,1019336943
948,1035,5,1019337836
948,1420,4,1019338592
948,1300,3,1019339437
948,1613,4,1019340432
948,249,4,1019340520
948,1264,3,1019341281
948,754,3,1019341589
948,1120,4,1019342273
948,1302,4,1019342303
948,631,3,1019342438
948,1874,5,1019342590
948,178,3,1019342719
948,1618,4,1019342938
948,66,4,1019343520
948,1296,3,1019344001
948,877,5,1019344513
948,1877,5,1019344778
948,172,4,1019345044
948,414,5,1019345440
948,1467,4,1019345983
948,1373,5,1019346686
948,71,4,1019346729
948,666,5,1019347132
948,875,5,1019347794
948,438,5,1019348665
948,1213,4,1019349015
948,819,4,1019349784
948,337,5,1019350403
948,1770,5,1019350574
948,643,4,1019351521
948,61,3,1019352024
948,1603,4,1019352063
948,1622,3,1019352653
948,1985,4,1019352663
948,363,4,1019353634
948,1663,3,1019353910
948,995,5,1019354455
948,578,5,1019355221
948,99,3,1019356033
948,541,4,1019356315
949,423,4,1019356729
949,837,4,1019357598
949,1243,5,1019357941
949,936,4,1019358555
949,1998,3,1019359064
949,1419,5,1019359663
949,453,4,1019360129
949,1853,5,1019360658
949,1196,4,1019361055
949,415,5,1019361592
949,940,4,1019362075
949,1072,3,1019362661
949,822,4,1019363127
949,220,3,1019363823
949,417,3,1019363988
949,1929,4,1019364151
949,1770,5,1019364963
949,1108,5,1019365208
949,329,5,1019365344
949,1618,5,1019365627
950,895,3,1019365998
950,1213,4,1019366577
950,837,4,1019366620
950,689,4,1019366732
950,995,4,1019366920
950,954,3,1019367891
950,1486,3,1019368422
950,423,4,1019369173
950,891,3,1019369603
950,337,5,1019370183
950,1730,3,1019371145
950,1616,3,1019371468
950,81,3,1019371904
950,1366,5,1019372710
950,1108,4,1019373613
950,1020,5,1019373691
950,1887,3,1019373972
950,1088,3,1019374428
950,983,5,1019375170
950,414,3,1019375576
950,1075,4,1019376017
950,1112,4,1019376923
950,911,4,1019377658
950,217,4,1019378076
950,876,5,1019378959
950,1945,4,1019379554
950,628,5,1019380188
950,1968,3,1019381049
950,1474,4,1019381101
950,644,3,1019381483
950,1208,5,1019382298
950,371,3,1019382990
950,188,4,1019383553
950,1548,5,1019383733
950,939,4,1019384271
950,1416,4,1019385185
950,979,5,1019385575
950,1231,3,1019386047
950,152,3,1019386463
950,1154,4,1019387264
950,1874,5,1019387655
950,83,3,1019388637
950,1708,3,1019389296
950,737,5,1019390066
950,691,5,1019390465
950,1369,3,1019390881
950,1723,3,1019391846
951,1518,3,1019392606
951,1751,5,1019393171
951,837,4,1019393603
951,1467,4,1019393974
951,1108,4,1019394117
951,1604,3,1019394471
951,769,5,1019394578
951,415,3,1019394584
951,665,5,1019395388
951,1061,3,1019395408
951,1958,5,1019395525
951,1364,4,1019395964
951,33,3,1019396436
951,244,4,1019396518
951,135,5,1019397275
951,1807,4,1019397390
951,1990,4,1019397436
951,1025,5,1019397714
951,1809,4,1019398241
951,423,4,1019398509
951,1040,3,1019398976
951,1539,5,1019399492
951,1097,4,1019400249
951,72,4,1019401179
951,906,4,1019401237
951,572,3,1019401688
951,172,3,1019402674
951,1898,5,1019403238
951,1558,5,1019403969
951,104,5,1019404389
951,738,4,1019405185
951,319,4,1019405892
951,140,4,1019406022
951,1634,4,1019406805
951,604,5,1019406860
951,1630,5,1019407422
951,659,5,1019407735
951,1717,4,1019408510
952,1339,4,1019409013
952,653,3,1019409970
952,1103,4,1019410720
952,603,5,1019410756
952,837,4,1019411683
952,423,5,1019412656
952,1666,4,1019412657
952,989,4,1019413053
952,1138,4,1019413685
952,1684,3,1019414022
952,921,5,1019414371
952,1143,5,1019415338
952,105,4,1019416211
952,1618,3,1019417000
952,1204,4,1019417906
952,348,4,1019418055
952,240,3,1019418979
952,311,5,1019419160
952,1553,4,1019419818
952,218,5,1019420153
952,1652,4,1019420907
952,883,4,1019421415
952,1734,4,1019421622
952,361,5,1019422328
952,1336,3,1019422922
952,1004,3,1019423441
952,1519,3,1019424013
952,1108,5,1019424568
952,258,3,1019425551
952,852,3,1019425664
952,88,4,1019425886
952,1121,4,1019426770
952,1570,4,1019427712
952,845,5,1019428237
952,1763,5,1019428459
952,1569,3,1019429412
952,1163,5,1019429872
952,1614,3,1019430334
952,1225,5,1019431037
952,1057,3,1019431316
952,780,3,1019432260
952,492,4,1019432964
952,226,4,1019433840
952,1127,4,1019434546
952,817,4,1019435016
952,690,5,1019435675
952,468,3,1019435870
952,1323,5,1019436656
952,1838,4,1019437321
952,504,5,1019437608
952,380,3,1019438516
952,851,4,1019438844
953,1108,3,1019438970
953,167,4,1019439281
953,1026,3,1019439591
953,1454,4,1019440205
953,837,5,1019440807
953,655,4,1019441303
953,524,5,1019442293
953,1945,3,1019442965
953,499,4,1019443218
953,1762,4,1019443488
953,1065,3,1019443758
953,337,5,1019444214
953,1131,5,1019444913
953,423,5,1019445862
953,1092,5,1019446610
953,415,4,1019447376
953,1210,4,1019447581
953,1467,5,1019448196
953,1155,4,1019448934
953,471,5,1019449384
953,496,4,1019449744
953,1059,4,1019450630
953,201,4,1019451454
953,1548,5,1019452308
953,891,4,1019452765
953,84,5,1019453064
953,1675,3,1019453281
953,602,4,1019453521
953,152,3,1019454376
953,302,5,1019454509
953,1887,4,1019455444
953,1300,5,1019455584
953,1960,4,1019456301
953,1889,4,1019456832
953,472,5,1019457196
953,484,5,1019457905
953,1528,5,1019458244
953,877,4,1019458503
953,280,3,1019458812
953,672,4,1019459717
954,837,5,1019460275
954,1863,4,1019460679
954,928,4,1019460780
954,1108,3,1019461341
954,1389,3,1019462232
954,999,5,1019462262
954,261,4,1019462826
954,1452,4,1019462955
954,423,5,1019463365
954,186,3,1019463465
954,333,5,1019463936
954,687,3,1019464609
954,1872,3,1019465391
954,1820,5,1019465416
954,1431,3,1019466043
954,1822,5,1019466973
954,1056,3,1019467639
954,929,3,1019468412
954,1708,4,1019468992
954,43,4,1019469261
954,1907,4,1019469324
954,1547,5,1019469948
954,1491,3,1019470019
954,1461,4,1019470310
954,658,4,1019471028
954,155,4,1019471846
954,1982,5,1019472254
954,1502,3,1019472318
954,724,4,1019472420
955,837,4,1019473103
955,922,4,1019473845
955,313,4,1019474056
955,392,4,1019474152
955,1549,5,1019474923
955,1391,3,1019475364
955,11,5,1019475859
955,272,5,1019476595
955,423,4,1019476714
955,1365,5,1019477454
955,24,4,1019478131
955,904,4,1019479012
955,1245,4,1019479961
955,1108,3,1019480363
955,930,4,1019480997
955,1039,4,1019481497
955,1618,4,1019482060
955,1816,4,1019482769
955,705,3,1019483360
955,1847,4,1019483971
955,1112,3,1019484411
955,192,5,1019485001
955,435,3,1019485792
955,718,5,1019486289
955,1191,4,1019486726
955,105,4,1019487498
955,235,5,1019487716
955,1146,4,1019488365
955,500,3,1019489093
955,984,5,1019489396
956,1108,3,1019490060
956,837,5,1019490099
956,1362,5,1019490929
956,1056,4,1019490939
956,923,5,1019491584
956,1403,3,1019491601
956,1733,3,1019491618
956,619,5,1019491932
956,215,3,1019492762
956,423,5,1019493414
956,1467,4,1019493776
956,418,4,1019494756
956,319,4,1019495599
956,415,4,1019496182
956,489,4,1019496503
956,631,5,1019497390
956,1111,4,1019498031
956,318,4,1019498736
956,903,3,1019499114
956,1622,4,1019499822
956,1557,4,1019500211
956,1615,5,1019500595
956,1176,4,1019501396
956,1344,4,1019501591
956,38,5,1019502283
956,675,4,1019502584
956,726,5,1019503197
956,860,4,1019503606
956,232,4,1019503832
956,1886,5,1019504056
956,1929,4,1019504344
956,1764,5,1019504832
956,1710,5,1019505454
956,278,4,1019506070
956,1665,4,1019506081
956,718,4,1019506282
956,363,4,1019507066
956,1406,4,1019507854
956,1630,5,1019507888
956,538,5,1019508343
956,394,5,1019509030
956,274,5,1019509201
956,1538,3,1019509226
956,1160,5,1019509901
956,1543,5,1019510369
956,926,4,1019510748
956,71,5,1019511266
956,1276,5,1019511418
956,1421,5,1019512045
956,1919,4,1019512475
956,1938,4,1019512653
956,546,4,1019513323
956,1241,5,1019514172
956,1348,5,1019514301
956,466,4,1019515152
956,392,3,1019515725
956,408,5,1019516002
956,1255,4,1019516903
956,1985,5,1019517545
957,914,5,1019518273
957,580,5,1019518330
957,1105,3,1019518485
957,837,4,1019519209
957,1232,4,1019519597
957,1124,4,1019520053
957,931,4,1019520503
957,177,3,1019520831
957,1108,4,1019521613
957,423,3,1019522482
957,1982,4,1019523191
957,1575,3,1019523964
957,1900,3,1019524083
957,1812,4,1019524606
957,255,5,1019525527
957,1205,4,1019525617
957,1725,5,1019526599
957,451,4,1019526934
957,352,5,1019527764
957,1688,3,1019527920
957,1449,5,1019528453
957,1984,5,1019528592
957,283,3,1019528853
957,937,4,1019529123
957,687,5,1019529230
957,1636,4,1019530090
957,1502,4,1019530573
957,1157,5,1019531328
957,1712,3,1019531712
957,176,5,1019532141
957,1780,4,1019532908
958,810,3,1019532979
958,129,4,1019533858
958,837,3,1019534397
958,1467,5,1019534526
958,423,5,1019535116
958,151,3,1019535636
958,1359,4,1019535801
958,1349,4,1019535967
958,1679,4,1019536050
958,1917,3,1019537032
958,1404,3,1019537533
958,1108,4,1019537741
958,1505,4,1019537935
958,1657,5,1019538633
958,860,4,1019539198
958,865,5,1019539635
958,805,4,1019540252
958,550,4,1019541038
958,1010,4,1019542014
958,1591,4,1019542837
958,359,4,1019543622
958,1335,4,1019544106
958,365,5,1019545057
958,1849,5,1019545364
958,1735,3,1019546147
958,633,5,1019546204
958,1677,4,1019546692
958,1496,4,1019547379
958,1539,3,1019547748
958,1860,5,1019547925
958,15,4,1019548827
958,502,5,1019549517
958,420,4,1019549746
958,5,4,1019550017
958,1969,5,1019550993
958,415,4,1019551347
958,667,3,1019551401
958,574,3,1019552022
958,1847,4,1019552715
958,531,4,1019553176
958,1986,4,1019553214
958,456,4,1019553495
958,1746,3,1019553593
958,1804,4,1019553846
958,707,4,1019554798
958,386,3,1019555475
958,885,4,1019555749
958,1453,5,1019556312
958,1892,4,1019556413
958,753,5,1019556996
958,831,3,1019557085
959,113,4,1019557821
959,45,3,1019558236
959,837,5,1019558331
959,783,5,1019559246
959,423,5,1019559380
959,364,5,1019559673
959,1257,4,1019559974
959,1467,5,1019560650
959,473,5,1019561018
959,1535,3,1019561115
959,1005,5,1019561658
959,684,4,1019561766
959,1285,5,1019561774
959,1791,3,1019562239
959,1116,5,1019562693
959,585,5,1019563067
959,1470,5,1019563998
959,526,4,1019564305
959,1650,4,1019564727
959,656,3,1019564896
959,1178,4,1019565688
959,483,4,1019566620
959,1188,3,1019566704
960,837,4,1019567699
960,1121,4,1019568394
960,1856,5,1019568711
960,441,3,1019569136
960,423,4,1019569879
960,1728,4,1019570530
960,514,4,1019570638
960,989,5,1019571578
960,484,4,1019572369
960,1323,5,1019573205
960,1365,5,1019573701
960,233,4,1019574221
960,1134,5,1019574691
960,1467,4,1019575609
960,1108,5,1019576211
960,270,4,1019576754
960,973,3,1019577045
960,1000,4,1019577605
960,1519,5,1019578453
960,1430,5,1019578541
960,1391,4,1019578565
960,1490,4,1019578654
960,1375,4,1019579385
960,1421,3,1019580174
960,661,5,1019580734
960,41,5,1019581127
960,1557,5,1019581926
960,1059,4,1019582815
960,1825,5,1019583242
960,120,4,1019583558
960,1439,5,1019583959
960,458,4,1019584186
960,1948,3,1019584483
960,948,4,1019585133
960,883,5,1019585519
960,817,3,1019586221
961,1520,3,1019586960
961,264,4,1019587695
961,837,4,1019587929
961,1057,5,1019588910
961,125,5,1019589614
961,423,5,1019589709
961,1108,4,1019590551
961,1842,4,1019590740
961,289,5,1019591396
961,525,4,1019592156
961,1782,5,1019592884
961,576,4,1019593637
961,1988,4,1019593888
961,1095,3,1019594749
961,1399,3,1019595380
961,1089,3,1019595666
961,703,5,1019596026
961,1049,3,1019596394
961,424,4,1019597109
961,1618,3,1019597397
961,1434,4,1019597864
961,751,3,1019598164
961,1586,5,1019598655
961,1517,5,1019598693
961,401,4,1019598861
961,1914,3,1019599373
961,1744,5,1019599378
961,88,5,1019599644
961,1467,4,1019600059
961,1652,4,1019600823
961,1260,4,1019601747
961,1093,4,1019602128
961,1412,4,1019602652
961,385,4,1019603481
961,1509,5,1019604159
961,1745,3,1019604930
961,1546,5,1019605735
961,613,4,1019605845
961,842,4,1019606264
961,1890,4,1019606291
961,1930,5,1019606733
961,1143,4,1019607473
961,1029,4,1019608160
961,699,3,1019608930
961,1295,5,1019609318
961,966,3,1019609705
961,1684,5,1019610697
961,722,4,1019611008
961,1826,5,1019611987
961,1955,3,1019612060
961,1975,4,1019612583
961,1608,4,1019613019
961,1145,4,1019613736
962,837,4,1019613820
962,1108,5,1019614642
962,592,4,1019615447
962,715,4,1019615504
962,8,3,1019616009
962,1088,3,1019616517
962,543,5,1019617370
962,287,5,1019617861
962,1563,4,1019618656
962,361,5,1019619312
962,972,4,1019619809
962,423,3,1019619951
962,1011,3,1019620159
962,163,5,1019620942
962,415,4,1019621218
962,497,3,1019621732
962,1467,4,1019622402
962,1181,5,1019623150
962,1957,5,1019623340
962,1704,3,1019623405
962,603,5,1019624090
962,1687,5,1019624884
962,1465,5,1019625563
962,700,5,1019625877
962,1154,4,1019626583
962,36,4,1019627395
962,655,5,1019628092
962,1,4,1019628866
962,1418,4,1019629740
962,1638,5,1019630209
962,1145,5,1019630618
962,360,3,1019630970
962,226,5,1019631645
962,64,4,1019632290
962,1336,4,1019632448
962,637,3,1019633097
962,1908,4,1019633705
962,1471,4,1019634272
962,315,5,1019635065
962,1338,4,1019635085
962,813,5,1019635556
962,998,4,1019635736
962,1289,4,1019636310
962,839,3,1019637237
962,699,4,1019637665
962,1302,5,1019638353
962,1020,4,1019638400
962,1602,4,1019639346
962,1089,3,1019640330
962,1903,4,1019641002
962,610,4,1019641715
962,1092,5,1019642506
963,837,4,1019643464
963,1589,5,1019643548
963,34,4,1019643946
963,1482,4,1019644240
963,490,5,1019644623
963,869,5,1019644865
963,1004,5,1019645862
963,1413,4,1019646597
963,423,4,1019647496
963,1851,5,1019647874
963,120,5,1019648558
963,660,5,1019649289
963,503,5,1019649767
963,245,5,1019650623
963,1937,5,1019651178
963,1124,5,1019652103
963,1964,4,1019652685
963,1647,4,1019653424
963,1504,4,1019653645
963,1108,5,1019654499
963,430,5,1019655301
963,876,4,1019655826
963,481,5,1019656247
963,1960,5,1019656510
963,1712,4,1019656944
963,649,4,1019657540
963,1537,4,1019658105
963,1427,5,1019658901
963,1886,4,1019659893
963,389,4,1019660667
963,205,3,1019660670
963,1261,3,1019661577
963,1467,4,1019662120
963,184,4,1019662495
963,1362,3,1019663308
963,1644,4,1019663521
963,1225,4,1019663640
963,1363,5,1019664238
963,1502,4,1019664407
963,1232,3,1019665067
963,743,5,1019665322
963,621,4,1019666176
963,739,5,1019666596
963,524,4,1019667081
963,1461,5,1019667928
963,278,4,1019668778
963,1859,3,1019669458
963,661,4,1019670344
963,484,3,1019671242
963,1943,5,1019672199
963,290,5,1019672383
963,1538,4,1019673188
963,397,5,1019674048
963,1415,4,1019674315
964,423,5,1019675255
964,1497,5,1019676194
964,837,5,1019676807
964,229,3,1019677423
964,690,3,1019678013
964,844,5,1019678400
964,1124,4,1019679219
964,1797,4,1019679343
964,1555,3,1019679858
964,876,4,1019680100
964,1488,4,1019680627
964,453,4,1019680630
964,871,3,1019680950
964,1467,5,1019681818
964,1698,3,1019682102
964,822,5,1019682210
964,1866,4,1019682424
964,269,5,1019683026
964,518,5,1019683070
964,490,3,1019683925
964,401,5,1019684030
964,902,3,1019684888
964,1175,5,1019685482
964,1060,3,1019686241
964,415,4,1019686966
964,1610,4,1019687344
964,1108,4,1019688182
964,1516,3,1019688350
964,1411,5,1019689146
964,283,5,1019689731
964,626,4,1019690417
964,1777,4,1019690432
964,1570,5,1019691101
964,30,5,1019691146
964,1086,3,1019691889
964,1265,5,1019691991
964,1013,4,1019692868
964,1449,4,1019693573
964,276,4,1019694248
965,1459,4,1019695054
965,1906,5,1019695262
965,837,5,1019695891
965,1700,5,1019696750
965,1380,4,1019697287
965,697,4,1019697717
965,462,5,1019697767
965,956,5,1019698507
965,927,3,1019699208
965,1108,4,1019699567
965,647,3,1019699938
965,1263,4,1019700317
965,213,3,1019701291
965,100,4,1019702197
965,1009,4,1019702324
965,390,5,1019702444
965,657,4,1019702460
965,1122,5,1019702795
965,1829,4,1019703765
965,1645,4,1019704190
965,423,5,1019704404
965,68,5,1019704536
965,1661,5,1019705476
965,16,5,1019706162
965,467,4,1019706252
965,1114,4,1019706590
965,661,5,1019707079
965,1215,5,1019707165
965,1229,4,1019707542
965,1673,5,1019708531
965,324,5,1019708981
965,1948,4,1019709224
965,1526,4,1019709813
965,1214,4,1019710164
965,775,4,1019710202
965,1098,5,1019711058
965,103,4,1019711916
965,167,3,1019712631
965,559,5,1019712820
965,1979,4,1019712902
966,837,4,1019713355
966,1390,3,1019713390
966,1990,5,1019713649
966,1012,5,1019713891
966,699,5,1019714450
966,1054,5,1019715214
966,1782,3,1019716018
966,1108,5,1019716390
966,21,3,1019716772
966,1221,4,1019717271
966,428,4,1019717276
966,1905,3,1019717328
966,172,5,1019718175
966,1975,5,1019719110
966,1295,4,1019720034
966,312,4,1019720727
966,1209,4,1019721220
966,349,5,1019721519
966,1386,3,1019722299
966,459,4,1019723224
966,368,4,1019723454
966,423,5,1019724285
966,546,3,1019724453
966,225,5,1019725003
966,1071,5,1019725521
966,1995,4,1019726162
966,1442,4,1019726416
966,1478,5,1019727183
966,578,5,1019727254
967,837,5,1019728156
967,559,3,1019729035
967,1168,4,1019729933
967,423,4,1019730506
967,623,4,1019731495
967,1102,3,1019731960
967,1860,3,1019732846
967,1496,4,1019733453
967,1108,5,1019733535
967,658,3,1019733816
967,1091,4,1019734494
967,1051,4,1019734745
967,1636,3,1019734856
967,208,3,1019735182
967,1804,4,1019735921
967,991,4,1019736442
967,974,4,1019737045
967,1397,4,1019737624
967,1550,3,1019737747
967,672,4,1019738497
967,19,4,1019738628
967,774,4,1019739347
967,415,4,1019740222
967,830,5,1019740289
967,1447,3,1019740493
967,35,3,1019741229
967,1380,5,1019741913
967,905,4,1019741999
967,1450,5,1019742438
967,451,4,1019742467
967,1827,4,1019742813
967,1541,5,1019742879
967,654,4,1019743293
967,771,4,1019743396
967,1976,4,1019743440
967,461,4,1019744285
967,1499,5,1019744303
967,1053,4,1019744902
967,527,4,1019745199
967,1689,4,1019745695
967,1165,4,1019746276
967,1674,4,1019746605
967,95,4,1019747270
967,805,5,1019747972
967,324,4,1019748193
967,173,5,1019748593
967,1726,3,1019748702
967,62,5,1019749319
967,1197,4,1019749543
967,1433,4,1019750156
967,932,4,1019750818
967,1563,4,1019750993
967,1251,4,1019751831
967,1203,4,1019752248
967,425,4,1019752321
967,1820,4,1019752580
967,581,5,1019752623
967,1454,5,1019752819
967,1932,5,1019753742
967,1817,4,1019754551
968,837,4,1019755459
968,423,4,1019755962
968,432,4,1019756729
968,1039,4,1019756797
968,556,4,1019757652
968,329,4,1019758132
968,1112,4,1019759015
968,624,5,1019759328
968,1925,5,1019759699
968,978,4,1019760176
968,173,4,1019760480
968,1584,3,1019760643
968,1878,4,1019760955
968,1454,5,1019761393
968,207,5,1019762366
968,1880,5,1019762859
968,985,4,1019763330
968,1627,5,1019763541
968,904,3,1019763780
968,229,3,1019764091
968,799,4,1019764808
968,1964,4,1019765234
968,121,3,1019765993
969,837,4,1019766587
969,618,4,1019766825
969,1845,4,1019767456
969,423,4,1019767936
969,738,4,1019768542
969,1881,5,1019769171
969,1008,5,1019769669
969,431,4,1019769822
969,1108,5,1019770110
969,461,4,1019770511
969,1780,4,1019771144
969,1753,4,1019771865
969,1023,5,1019771950
969,1781,5,1019772869
969,172,4,1019773866
969,32,3,1019774142
969,1301,4,1019774432
969,573,4,1019775041
969,1891,5,1019775590
969,173,3,1019776357
969,255,4,1019776878
969,672,4,1019777546
969,395,5,1019777755
969,134,5,1019778400
969,451,5,1019778923
969,962,3,1019779300
969,1990,4,1019779380
969,274,5,1019780015
969,1171,4,1019780554
969,1995,5,1019781129
969,1457,5,1019781719
969,1447,4,1019781727
969,471,4,1019782538
969,829,4,1019782696
969,556,5,1019783681
970,1825,5,1019784553
970,1134,4,1019785268
970,837,5,1019785925
970,1108,4,1019786473
970,1396,3,1019786601
970,506,5,1019787251
970,628,4,1019787420
970,1419,4,1019788390
970,256,5,1019788540
970,1037,3,1019788743
970,715,4,1019789369
970,425,4,1019789947
970,984,3,1019790887
970,423,5,1019791821
970,1438,5,1019791945
970,644,4,1019792298
970,276,4,1019792655
970,591,5,1019793591
970,817,4,1019793680
970,1367,4,1019794656
970,1624,3,1019794804
970,889,5,1019795072
970,1467,4,1019795996
970,1814,5,1019796059
970,1739,4,1019796706
970,1368,3,1019797175
970,911,4,1019797739
970,1105,4,1019798434
970,643,5,1019799098
970,1365,4,1019799863
970,1617,4,1019800475
970,948,4,1019801242
970,1073,5,1019801723
970,1575,5,1019801767
970,415,4,1019802238
970,1175,4,1019803191
970,316,4,1019803854
970,953,5,1019804051
970,1094,5,1019804721
970,1742,3,1019805190
970,1387,3,1019806157
970,548,4,1019807059
970,1579,3,1019807458
970,77,4,1019808047
970,1060,3,1019808701
970,1039,5,1019809653
970,1350,4,1019810259
970,1660,4,1019810617
970,251,4,1019811314
970,217,4,1019812226
970,876,5,1019812801
970,1314,4,1019812828
970,979,5,1019813673
970,170,4,1019813929
970,995,5,1019814182
970,417,4,1019814591
971,1467,4,1019815181
971,837,5,1019815206
971,1086,4,1019815351
971,1449,3,1019816021
971,884,5,1019816283
971,661,5,1019817141
971,490,4,1019817155
971,423,3,1019817673
971,1381,5,1019817826
971,1199,5,1019818702
971,468,5,1019819670
971,272,3,1019820340
971,1108,4,1019820687
971,415,4,1019821456
971,1139,5,1019821767
971,665,3,1019822469
971,1538,4,1019822862
971,1363,4,1019823709
971,239,5,1019824012
971,1262,5,1019824302
971,887,3,1019824720
971,845,5,1019825403
971,248,4,1019826132
971,1525,3,1019826699
971,945,5,1019826782
971,11,5,1019827344
971,705,4,1019828271
971,1863,4,1019829199
971,710,5,1019829499
971,696,4,1019830428
971,290,5,1019831254
972,1467,4,1019831637
972,719,4,1019832452
972,852,4,1019832499
972,837,3,1019832725
972,1861,3,1019832742
972,610,4,1019832919
972,1108,4,1019833161
972,1374,4,1019833192
972,423,4,1019833909
972,1138,5,1019834022
972,919,3,1019834997
972,456,3,1019835244
972,361,5,1019835976
972,433,5,1019836725
972,195,5,1019836855
972,1223,5,1019837304
972,682,3,1019837715
972,1476,5,1019837882
972,1955,3,1019838495
972,1105,5,1019838576
972,794,4,1019839519
973,1292,4,1019840106
973,877,4,1019840678
973,837,4,1019841399
973,1054,3,1019842260
973,1530,4,1019842713
973,107,5,1019843431
973,1304,3,1019843793
973,1169,4,1019844734
973,1687,5,1019845463
973,887,3,1019845595
973,1876,4,1019845982
973,1999,4,1019846747
973,152,3,1019847284
973,1164,4,1019847935
973,1011,4,1019848423
973,560,3,1019849271
973,617,4,1019849924
973,1896,5,1019850540
973,423,3,1019850566
973,1108,4,1019850617
973,1521,4,1019851101
973,1626,5,1019851924
973,1503,3,1019852811
973,266,4,1019852873
973,90,4,1019853447
973,1474,4,1019854321
973,880,5,1019854578
973,1563,3,1019854584
973,1723,3,1019855165
973,1467,5,1019855368
973,1262,5,1019855602
973,1887,5,1019856475
973,1959,5,1019857398
973,1782,3,1019857944
973,923,3,1019858571
973,197,3,1019859372
974,1108,5,1019859945
974,837,4,1019860778
974,278,5,1019861088
974,1865,5,1019861410
974,1458,4,1019861906
974,1254,3,1019862470
974,1274,5,1019863069
974,1559,4,1019863574
974,253,3,1019863585
974,219,5,1019863987
974,696,4,1019864261
974,950,5,1019865253
974,1279,3,1019865713
974,728,5,1019866386
974,1356,4,1019867299
974,5,5,1019867435
974,1388,5,1019867626
974,1719,5,1019867978
974,721,4,1019868393
974,656,4,1019868917
974,878,4,1019868963
974,423,4,1019869125
974,1414,4,1019869165
974,994,5,1019869315
974,175,4,1019869968
975,625,4,1019870930
975,928,3,1019871513
975,837,3,1019871551
975,1686,5,1019871574
975,634,5,1019872290
975,415,5,1019872485
975,967,4,1019872722
975,614,4,1019873051
975,1330,4,1019873536
975,1193,4,1019874259
975,1235,4,1019874557
975,372,3,1019875419
975,1930,5,1019875793
975,1124,4,1019875873
975,156,4,1019876675
975,693,4,1019876877
975,423,4,1019877369
975,122,4,1019878028
975,440,4,1019879001
975,985,5,1019879858
975,644,5,1019880814
975,1871,4,1019881292
975,1056,5,1019881557
975,828,4,1019881838
975,397,5,1019882248
975,1108,5,1019882963
975,176,4,1019883672
975,1603,5,1019883772
975,1853,3,1019884559
975,154,4,1019885060
975,367,4,1019885326
975,548,3,1019885423
975,1551,4,1019885928
975,983,5,1019886756
975,685,4,1019886915
975,1654,3,1019887578
975,304,4,1019888435
975,66,4,1019888635
975,490,4,1019888751
975,1515,4,1019889552
975,1369,4,1019890046
975,67,4,1019890518
975,302,4,1019890758
975,261,4,1019890839
975,676,4,1019891739
975,329,5,1019892536
975,1410,5,1019892898
975,1646,4,1019892980
975,1712,4,1019893950
975,999,4,1019894351
975,237,3,1019894935
975,73,4,1019895226
975,876,5,1019895797
976,837,4,1019896113
976,1589,3,1019896183
976,883,4,1019897126
976,1773,4,1019898121
976,1286,4,1019898336
976,1204,4,1019899262
976,1701,5,1019900164
976,584,5,1019900732
976,1655,4,1019901730
976,583,5,1019902627
976,18,4,1019902692
976,247,4,1019902820
976,475,3,1019902902
976,1932,4,1019903651
976,744,5,1019904269
976,1108,4,1019905155
976,441,3,1019905365
976,937,5,1019905920
976,945,5,1019906657
976,1741,4,1019907142
976,514,5,1019907343
976,1467,4,1019907600
976,1446,4,1019908001
976,415,3,1019908389
976,1973,5,1019909000
976,461,5,1019909061
976,259,5,1019910005
976,1946,4,1019910717
976,1009,4,1019911684
976,1225,4,1019912671
976,1026,5,1019913025
976,1454,4,1019913608
976,905,5,1019914090
976,40,3,1019914320
976,84,5,1019914822
976,1644,5,1019914826
976,423,5,1019915249
976,241,5,1019915902
977,590,3,1019916232
977,837,5,1019916990
977,490,3,1019917852
977,667,4,1019918624
977,74,4,1019919375
977,831,4,1019919437
977,423,5,1019919490
977,724,5,1019920102
977,919,3,1019920935
977,1858,3,1019921281
977,1090,3,1019921666
977,582,4,1019921808
977,66,4,1019921979
977,75,4,1019922712
977,23,4,1019923032
977,1489,4,1019923665
977,1108,4,1019924595
977,1062,5,1019925254
977,1136,3,1019925275
977,430,5,1019925633
977,567,4,1019925785
977,1900,4,1019926271
977,304,4,1019926563
978,837,5,1019927272
978,1757,3,1019927556
978,1662,5,1019928333
978,883,4,1019928727
978,1214,3,1019929025
978,1310,4,1019929534
978,938,4,1019929988
978,1330,4,1019930015
978,1108,5,1019930821
978,1618,5,1019931559
978,250,5,1019931969
978,311,4,1019932509
978,298,4,1019933074
978,420,3,1019933553
978,1106,4,1019933609
978,1759,4,1019933725
978,145,4,1019934290
978,423,4,1019934412
978,1290,5,1019934923
978,1743,3,1019935323
978,758,4,1019935423
978,241,4,1019935810
978,828,3,1019936352
978,284,4,1019937185
978,1931,4,1019938114
978,1804,3,1019938416
978,186,5,1019938612
978,1851,3,1019939095
978,1291,5,1019939777
978,326,3,1019939838
978,1204,3,1019940448
978,385,5,1019940751
978,154,4,1019941646
978,415,4,1019941788
978,653,3,1019942024
978,1619,5,1019942875
978,353,5,1019943246
978,1838,3,1019943991
978,86,5,1019944321
978,421,5,1019945030
978,1848,4,1019945894
978,1349,4,1019945975
978,1564,5,1019946111
978,1786,4,1019946284
978,259,5,1019946833
978,1829,4,1019947791
978,1669,4,1019948711
978,1393,4,1019949557
978,1993,5,1019950156
978,1930,4,1019950638
978,625,4,1019951479
979,1930,4,1019952397
979,837,5,1019953044
979,1108,3,1019953514
979,1137,5,1019954027
979,240,5,1019954880
979,415,3,1019955772
979,423,4,1019955814
979,1601,5,1019956609
979,1910,4,1019956680
979,1017,4,1019957000
979,1339,5,1019957771
979,1736,3,1019958736
979,967,4,1019959214
979,1745,3,1019959843
979,677,3,1019960486
979,1467,4,1019961388
979,776,4,1019961889
979,1367,5,1019962559
979,1635,3,1019963057
979,1524,3,1019964013
979,894,4,1019964935
979,478,5,1019965532
979,1620,4,1019966018
979,1003,3,1019966347
979,787,4,1019967309
979,756,3,1019968023
979,1532,3,1019968559
979,1846,4,1019969110
979,1172,4,1019970053
979,1560,3,1019971000
979,1151,5,1019971440
979,458,5,1019971609
979,535,3,1019971967
979,1357,4,1019972060
979,82,4,1019972861
979,1368,4,1019973175
979,1353,5,1019974025
979,193,4,1019974030
979,1573,4,1019974060
979,97,3,1019974622
979,350,3,1019974972
979,317,4,1019975411
979,258,3,1019975876
979,1154,5,1019975997
979,1546,3,1019976791
979,1106,3,1019977614
979,842,4,1019978422
979,1789,4,1019978804
979,1158,4,1019978915
979,1832,4,1019979877
979,1617,4,1019980745
979,730,5,1019981228
980,1024,5,1019982001
980,1475,3,1019982127
980,837,4,1019982548
980,809,5,1019983264
980,823,5,1019983331
980,1849,4,1019983516
980,268,4,1019984034
980,1335,5,1019984093
980,418,4,1019984607
980,1399,3,1019985457
980,1813,4,1019986304
980,533,3,1019986538
980,51,4,1019986816
980,1735,4,1019986958
980,1694,3,1019987213
980,1108,3,1019987306
980,812,4,1019987429
980,1557,4,1019987471
980,1961,4,1019987815
980,517,4,1019988813
980,1281,5,1019989424
980,1758,4,1019990248
980,1585,5,1019991073
980,1558,4,1019991846
980,861,4,1019991992
980,1271,4,1019992687
980,798,4,1019993665
980,1467,4,1019994600
980,408,4,1019995420
980,1771,5,1019995945
980,1785,4,1019996445
980,1292,3,1019997349
980,423,4,1019997514
980,1412,4,1019997890
980,1183,4,1019998603
980,38,5,1019998939
980,433,3,1019999427
980,210,3,1020000154
980,966,4,1020000954
980,359,4,1020001674
980,544,3,1020002396
980,416,5,1020002649
980,1914,4,1020002759
980,587,3,1020003651
980,292,5,1020004331
980,1975,4,1020004414
980,1033,5,1020005143
980,1539,5,1020005913
980,104,5,1020006037
981,1735,5,1020006620
981,667,5,1020006996
981,837,4,1020007110
981,601,5,1020007115
981,423,3,1020007242
981,1618,5,1020008136
981,992,4,1020008917
981,1720,4,1020009228
981,415,4,1020010178
981,220,3,1020010643
981,1015,5,1020011097
981,1581,4,1020011310
981,936,5,1020011558
981,1467,4,1020011726
981,1942,3,1020011916
981,816,4,1020012457
981,299,4,1020013281
981,1156,4,1020013591
981,1281,4,1020013771
981,1152,5,1020014243
981,944,5,1020014993
981,1419,4,1020015928
981,728,3,1020016451
981,831,3,1020017097
982,837,4,1020017535
982,1061,4,1020017883
982,72,4,1020018272
982,99,4,1020019263
982,808,4,1020019504
982,514,4,1020019672
982,1526,5,1020019847
982,1867,3,1020019965
982,1572,4,1020020880
982,309,5,1020020967
982,6,4,1020021457
982,1111,5,1020021614
982,1278,5,1020022488
982,61,5,1020022910
982,1687,3,1020022960
982,1306,4,1020023022
982,1887,4,1020023410
982,1047,4,1020023856
982,1600,4,1020024806
982,1221,4,1020025514
982,21,3,1020025762
982,232,5,1020026632
982,1770,5,1020027068
982,1055,4,1020027243
982,1756,4,1020027554
982,441,4,1020028333
982,487,4,1020028925
982,1954,4,1020029685
982,380,4,1020030167
982,423,5,1020030346
982,1705,3,1020031060
982,373,3,1020032042
982,1056,4,1020032404
982,1108,5,1020033048
982,393,3,1020033449
982,1302,3,1020033698
982,1929,4,1020034454
982,584,4,1020034888
982,1548,4,1020035366
982,609,4,1020036017
982,660,4,1020036353
982,409,4,1020036795
982,1266,4,1020037301
982,1467,4,1020037334
982,1020,5,1020037826
982,883,4,1020038167
982,560,5,1020038885
982,637,5,1020039570
982,1432,5,1020040462
982,1503,5,1020040887
983,1166,5,1020041831
983,837,5,1020042394
983,1112,5,1020043096
983,1661,5,1020043398
983,95,4,1020044177
983,1028,3,1020044574
983,787,4,1020045413
983,1350,5,1020046299
983,423,3,1020046829
983,1323,5,1020047080
983,54,5,1020047503
983,262,4,1020047680
983,647,5,1020048243
983,1058,3,1020048381
983,749,5,1020048976
983,600,4,1020049262
983,193,5,1020049728
983,92,5,1020050640
983,426,4,1020050899
983,377,4,1020051409
983,1328,5,1020052343
983,139,5,1020052439
983,462,4,1020053298
983,1923,4,1020053853
983,1763,3,1020054730
983,1467,3,1020055320
983,161,3,1020055761
983,793,4,1020055865
983,399,5,1020056055
983,1056,4,1020056754
983,513,5,1020057586
983,549,3,1020057609
983,431,5,1020057910
983,1108,5,1020058690
983,1063,5,1020058695
983,321,4,1020058785
984,1130,3,1020059426
984,1419,5,1020060096
984,775,4,1020060426
984,1108,3,1020061296
984,1104,4,1020061704
984,1197,4,1020062595
984,837,4,1020062661
984,1381,4,1020063612
984,423,4,1020064379
984,1113,5,1020065121
984,415,4,1020065586
984,1263,3,1020066257
984,1042,5,1020067132
984,551,4,1020067734
984,1142,3,1020067873
984,1150,4,1020068632
984,279,5,1020068964
984,1966,4,1020069803
984,670,4,1020070327
984,866,3,1020070515
984,926,4,1020070974
984,1618,3,1020071063
984,1415,3,1020071810
984,276,3,1020071846
984,1681,5,1020072191
984,1794,3,1020072601
984,133,5,1020073566
984,947,4,1020073794
984,1467,4,1020074404
984,1245,5,1020074409
984,1913,4,1020074449
985,837,5,1020074499
985,618,5,1020074725
985,1728,5,1020075149
985,863,4,1020075364
985,179,3,1020075964
985,423,3,1020076459
985,724,4,1020077426
985,49,3,1020077622
985,923,4,1020078285
985,1704,3,1020079247
985,734,4,1020079256
985,515,5,1020079558
985,1108,3,1020080422
985,1199,3,1020080859
985,702,3,1020081633
985,1286,5,1020081639
985,169,4,1020082397
985,1934,3,1020082684
985,1643,4,1020082891
985,1678,5,1020083185
985,1173,4,1020083446
985,321,5,1020083831
985,1136,5,1020084210
985,379,4,1020084671
985,1431,4,1020084846
985,1171,3,1020085271
985,853,5,1020085395
985,1505,4,1020085830
985,63,5,1020085992
985,1904,4,1020086676
985,415,5,1020087140
985,509,3,1020087155
986,1108,5,1020087495
986,557,5,1020088125
986,837,4,1020088190
986,1818,4,1020088440
986,423,3,1020088964
986,1134,3,1020089121
986,1814,4,1020089497
986,954,5,1020089626
986,983,5,1020090487
986,1176,3,1020091144
986,240,5,1020091613
986,904,4,1020092388
986,1338,4,1020093357
986,1622,5,1020094012
986,847,4,1020094989
986,1420,3,1020095183
986,1301,4,1020095773
986,1191,4,1020096567
986,1938,4,1020096681
986,22,4,1020096777
986,438,5,1020097083
986,67,4,1020097254
986,1989,4,1020097902
986,174,5,1020098146
986,406,5,1020098180
986,75,4,1020098477
986,608,5,1020098980
987,57,5,1020099657
987,837,4,1020100090
987,1276,4,1020100944
987,1916,4,1020101631
987,423,3,1020102148
987,445,5,1020102510
987,617,5,1020102765
987,1606,5,1020103411
987,501,5,1020104374
987,1588,4,1020105188
987,352,3,1020106020
987,505,3,1020106904
987,963,4,1020107820
987,1001,5,1020108478
987,1735,3,1020108636
987,1383,5,1020108652
987,1618,5,1020109157
987,565,4,1020110126
987,545,5,1020110407
987,1396,3,1020110851
987,1917,3,1020111323
987,1760,5,1020112130
987,66,4,1020112883
987,1861,3,1020113864
987,89,3,1020114063
987,1366,3,1020114203
987,541,4,1020114767
987,1403,3,1020115574
987,1254,5,1020116160
987,346,3,1020116391
987,1191,5,1020117278
987,415,4,1020117551
987,1108,4,1020118345
987,874,4,1020119253
987,866,5,1020119632
987,867,4,1020119799
987,67,4,1020120114
987,1630,5,1020120308
987,1480,3,1020120919
988,1152,5,1020121252
988,351,3,1020121501
988,837,5,1020121987
988,404,4,1020122278
988,423,5,1020122747
988,50,5,1020122870
988,127,4,1020122877
988,1590,3,1020123339
988,1161,5,1020124018
988,28,3,1020124296
988,1436,5,1020124419
988,902,4,1020125147
988,952,3,1020125262
988,1965,4,1020125497
988,1419,4,1020125676
988,1667,4,1020126567
988,1372,4,1020127529
988,1782,3,1020128042
988,1704,4,1020128843
988,767,4,1020129737
989,423,4,1020130518
989,1108,4,1020130932
989,1800,5,1020131497
989,1212,4,1020131840
989,837,4,1020132008
989,49,5,1020132719
989,797,3,1020132831
989,1275,4,1020133440
989,1972,4,1020133517
989,1267,3,1020134207
989,1089,5,1020134273
989,211,5,1020135074
989,1780,4,1020135925
989,1467,4,1020136271
989,531,5,1020136291
989,420,5,1020137025
989,1336,4,1020137890
989,923,4,1020138198
989,198,5,1020138776
989,573,4,1020139315
989,459,5,1020140011
989,1423,4,1020140815
989,1555,5,1020141177
989,1177,4,1020142076
989,386,4,1020142868
989,1013,4,1020143504
989,1630,4,1020144384
989,1625,5,1020145204
989,1569,5,1020145565
989,1063,4,1020146019
989,600,3,1020146506
989,1820,4,1020147279
989,1905,5,1020147438
989,1955,4,1020148194
989,19,4,1020148948
989,1352,5,1020149168
989,668,4,1020149929
989,830,4,1020150410
989,62,5,1020150748
989,1256,3,1020150997
989,1875,3,1020151019
989,56,4,1020151664
989,736,4,1020152601
989,87,4,1020153002
989,1804,4,1020153562
989,1566,5,1020154252
990,837,3,1020154775
990,1068,5,1020155748
990,1143,4,1020155973
990,330,4,1020156755
990,1627,4,1020157171
990,1885,3,1020157300
990,1108,3,1020157746
990,475,5,1020158057
990,1618,5,1020158217
990,442,4,1020158252
990,539,3,1020158475
990,610,4,1020158732
990,744,4,1020158993
990,785,5,1020159249
990,1053,4,1020160183
990,185,3,1020160353
990,1684,5,1020160957
990,388,4,1020161927
990,1051,5,1020162806
990,1555,5,1020163182
990,459,3,1020164031
990,1865,5,1020164716
990,572,4,1020165314
990,1228,5,1020165673
990,1582,4,1020166253
990,223,4,1020166885
990,1102,5,1020167744
990,1008,5,1020167818
990,1699,3,1020168452
990,302,4,1020169098
990,882,4,1020169486
990,137,5,1020169672
990,1541,3,1020169970
990,1740,3,1020170331
991,837,5,1020170974
991,40,5,1020171562
991,1339,4,1020172120
991,1545,4,1020172165
991,1702,5,1020172537
991,727,5,1020172726
991,1108,4,1020173015
991,1151,4,1020173757
991,940,5,1020174637
991,765,4,1020175253
991,959,3,1020175630
991,1871,5,1020176186
991,846,4,1020176380
991,1811,4,1020176455
991,870,4,1020176850
991,1028,4,1020177781
991,869,3,1020178436
991,715,4,1020178998
991,1485,5,1020179797
991,904,5,1020180260
991,1467,3,1020180728
991,1841,3,1020181066
991,1034,4,1020181638
991,946,4,1020182551
992,837,4,1020183139
992,1056,4,1020183799
992,1108,4,1020184426
992,423,5,1020184609
992,1097,5,1020185542
992,989,4,1020185548
992,709,4,1020186124
992,1457,4,1020186486
992,380,4,1020187167
992,524,4,1020187833
992,243,5,1020187939
992,233,5,1020188240
992,1829,5,1020188489
992,1589,5,1020189022
992,746,5,1020189546
992,697,5,1020190178
992,484,5,1020190810
992,636,4,1020190948
992,1644,4,1020191820
992,1293,4,1020191881
992,415,4,1020192304
992,1373,4,1020192597
992,1618,4,1020192758
992,739,4,1020193078
992,720,4,1020193186
992,791,5,1020193899
992,1283,4,1020194888
992,1263,3,1020195747
992,546,4,1020196554
992,441,4,1020197268
992,1924,4,1020197523
992,1382,4,1020198075
992,311,4,1020198853
992,808,3,1020199830
992,120,4,1020200226
992,1673,4,1020200690
992,584,3,1020200712
992,661,4,1020201262
992,324,5,1020201738
992,1938,4,1020202686
992,559,4,1020202957
992,157,4,1020203020
992,71,4,1020203305
992,1127,5,1020203943
992,54,5,1020204386
992,1845,4,1020205273
992,503,5,1020205453
992,1990,4,1020206310
992,645,4,1020207266
992,1009,4,1020208015
992,498,3,1020208381
992,1214,3,1020209023
992,406,5,1020209753
992,1059,4,1020210463
992,1221,5,1020210536
992,191,3,1020210547
992,1661,5,1020211378
993,837,3,1020211716
993,238,3,1020212152
993,1108,3,1020212324
993,572,5,1020212718
993,511,5,1020213108
993,1922,4,1020214051
993,273,5,1020214097
993,1828,3,1020214551
993,1242,4,1020215114
993,1159,4,1020216089
993,834,4,1020216683
993,1983,5,1020216739
993,508,3,1020217035
993,7,5,1020217703
993,1085,5,1020218639
993,143,5,1020218775
993,1747,5,1020219672
993,1821,5,1020220050
993,1722,5,1020220798
993,1955,4,1020221269
993,534,3,1020222137
993,1671,3,1020223084
993,651,4,1020224018
993,91,5,1020224799
993,1253,5,1020224850
993,423,4,1020225659
993,906,4,1020225997
993,801,5,1020226624
993,1864,4,1020226688
993,1582,3,1020226749
993,1269,3,1020227178
993,1351,3,1020227758
993,814,4,1020228701
993,769,4,1020229427
993,1494,5,1020229460
993,1685,4,1020229948
993,1926,4,1020230873
993,1216,4,1020230984
993,1500,4,1020231351
993,1298,4,1020231596
993,1476,4,1020231896
993,1570,5,1020232557
993,684,4,1020232892
993,657,4,1020232959
993,10,3,1020233059
993,873,4,1020233301
993,1156,4,1020233548
993,1386,3,1020234141
993,413,4,1020234810
993,336,5,1020235038
993,1414,5,1020236036
993,106,4,1020236417
993,1905,4,1020236723
993,459,4,1020237331
993,950,5,1020237952
994,826,4,1020238250
994,837,4,1020238618
994,343,4,1020238895
994,972,5,1020239301
994,1722,5,1020239761
994,1637,5,1020240402
994,1952,4,1020240451
994,286,5,1020241379
994,1384,4,1020241669
994,423,5,1020242316
994,1108,3,1020242816
994,1314,4,1020243096
994,1340,4,1020243803
994,332,4,1020243835
994,387,4,1020244328
994,1128,4,1020244521
994,1186,4,1020245191
994,1560,4,1020245635
994,1951,4,1020246229
994,182,5,1020246730
994,535,5,1020247228
994,1527,4,1020247666
994,1308,5,1020247788
994,1768,4,1020248031
994,87,5,1020248613
994,1207,4,1020249165
994,1649,4,1020250090
994,1681,4,1020250522
994,506,3,1020250960
994,1056,4,1020251743
994,690,5,1020251933
994,1309,4,1020252394
994,532,5,1020252495
994,351,5,1020252961
994,1576,5,1020253392
994,1581,4,1020253629
994,1797,5,1020254449
994,1072,3,1020254486
994,227,5,1020254782
994,1683,3,1020255396
994,741,5,1020256161
994,1109,4,1020256176
994,558,3,1020256661
994,1298,5,1020257474
994,1897,3,1020257654
994,1138,5,1020258124
994,1621,5,1020258616
994,913,5,1020259194
994,615,4,1020259836
994,595,4,1020260268
994,952,3,1020261079
994,1318,5,1020261616
995,837,5,1020261747
995,1938,5,1020262556
995,21,4,1020263153
995,423,5,1020263882
995,738,3,1020264746
995,1223,3,1020265688
995,1966,4,1020266131
995,72,4,1020267062
995,1150,3,1020267694
995,1467,5,1020268028
995,1511,3,1020268752
995,1780,3,1020269279
995,1108,4,1020269623
995,1929,3,1020270533
995,552,3,1020271218
995,709,5,1020271328
995,1296,4,1020272159
995,995,3,1020272836
995,398,4,1020273740
995,1794,4,1020274179
995,180,4,1020274592
995,1215,4,1020274747
995,363,5,1020275022
995,375,5,1020275727
995,1142,4,1020276613
995,1316,5,1020277023
995,1459,5,1020277427
995,1094,4,1020278069
995,546,3,1020278510
995,559,5,1020279254
995,1551,5,1020279470
995,1651,5,1020280336
995,540,3,1020280763
995,217,4,1020281313
995,896,5,1020282268
995,1579,4,1020282315
995,368,4,1020282965
995,260,4,1020283524
995,1451,5,1020283694
995,1018,4,1020284153
995,1985,5,1020284210
995,784,3,1020284421
995,1935,3,1020285095
995,1056,4,1020285998
995,157,3,1020286474
995,1796,5,1020287115
995,731,4,1020287944
995,1845,3,1020288587
995,800,3,1020288758
995,109,4,1020289461
995,1499,4,1020289780
995,1369,3,1020289798
995,1984,3,1020290016
995,987,3,1020290838
995,1622,3,1020291815
996,1879,3,1020292531
996,526,4,1020293166
996,1058,5,1020293512
996,308,3,1020293708
996,837,4,1020294106
996,1108,4,1020294552
996,423,4,1020294927
996,553,4,1020295728
996,1119,4,1020295862
996,181,3,1020295874
996,467,4,1020296086
996,49,3,1020296459
996,1236,5,1020297069
996,455,4,1020297253
996,324,4,1020297965
996,1767,4,1020298074
996,1312,3,1020298187
996,190,3,1020298620
996,791,5,1020299364
996,1633,4,1020299688
996,1941,5,1020300344
996,1796,4,1020300900
996,801,4,1020301173
996,390,3,1020302130
996,26,5,1020302281
996,246,4,1020302556
996,1098,5,1020303224
996,1467,5,1020303961
996,1650,3,1020304557
996,547,5,1020304729
996,600,5,1020305477
996,1499,5,1020306052
996,1709,4,1020306732
996,1577,5,1020306739
996,1379,4,1020306942
996,457,4,1020307887
996,507,5,1020308344
996,162,4,1020308879
996,713,3,1020309104
996,1328,5,1020310023
996,271,4,1020310841
996,915,3,1020311438
996,7,5,1020312436
996,1801,5,1020313064
996,988,5,1020313661
996,1188,5,1020313911
996,1661,3,1020314753
996,618,5,1020314756
996,70,4,1020315741
996,1459,5,1020316614
996,802,4,1020316627
996,200,4,1020317225
996,1293,5,1020318206
996,1671,4,1020318493
996,1282,4,1020319483
997,33,4,1020320305
997,1171,4,1020321174
997,1108,5,1020322144
997,1935,5,1020322601
997,837,3,1020322660
997,568,4,1020322716
997,73,5,1020322933
997,566,3,1020323749
997,44,5,1020324290
997,1467,3,1020324965
997,962,3,1020325548
997,1518,5,1020326138
997,1056,4,1020326998
997,1330,4,1020327797
997,1554,5,1020328712
997,938,5,1020328973
997,1448,5,1020329893
997,314,4,1020330253
997,1481,3,1020330741
997,712,4,1020330918
997,1564,4,1020331273
997,21,4,1020332176
997,1029,5,1020332441
997,604,5,1020332845
997,72,4,1020333568
998,837,4,1020333885
998,751,4,1020334465
998,1308,5,1020335255
998,1908,4,1020335399
998,1108,5,1020335423
998,423,3,1020335906
998,428,5,1020335987
998,1896,5,1020336403
998,1751,3,1020337358
998,1015,3,1020338125
998,1257,3,1020338878
998,819,5,1020339474
998,1159,5,1020339669
998,201,5,1020340143
998,1267,5,1020340227
998,286,4,1020340938
998,1352,4,1020341848
998,564,4,1020342089
998,1467,5,1020342953
998,821,5,1020342956
998,1388,3,1020343301
998,1826,4,1020343758
998,1725,4,1020344310
998,560,4,1020344596
998,1386,5,1020344738
998,1123,3,1020345603
998,1898,4,1020346400
998,1865,4,1020346664
998,923,4,1020347153
998,91,3,1020347637
998,761,3,1020347977
998,4,4,1020348285
998,1704,4,1020348662
999,8,3,1020349571
999,1143,3,1020350346
999,837,4,1020351285
999,309,4,1020351357
999,1933,3,1020351567
999,1252,5,1020352386
999,1108,4,1020353160
999,443,4,1020353571
999,1336,5,1020354230
999,1604,5,1020354380
999,1835,5,1020354819
999,423,4,1020355396
999,466,3,1020355859
999,1341,4,1020356788
999,701,4,1020357414
999,1774,4,1020358037
999,1495,4,1020358165
999,631,4,1020358490
999,921,3,1020358784
999,1201,4,1020359557
999,918,5,1020359772
999,1595,5,1020360688
999,182,5,1020361241
999,1938,3,1020361246
999,785,3,1020362000
999,1384,4,1020362983
999,857,3,1020363332
999,1621,5,1020363835
999,429,5,1020363938
999,1158,4,1020364255
999,1190,4,1020365064
999,363,3,1020365670
999,1569,4,1020366001
999,738,4,1020366154
999,1935,4,1020366955
999,361,4,1020367801
999,1296,4,1020368235
999,21,4,1020368271
999,1457,3,1020368521
